[2026-09-18T21:17:56.943+0000] {manager.py:470} INFO - Processing files using up to 2 processes at a time 
[2026-09-18T21:17:56.944+0000] {manager.py:471} INFO - Process each file at most once every 30 seconds
[2026-09-18T21:17:56.945+0000] {manager.py:472} INFO - Checking for new files in /opt/airflow/dags every 300 seconds
[2026-09-18T21:17:56.945+0000] {manager.py:737} INFO - Searching for files in /opt/airflow/dags
[2026-09-18T21:17:56.947+0000] {manager.py:740} INFO - There are 0 files in /opt/airflow/dags
[2026-09-18T21:22:57.185+0000] {manager.py:737} INFO - Searching for files in /opt/airflow/dags
[2026-09-18T21:22:57.186+0000] {manager.py:740} INFO - There are 0 files in /opt/airflow/dags
[2026-09-18T21:25:46.043+0000] {manager.py:452} INFO - Exiting gracefully upon receiving signal 15
[2026-09-19T16:54:36.550+0000] {manager.py:470} INFO - Processing files using up to 2 processes at a time 
[2026-09-19T16:54:36.551+0000] {manager.py:471} INFO - Process each file at most once every 30 seconds
[2026-09-19T16:54:36.552+0000] {manager.py:472} INFO - Checking for new files in /opt/airflow/dags every 300 seconds
[2026-09-19T16:54:36.552+0000] {manager.py:737} INFO - Searching for files in /opt/airflow/dags
[2026-09-19T16:54:36.555+0000] {manager.py:740} INFO - There are 1 files in /opt/airflow/dags
[2026-09-19T16:54:36.738+0000] {manager.py:878} INFO - 
================================================================================
DAG File Processing Stats

File Path                                    PID  Runtime      # DAGs    # Errors  Last Runtime    Last Run
-----------------------------------------  -----  ---------  --------  ----------  --------------  ----------
/opt/airflow/dags/weather_pipeline_dag.py    176  0.07s             0           0
================================================================================
[2026-09-19T16:55:06.874+0000] {manager.py:878} INFO - 
================================================================================
DAG File Processing Stats

File Path                                  PID    Runtime      # DAGs    # Errors  Last Runtime    Last Run
-----------------------------------------  -----  ---------  --------  ----------  --------------  -------------------
/opt/airflow/dags/weather_pipeline_dag.py                           1           0  0.75s           2026-09-19T16:54:37
================================================================================
[2026-09-19T16:55:37.749+0000] {manager.py:878} INFO - 
================================================================================
DAG File Processing Stats

File Path                                    PID  Runtime      # DAGs    # Errors  Last Runtime    Last Run
-----------------------------------------  -----  ---------  --------  ----------  --------------  -------------------
/opt/airflow/dags/weather_pipeline_dag.py    189  0.01s             1           0  0.15s           2026-09-19T16:55:07
================================================================================
[2026-09-19T16:56:08.059+0000] {manager.py:878} INFO - 
================================================================================
DAG File Processing Stats

File Path                                    PID  Runtime      # DAGs    # Errors  Last Runtime    Last Run
-----------------------------------------  -----  ---------  --------  ----------  --------------  -------------------
/opt/airflow/dags/weather_pipeline_dag.py    196  0.01s             1           0  0.14s           2026-09-19T16:55:37
================================================================================
[2026-09-19T16:56:38.258+0000] {manager.py:878} INFO - 
================================================================================
DAG File Processing Stats

File Path                                    PID  Runtime      # DAGs    # Errors  Last Runtime    Last Run
-----------------------------------------  -----  ---------  --------  ----------  --------------  -------------------
/opt/airflow/dags/weather_pipeline_dag.py    201  0.00s             1           0  0.14s           2026-09-19T16:56:08
================================================================================
[2026-09-19T16:57:08.560+0000] {manager.py:878} INFO - 
================================================================================
DAG File Processing Stats

File Path                                    PID  Runtime      # DAGs    # Errors  Last Runtime    Last Run
-----------------------------------------  -----  ---------  --------  ----------  --------------  -------------------
/opt/airflow/dags/weather_pipeline_dag.py    206  0.01s             1           0  0.19s           2026-09-19T16:56:38
================================================================================
[2026-09-19T16:57:38.824+0000] {manager.py:878} INFO - 
================================================================================
DAG File Processing Stats

File Path                                    PID  Runtime      # DAGs    # Errors  Last Runtime    Last Run
-----------------------------------------  -----  ---------  --------  ----------  --------------  -------------------
/opt/airflow/dags/weather_pipeline_dag.py    211  0.01s             1           0  0.16s           2026-09-19T16:57:08
================================================================================
[2026-09-19T16:58:09.082+0000] {manager.py:878} INFO - 
================================================================================
DAG File Processing Stats

File Path                                    PID  Runtime      # DAGs    # Errors  Last Runtime    Last Run
-----------------------------------------  -----  ---------  --------  ----------  --------------  -------------------
/opt/airflow/dags/weather_pipeline_dag.py    216  0.00s             1           0  0.16s           2026-09-19T16:57:38
================================================================================
[2026-09-19T16:58:39.343+0000] {manager.py:878} INFO - 
================================================================================
DAG File Processing Stats

File Path                                    PID  Runtime      # DAGs    # Errors  Last Runtime    Last Run
-----------------------------------------  -----  ---------  --------  ----------  --------------  -------------------
/opt/airflow/dags/weather_pipeline_dag.py    221  0.01s             1           0  0.16s           2026-09-19T16:58:09
================================================================================
[2026-09-19T16:59:09.623+0000] {manager.py:878} INFO - 
================================================================================
DAG File Processing Stats

File Path                                    PID  Runtime      # DAGs    # Errors  Last Runtime    Last Run
-----------------------------------------  -----  ---------  --------  ----------  --------------  -------------------
/opt/airflow/dags/weather_pipeline_dag.py    226  0.01s             1           0  0.16s           2026-09-19T16:58:39
================================================================================
[2026-09-19T16:59:36.844+0000] {manager.py:737} INFO - Searching for files in /opt/airflow/dags
[2026-09-19T16:59:36.847+0000] {manager.py:740} INFO - There are 1 files in /opt/airflow/dags
[2026-09-19T16:59:39.907+0000] {manager.py:878} INFO - 
================================================================================
DAG File Processing Stats

File Path                                    PID  Runtime      # DAGs    # Errors  Last Runtime    Last Run
-----------------------------------------  -----  ---------  --------  ----------  --------------  -------------------
/opt/airflow/dags/weather_pipeline_dag.py    231  0.01s             1           0  0.16s           2026-09-19T16:59:09
================================================================================
[2026-09-19T17:00:10.142+0000] {manager.py:878} INFO - 
================================================================================
DAG File Processing Stats

File Path                                    PID  Runtime      # DAGs    # Errors  Last Runtime    Last Run
-----------------------------------------  -----  ---------  --------  ----------  --------------  -------------------
/opt/airflow/dags/weather_pipeline_dag.py    236  0.01s             1           0  0.15s           2026-09-19T16:59:40
================================================================================
[2026-09-19T17:00:40.437+0000] {manager.py:878} INFO - 
================================================================================
DAG File Processing Stats

File Path                                    PID  Runtime      # DAGs    # Errors  Last Runtime    Last Run
-----------------------------------------  -----  ---------  --------  ----------  --------------  -------------------
/opt/airflow/dags/weather_pipeline_dag.py    243  0.01s             1           0  0.14s           2026-09-19T17:00:10
================================================================================
[2026-09-19T17:01:10.654+0000] {manager.py:878} INFO - 
================================================================================
DAG File Processing Stats

File Path                                    PID  Runtime      # DAGs    # Errors  Last Runtime    Last Run
-----------------------------------------  -----  ---------  --------  ----------  --------------  -------------------
/opt/airflow/dags/weather_pipeline_dag.py    250  0.01s             1           0  0.15s           2026-09-19T17:00:40
================================================================================
[2026-09-19T17:01:40.979+0000] {manager.py:878} INFO - 
================================================================================
DAG File Processing Stats

File Path                                    PID  Runtime      # DAGs    # Errors  Last Runtime    Last Run
-----------------------------------------  -----  ---------  --------  ----------  --------------  -------------------
/opt/airflow/dags/weather_pipeline_dag.py    255  0.01s             1           0  0.14s           2026-09-19T17:01:10
================================================================================
[2026-09-19T17:02:11.196+0000] {manager.py:878} INFO - 
================================================================================
DAG File Processing Stats

File Path                                    PID  Runtime      # DAGs    # Errors  Last Runtime    Last Run
-----------------------------------------  -----  ---------  --------  ----------  --------------  -------------------
/opt/airflow/dags/weather_pipeline_dag.py    260  0.01s             1           0  0.14s           2026-09-19T17:01:41
================================================================================
[2026-09-19T17:02:41.522+0000] {manager.py:878} INFO - 
================================================================================
DAG File Processing Stats

File Path                                  PID    Runtime      # DAGs    # Errors  Last Runtime    Last Run
-----------------------------------------  -----  ---------  --------  ----------  --------------  -------------------
/opt/airflow/dags/weather_pipeline_dag.py                           1           0  0.14s           2026-09-19T17:02:37
================================================================================
[2026-09-19T17:03:11.804+0000] {manager.py:878} INFO - 
================================================================================
DAG File Processing Stats

File Path                                  PID    Runtime      # DAGs    # Errors  Last Runtime    Last Run
-----------------------------------------  -----  ---------  --------  ----------  --------------  -------------------
/opt/airflow/dags/weather_pipeline_dag.py                           1           0  0.15s           2026-09-19T17:03:07
================================================================================
[2026-09-19T17:03:42.075+0000] {manager.py:878} INFO - 
================================================================================
DAG File Processing Stats

File Path                                  PID    Runtime      # DAGs    # Errors  Last Runtime    Last Run
-----------------------------------------  -----  ---------  --------  ----------  --------------  -------------------
/opt/airflow/dags/weather_pipeline_dag.py                           1           0  0.26s           2026-09-19T17:03:38
================================================================================
[2026-09-19T17:04:12.440+0000] {manager.py:878} INFO - 
================================================================================
DAG File Processing Stats

File Path                                  PID    Runtime      # DAGs    # Errors  Last Runtime    Last Run
-----------------------------------------  -----  ---------  --------  ----------  --------------  -------------------
/opt/airflow/dags/weather_pipeline_dag.py                           1           0  0.17s           2026-09-19T17:04:08
================================================================================
[2026-09-19T17:04:37.599+0000] {manager.py:737} INFO - Searching for files in /opt/airflow/dags
[2026-09-19T17:04:37.601+0000] {manager.py:740} INFO - There are 1 files in /opt/airflow/dags
[2026-09-19T17:04:42.676+0000] {manager.py:878} INFO - 
================================================================================
DAG File Processing Stats

File Path                                  PID    Runtime      # DAGs    # Errors  Last Runtime    Last Run
-----------------------------------------  -----  ---------  --------  ----------  --------------  -------------------
/opt/airflow/dags/weather_pipeline_dag.py                           1           0  0.15s           2026-09-19T17:04:38
================================================================================
[2026-09-19T17:05:12.987+0000] {manager.py:878} INFO - 
================================================================================
DAG File Processing Stats

File Path                                  PID    Runtime      # DAGs    # Errors  Last Runtime    Last Run
-----------------------------------------  -----  ---------  --------  ----------  --------------  -------------------
/opt/airflow/dags/weather_pipeline_dag.py                           1           0  0.15s           2026-09-19T17:05:08
================================================================================
[2026-09-19T17:05:43.219+0000] {manager.py:878} INFO - 
================================================================================
DAG File Processing Stats

File Path                                  PID    Runtime      # DAGs    # Errors  Last Runtime    Last Run
-----------------------------------------  -----  ---------  --------  ----------  --------------  -------------------
/opt/airflow/dags/weather_pipeline_dag.py                           1           0  0.15s           2026-09-19T17:05:39
================================================================================
[2026-09-19T17:06:13.521+0000] {manager.py:878} INFO - 
================================================================================
DAG File Processing Stats

File Path                                  PID    Runtime      # DAGs    # Errors  Last Runtime    Last Run
-----------------------------------------  -----  ---------  --------  ----------  --------------  -------------------
/opt/airflow/dags/weather_pipeline_dag.py                           1           0  0.19s           2026-09-19T17:06:09
================================================================================
[2026-09-19T17:06:43.793+0000] {manager.py:878} INFO - 
================================================================================
DAG File Processing Stats

File Path                                  PID    Runtime      # DAGs    # Errors  Last Runtime    Last Run
-----------------------------------------  -----  ---------  --------  ----------  --------------  -------------------
/opt/airflow/dags/weather_pipeline_dag.py                           1           0  0.16s           2026-09-19T17:06:39
================================================================================
[2026-09-19T17:07:14.058+0000] {manager.py:878} INFO - 
================================================================================
DAG File Processing Stats

File Path                                  PID    Runtime      # DAGs    # Errors  Last Runtime    Last Run
-----------------------------------------  -----  ---------  --------  ----------  --------------  -------------------
/opt/airflow/dags/weather_pipeline_dag.py                           1           0  0.14s           2026-09-19T17:07:10
================================================================================
[2026-09-19T17:07:44.314+0000] {manager.py:878} INFO - 
================================================================================
DAG File Processing Stats

File Path                                  PID    Runtime      # DAGs    # Errors  Last Runtime    Last Run
-----------------------------------------  -----  ---------  --------  ----------  --------------  -------------------
/opt/airflow/dags/weather_pipeline_dag.py                           1           0  0.16s           2026-09-19T17:07:40
================================================================================
[2026-09-19T17:08:14.580+0000] {manager.py:878} INFO - 
================================================================================
DAG File Processing Stats

File Path                                  PID    Runtime      # DAGs    # Errors  Last Runtime    Last Run
-----------------------------------------  -----  ---------  --------  ----------  --------------  -------------------
/opt/airflow/dags/weather_pipeline_dag.py                           1           0  0.14s           2026-09-19T17:08:10
================================================================================
[2026-09-19T17:08:44.831+0000] {manager.py:878} INFO - 
================================================================================
DAG File Processing Stats

File Path                                  PID    Runtime      # DAGs    # Errors  Last Runtime    Last Run
-----------------------------------------  -----  ---------  --------  ----------  --------------  -------------------
/opt/airflow/dags/weather_pipeline_dag.py                           1           0  0.15s           2026-09-19T17:08:40
================================================================================
[2026-09-19T17:09:15.108+0000] {manager.py:878} INFO - 
================================================================================
DAG File Processing Stats

File Path                                  PID    Runtime      # DAGs    # Errors  Last Runtime    Last Run
-----------------------------------------  -----  ---------  --------  ----------  --------------  -------------------
/opt/airflow/dags/weather_pipeline_dag.py                           1           0  0.17s           2026-09-19T17:09:11
================================================================================
[2026-09-19T17:09:38.238+0000] {manager.py:737} INFO - Searching for files in /opt/airflow/dags
[2026-09-19T17:09:38.239+0000] {manager.py:740} INFO - There are 1 files in /opt/airflow/dags
[2026-09-19T17:09:45.350+0000] {manager.py:878} INFO - 
================================================================================
DAG File Processing Stats

File Path                                  PID    Runtime      # DAGs    # Errors  Last Runtime    Last Run
-----------------------------------------  -----  ---------  --------  ----------  --------------  -------------------
/opt/airflow/dags/weather_pipeline_dag.py                           1           0  0.16s           2026-09-19T17:09:41
================================================================================
[2026-09-19T17:10:15.643+0000] {manager.py:878} INFO - 
================================================================================
DAG File Processing Stats

File Path                                  PID    Runtime      # DAGs    # Errors  Last Runtime    Last Run
-----------------------------------------  -----  ---------  --------  ----------  --------------  -------------------
/opt/airflow/dags/weather_pipeline_dag.py                           1           0  0.16s           2026-09-19T17:10:11
================================================================================
[2026-09-19T17:10:45.883+0000] {manager.py:878} INFO - 
================================================================================
DAG File Processing Stats

File Path                                  PID    Runtime      # DAGs    # Errors  Last Runtime    Last Run
-----------------------------------------  -----  ---------  --------  ----------  --------------  -------------------
/opt/airflow/dags/weather_pipeline_dag.py                           1           0  0.15s           2026-09-19T17:10:41
================================================================================
[2026-09-19T17:11:16.164+0000] {manager.py:878} INFO - 
================================================================================
DAG File Processing Stats

File Path                                  PID    Runtime      # DAGs    # Errors  Last Runtime    Last Run
-----------------------------------------  -----  ---------  --------  ----------  --------------  -------------------
/opt/airflow/dags/weather_pipeline_dag.py                           1           0  0.16s           2026-09-19T17:11:12
================================================================================
[2026-09-19T17:11:46.397+0000] {manager.py:878} INFO - 
================================================================================
DAG File Processing Stats

File Path                                  PID    Runtime      # DAGs    # Errors  Last Runtime    Last Run
-----------------------------------------  -----  ---------  --------  ----------  --------------  -------------------
/opt/airflow/dags/weather_pipeline_dag.py                           1           0  0.14s           2026-09-19T17:11:42
================================================================================
[2026-09-19T17:12:16.670+0000] {manager.py:878} INFO - 
================================================================================
DAG File Processing Stats

File Path                                  PID    Runtime      # DAGs    # Errors  Last Runtime    Last Run
-----------------------------------------  -----  ---------  --------  ----------  --------------  -------------------
/opt/airflow/dags/weather_pipeline_dag.py                           1           0  0.15s           2026-09-19T17:12:12
================================================================================
[2026-09-19T17:12:46.916+0000] {manager.py:878} INFO - 
================================================================================
DAG File Processing Stats

File Path                                  PID    Runtime      # DAGs    # Errors  Last Runtime    Last Run
-----------------------------------------  -----  ---------  --------  ----------  --------------  -------------------
/opt/airflow/dags/weather_pipeline_dag.py                           1           0  0.14s           2026-09-19T17:12:42
================================================================================
[2026-09-19T17:13:17.167+0000] {manager.py:878} INFO - 
================================================================================
DAG File Processing Stats

File Path                                  PID    Runtime      # DAGs    # Errors  Last Runtime    Last Run
-----------------------------------------  -----  ---------  --------  ----------  --------------  -------------------
/opt/airflow/dags/weather_pipeline_dag.py                           1           0  0.25s           2026-09-19T17:13:13
================================================================================
[2026-09-19T17:13:47.546+0000] {manager.py:878} INFO - 
================================================================================
DAG File Processing Stats

File Path                                  PID    Runtime      # DAGs    # Errors  Last Runtime    Last Run
-----------------------------------------  -----  ---------  --------  ----------  --------------  -------------------
/opt/airflow/dags/weather_pipeline_dag.py                           1           0  0.14s           2026-09-19T17:13:43
================================================================================
[2026-09-19T17:14:17.847+0000] {manager.py:878} INFO - 
================================================================================
DAG File Processing Stats

File Path                                  PID    Runtime      # DAGs    # Errors  Last Runtime    Last Run
-----------------------------------------  -----  ---------  --------  ----------  --------------  -------------------
/opt/airflow/dags/weather_pipeline_dag.py                           1           0  0.17s           2026-09-19T17:14:13
================================================================================
[2026-09-19T17:14:38.991+0000] {manager.py:737} INFO - Searching for files in /opt/airflow/dags
[2026-09-19T17:14:38.994+0000] {manager.py:740} INFO - There are 1 files in /opt/airflow/dags
[2026-09-19T17:14:48.117+0000] {manager.py:878} INFO - 
================================================================================
DAG File Processing Stats

File Path                                  PID    Runtime      # DAGs    # Errors  Last Runtime    Last Run
-----------------------------------------  -----  ---------  --------  ----------  --------------  -------------------
/opt/airflow/dags/weather_pipeline_dag.py                           1           0  0.15s           2026-09-19T17:14:44
================================================================================
[2026-09-19T17:15:18.406+0000] {manager.py:878} INFO - 
================================================================================
DAG File Processing Stats

File Path                                  PID    Runtime      # DAGs    # Errors  Last Runtime    Last Run
-----------------------------------------  -----  ---------  --------  ----------  --------------  -------------------
/opt/airflow/dags/weather_pipeline_dag.py                           1           0  0.14s           2026-09-19T17:15:14
================================================================================
[2026-09-19T17:15:48.653+0000] {manager.py:878} INFO - 
================================================================================
DAG File Processing Stats

File Path                                  PID    Runtime      # DAGs    # Errors  Last Runtime    Last Run
-----------------------------------------  -----  ---------  --------  ----------  --------------  -------------------
/opt/airflow/dags/weather_pipeline_dag.py                           1           0  0.14s           2026-09-19T17:15:44
================================================================================
[2026-09-19T17:16:18.940+0000] {manager.py:878} INFO - 
================================================================================
DAG File Processing Stats

File Path                                  PID    Runtime      # DAGs    # Errors  Last Runtime    Last Run
-----------------------------------------  -----  ---------  --------  ----------  --------------  -------------------
/opt/airflow/dags/weather_pipeline_dag.py                           1           0  0.14s           2026-09-19T17:16:14
================================================================================
[2026-09-19T17:16:49.173+0000] {manager.py:878} INFO - 
================================================================================
DAG File Processing Stats

File Path                                  PID    Runtime      # DAGs    # Errors  Last Runtime    Last Run
-----------------------------------------  -----  ---------  --------  ----------  --------------  -------------------
/opt/airflow/dags/weather_pipeline_dag.py                           1           0  0.14s           2026-09-19T17:16:45
================================================================================
[2026-09-19T17:17:19.468+0000] {manager.py:878} INFO - 
================================================================================
DAG File Processing Stats

File Path                                  PID    Runtime      # DAGs    # Errors  Last Runtime    Last Run
-----------------------------------------  -----  ---------  --------  ----------  --------------  -------------------
/opt/airflow/dags/weather_pipeline_dag.py                           1           0  0.15s           2026-09-19T17:17:15
================================================================================
[2026-09-19T17:17:49.708+0000] {manager.py:878} INFO - 
================================================================================
DAG File Processing Stats

File Path                                  PID    Runtime      # DAGs    # Errors  Last Runtime    Last Run
-----------------------------------------  -----  ---------  --------  ----------  --------------  -------------------
/opt/airflow/dags/weather_pipeline_dag.py                           1           0  0.14s           2026-09-19T17:17:45
================================================================================
[2026-09-19T17:18:20.001+0000] {manager.py:878} INFO - 
================================================================================
DAG File Processing Stats

File Path                                  PID    Runtime      # DAGs    # Errors  Last Runtime    Last Run
-----------------------------------------  -----  ---------  --------  ----------  --------------  -------------------
/opt/airflow/dags/weather_pipeline_dag.py                           1           0  0.14s           2026-09-19T17:18:16
================================================================================
[2026-09-19T17:18:50.224+0000] {manager.py:878} INFO - 
================================================================================
DAG File Processing Stats

File Path                                  PID    Runtime      # DAGs    # Errors  Last Runtime    Last Run
-----------------------------------------  -----  ---------  --------  ----------  --------------  -------------------
/opt/airflow/dags/weather_pipeline_dag.py                           1           0  0.14s           2026-09-19T17:18:46
================================================================================
[2026-09-19T17:19:20.514+0000] {manager.py:878} INFO - 
================================================================================
DAG File Processing Stats

File Path                                  PID    Runtime      # DAGs    # Errors  Last Runtime    Last Run
-----------------------------------------  -----  ---------  --------  ----------  --------------  -------------------
/opt/airflow/dags/weather_pipeline_dag.py                           1           0  0.15s           2026-09-19T17:19:16
================================================================================
[2026-09-19T17:19:39.635+0000] {manager.py:737} INFO - Searching for files in /opt/airflow/dags
[2026-09-19T17:19:39.636+0000] {manager.py:740} INFO - There are 1 files in /opt/airflow/dags
[2026-09-19T17:19:50.729+0000] {manager.py:878} INFO - 
================================================================================
DAG File Processing Stats

File Path                                  PID    Runtime      # DAGs    # Errors  Last Runtime    Last Run
-----------------------------------------  -----  ---------  --------  ----------  --------------  -------------------
/opt/airflow/dags/weather_pipeline_dag.py                           1           0  0.30s           2026-09-19T17:19:46
================================================================================
[2026-09-19T17:20:21.210+0000] {manager.py:878} INFO - 
================================================================================
DAG File Processing Stats

File Path                                  PID    Runtime      # DAGs    # Errors  Last Runtime    Last Run
-----------------------------------------  -----  ---------  --------  ----------  --------------  -------------------
/opt/airflow/dags/weather_pipeline_dag.py                           1           0  0.14s           2026-09-19T17:20:17
================================================================================
[2026-09-19T17:20:51.515+0000] {manager.py:878} INFO - 
================================================================================
DAG File Processing Stats

File Path                                  PID    Runtime      # DAGs    # Errors  Last Runtime    Last Run
-----------------------------------------  -----  ---------  --------  ----------  --------------  -------------------
/opt/airflow/dags/weather_pipeline_dag.py                           1           0  0.15s           2026-09-19T17:20:47
================================================================================
[2026-09-19T17:21:21.739+0000] {manager.py:878} INFO - 
================================================================================
DAG File Processing Stats

File Path                                  PID    Runtime      # DAGs    # Errors  Last Runtime    Last Run
-----------------------------------------  -----  ---------  --------  ----------  --------------  -------------------
/opt/airflow/dags/weather_pipeline_dag.py                           1           0  0.14s           2026-09-19T17:21:17
================================================================================
[2026-09-19T17:21:52.043+0000] {manager.py:878} INFO - 
================================================================================
DAG File Processing Stats

File Path                                  PID    Runtime      # DAGs    # Errors  Last Runtime    Last Run
-----------------------------------------  -----  ---------  --------  ----------  --------------  -------------------
/opt/airflow/dags/weather_pipeline_dag.py                           1           0  0.14s           2026-09-19T17:21:48
================================================================================
[2026-09-19T17:22:22.261+0000] {manager.py:878} INFO - 
================================================================================
DAG File Processing Stats

File Path                                  PID    Runtime      # DAGs    # Errors  Last Runtime    Last Run
-----------------------------------------  -----  ---------  --------  ----------  --------------  -------------------
/opt/airflow/dags/weather_pipeline_dag.py                           1           0  0.14s           2026-09-19T17:22:18
================================================================================
[2026-09-19T17:22:52.585+0000] {manager.py:878} INFO - 
================================================================================
DAG File Processing Stats

File Path                                  PID    Runtime      # DAGs    # Errors  Last Runtime    Last Run
-----------------------------------------  -----  ---------  --------  ----------  --------------  -------------------
/opt/airflow/dags/weather_pipeline_dag.py                           1           0  0.15s           2026-09-19T17:22:48
================================================================================
[2026-09-19T17:23:22.812+0000] {manager.py:878} INFO - 
================================================================================
DAG File Processing Stats

File Path                                  PID    Runtime      # DAGs    # Errors  Last Runtime    Last Run
-----------------------------------------  -----  ---------  --------  ----------  --------------  -------------------
/opt/airflow/dags/weather_pipeline_dag.py                           1           0  0.14s           2026-09-19T17:23:18
================================================================================
[2026-09-19T17:23:53.130+0000] {manager.py:878} INFO - 
================================================================================
DAG File Processing Stats

File Path                                  PID    Runtime      # DAGs    # Errors  Last Runtime    Last Run
-----------------------------------------  -----  ---------  --------  ----------  --------------  -------------------
/opt/airflow/dags/weather_pipeline_dag.py                           1           0  0.15s           2026-09-19T17:23:49
================================================================================
[2026-09-19T17:24:23.352+0000] {manager.py:878} INFO - 
================================================================================
DAG File Processing Stats

File Path                                  PID    Runtime      # DAGs    # Errors  Last Runtime    Last Run
-----------------------------------------  -----  ---------  --------  ----------  --------------  -------------------
/opt/airflow/dags/weather_pipeline_dag.py                           1           0  0.15s           2026-09-19T17:24:19
================================================================================
[2026-09-19T17:24:40.478+0000] {manager.py:737} INFO - Searching for files in /opt/airflow/dags
[2026-09-19T17:24:40.480+0000] {manager.py:740} INFO - There are 1 files in /opt/airflow/dags
[2026-09-19T17:24:53.670+0000] {manager.py:878} INFO - 
================================================================================
DAG File Processing Stats

File Path                                  PID    Runtime      # DAGs    # Errors  Last Runtime    Last Run
-----------------------------------------  -----  ---------  --------  ----------  --------------  -------------------
/opt/airflow/dags/weather_pipeline_dag.py                           1           0  0.14s           2026-09-19T17:24:49
================================================================================
[2026-09-19T17:25:23.902+0000] {manager.py:878} INFO - 
================================================================================
DAG File Processing Stats

File Path                                  PID    Runtime      # DAGs    # Errors  Last Runtime    Last Run
-----------------------------------------  -----  ---------  --------  ----------  --------------  -------------------
/opt/airflow/dags/weather_pipeline_dag.py                           1           0  0.14s           2026-09-19T17:25:19
================================================================================
[2026-09-19T17:25:54.186+0000] {manager.py:878} INFO - 
================================================================================
DAG File Processing Stats

File Path                                  PID    Runtime      # DAGs    # Errors  Last Runtime    Last Run
-----------------------------------------  -----  ---------  --------  ----------  --------------  -------------------
/opt/airflow/dags/weather_pipeline_dag.py                           1           0  0.14s           2026-09-19T17:25:50
================================================================================
[2026-09-19T17:26:24.421+0000] {manager.py:878} INFO - 
================================================================================
DAG File Processing Stats

File Path                                  PID    Runtime      # DAGs    # Errors  Last Runtime    Last Run
-----------------------------------------  -----  ---------  --------  ----------  --------------  -------------------
/opt/airflow/dags/weather_pipeline_dag.py                           1           0  0.14s           2026-09-19T17:26:20
================================================================================
[2026-09-19T17:26:54.697+0000] {manager.py:878} INFO - 
================================================================================
DAG File Processing Stats

File Path                                  PID    Runtime      # DAGs    # Errors  Last Runtime    Last Run
-----------------------------------------  -----  ---------  --------  ----------  --------------  -------------------
/opt/airflow/dags/weather_pipeline_dag.py                           1           0  0.14s           2026-09-19T17:26:50
================================================================================
[2026-09-19T17:27:24.935+0000] {manager.py:878} INFO - 
================================================================================
DAG File Processing Stats

File Path                                  PID    Runtime      # DAGs    # Errors  Last Runtime    Last Run
-----------------------------------------  -----  ---------  --------  ----------  --------------  -------------------
/opt/airflow/dags/weather_pipeline_dag.py                           1           0  0.15s           2026-09-19T17:27:21
================================================================================
[2026-09-19T17:27:55.208+0000] {manager.py:878} INFO - 
================================================================================
DAG File Processing Stats

File Path                                  PID    Runtime      # DAGs    # Errors  Last Runtime    Last Run
-----------------------------------------  -----  ---------  --------  ----------  --------------  -------------------
/opt/airflow/dags/weather_pipeline_dag.py                           1           0  0.15s           2026-09-19T17:27:51
================================================================================
[2026-09-19T17:28:25.422+0000] {manager.py:878} INFO - 
================================================================================
DAG File Processing Stats

File Path                                  PID    Runtime      # DAGs    # Errors  Last Runtime    Last Run
-----------------------------------------  -----  ---------  --------  ----------  --------------  -------------------
/opt/airflow/dags/weather_pipeline_dag.py                           1           0  0.14s           2026-09-19T17:28:21
================================================================================
[2026-09-19T17:28:55.672+0000] {manager.py:878} INFO - 
================================================================================
DAG File Processing Stats

File Path                                  PID    Runtime      # DAGs    # Errors  Last Runtime    Last Run
-----------------------------------------  -----  ---------  --------  ----------  --------------  -------------------
/opt/airflow/dags/weather_pipeline_dag.py                           1           0  0.15s           2026-09-19T17:28:51
================================================================================
[2026-09-19T17:29:25.925+0000] {manager.py:878} INFO - 
================================================================================
DAG File Processing Stats

File Path                                  PID    Runtime      # DAGs    # Errors  Last Runtime    Last Run
-----------------------------------------  -----  ---------  --------  ----------  --------------  -------------------
/opt/airflow/dags/weather_pipeline_dag.py                           1           0  0.21s           2026-09-19T17:29:22
================================================================================
[2026-09-19T17:29:41.019+0000] {manager.py:737} INFO - Searching for files in /opt/airflow/dags
[2026-09-19T17:29:41.022+0000] {manager.py:740} INFO - There are 1 files in /opt/airflow/dags
[2026-09-19T17:29:56.220+0000] {manager.py:878} INFO - 
================================================================================
DAG File Processing Stats

File Path                                  PID    Runtime      # DAGs    # Errors  Last Runtime    Last Run
-----------------------------------------  -----  ---------  --------  ----------  --------------  -------------------
/opt/airflow/dags/weather_pipeline_dag.py                           1           0  0.15s           2026-09-19T17:29:52
================================================================================
[2026-09-19T17:30:26.450+0000] {manager.py:878} INFO - 
================================================================================
DAG File Processing Stats

File Path                                  PID    Runtime      # DAGs    # Errors  Last Runtime    Last Run
-----------------------------------------  -----  ---------  --------  ----------  --------------  -------------------
/opt/airflow/dags/weather_pipeline_dag.py                           1           0  0.18s           2026-09-19T17:30:21
================================================================================
[2026-09-19T17:30:56.797+0000] {manager.py:878} INFO - 
================================================================================
DAG File Processing Stats

File Path                                  PID    Runtime      # DAGs    # Errors  Last Runtime    Last Run
-----------------------------------------  -----  ---------  --------  ----------  --------------  -------------------
/opt/airflow/dags/weather_pipeline_dag.py                           1           0  0.26s           2026-09-19T17:30:47
================================================================================
[2026-09-19T17:31:27.065+0000] {manager.py:878} INFO - 
================================================================================
DAG File Processing Stats

File Path                                  PID    Runtime      # DAGs    # Errors  Last Runtime    Last Run
-----------------------------------------  -----  ---------  --------  ----------  --------------  -------------------
/opt/airflow/dags/weather_pipeline_dag.py                           1           0  0.14s           2026-09-19T17:31:18
================================================================================
[2026-09-19T17:31:57.321+0000] {manager.py:878} INFO - 
================================================================================
DAG File Processing Stats

File Path                                  PID    Runtime      # DAGs    # Errors  Last Runtime    Last Run
-----------------------------------------  -----  ---------  --------  ----------  --------------  -------------------
/opt/airflow/dags/weather_pipeline_dag.py                           1           0  0.19s           2026-09-19T17:31:48
================================================================================
[2026-09-19T17:32:27.609+0000] {manager.py:878} INFO - 
================================================================================
DAG File Processing Stats

File Path                                  PID    Runtime      # DAGs    # Errors  Last Runtime    Last Run
-----------------------------------------  -----  ---------  --------  ----------  --------------  -------------------
/opt/airflow/dags/weather_pipeline_dag.py                           1           0  0.16s           2026-09-19T17:32:09
================================================================================
[2026-09-19T17:32:57.943+0000] {manager.py:878} INFO - 
================================================================================
DAG File Processing Stats

File Path                                  PID    Runtime      # DAGs    # Errors  Last Runtime    Last Run
-----------------------------------------  -----  ---------  --------  ----------  --------------  -------------------
/opt/airflow/dags/weather_pipeline_dag.py                           0           1  0.08s           2026-09-19T17:32:49
================================================================================
[2026-09-19T17:33:28.204+0000] {manager.py:878} INFO - 
================================================================================
DAG File Processing Stats

File Path                                  PID    Runtime      # DAGs    # Errors  Last Runtime    Last Run
-----------------------------------------  -----  ---------  --------  ----------  --------------  -------------------
/opt/airflow/dags/weather_pipeline_dag.py                           0           1  0.08s           2026-09-19T17:33:20
================================================================================
[2026-09-19T17:33:58.430+0000] {manager.py:878} INFO - 
================================================================================
DAG File Processing Stats

File Path                                  PID    Runtime      # DAGs    # Errors  Last Runtime    Last Run
-----------------------------------------  -----  ---------  --------  ----------  --------------  -------------------
/opt/airflow/dags/weather_pipeline_dag.py                           0           1  0.07s           2026-09-19T17:33:50
================================================================================
[2026-09-19T17:34:28.646+0000] {manager.py:878} INFO - 
================================================================================
DAG File Processing Stats

File Path                                  PID    Runtime      # DAGs    # Errors  Last Runtime    Last Run
-----------------------------------------  -----  ---------  --------  ----------  --------------  -------------------
/opt/airflow/dags/weather_pipeline_dag.py                           0           1  0.07s           2026-09-19T17:34:20
================================================================================
[2026-09-19T17:34:41.731+0000] {manager.py:737} INFO - Searching for files in /opt/airflow/dags
[2026-09-19T17:34:41.734+0000] {manager.py:740} INFO - There are 1 files in /opt/airflow/dags
[2026-09-19T17:34:58.862+0000] {manager.py:878} INFO - 
================================================================================
DAG File Processing Stats

File Path                                  PID    Runtime      # DAGs    # Errors  Last Runtime    Last Run
-----------------------------------------  -----  ---------  --------  ----------  --------------  -------------------
/opt/airflow/dags/weather_pipeline_dag.py                           0           1  0.10s           2026-09-19T17:34:50
================================================================================
[2026-09-19T17:35:29.107+0000] {manager.py:878} INFO - 
================================================================================
DAG File Processing Stats

File Path                                  PID    Runtime      # DAGs    # Errors  Last Runtime    Last Run
-----------------------------------------  -----  ---------  --------  ----------  --------------  -------------------
/opt/airflow/dags/weather_pipeline_dag.py                           0           1  0.08s           2026-09-19T17:35:21
================================================================================
[2026-09-19T17:35:59.283+0000] {manager.py:878} INFO - 
================================================================================
DAG File Processing Stats

File Path                                  PID    Runtime      # DAGs    # Errors  Last Runtime    Last Run
-----------------------------------------  -----  ---------  --------  ----------  --------------  -------------------
/opt/airflow/dags/weather_pipeline_dag.py                           0           1  0.15s           2026-09-19T17:35:51
================================================================================
[2026-09-19T17:36:29.461+0000] {manager.py:878} INFO - 
================================================================================
DAG File Processing Stats

File Path                                  PID    Runtime      # DAGs    # Errors  Last Runtime    Last Run
-----------------------------------------  -----  ---------  --------  ----------  --------------  -------------------
/opt/airflow/dags/weather_pipeline_dag.py                           0           1  0.08s           2026-09-19T17:36:14
================================================================================
[2026-09-19T17:36:59.728+0000] {manager.py:878} INFO - 
================================================================================
DAG File Processing Stats

File Path                                  PID    Runtime      # DAGs    # Errors  Last Runtime    Last Run
-----------------------------------------  -----  ---------  --------  ----------  --------------  -------------------
/opt/airflow/dags/weather_pipeline_dag.py                           0           1  0.07s           2026-09-19T17:36:46
================================================================================
[2026-09-19T17:37:29.961+0000] {manager.py:878} INFO - 
================================================================================
DAG File Processing Stats

File Path                                  PID    Runtime      # DAGs    # Errors  Last Runtime    Last Run
-----------------------------------------  -----  ---------  --------  ----------  --------------  -------------------
/opt/airflow/dags/weather_pipeline_dag.py                           0           1  0.08s           2026-09-19T17:37:16
================================================================================
[2026-09-19T17:38:00.200+0000] {manager.py:878} INFO - 
================================================================================
DAG File Processing Stats

File Path                                  PID    Runtime      # DAGs    # Errors  Last Runtime    Last Run
-----------------------------------------  -----  ---------  --------  ----------  --------------  -------------------
/opt/airflow/dags/weather_pipeline_dag.py                           0           1  0.08s           2026-09-19T17:37:47
================================================================================
[2026-09-19T17:38:30.425+0000] {manager.py:878} INFO - 
================================================================================
DAG File Processing Stats

File Path                                  PID    Runtime      # DAGs    # Errors  Last Runtime    Last Run
-----------------------------------------  -----  ---------  --------  ----------  --------------  -------------------
/opt/airflow/dags/weather_pipeline_dag.py                           0           1  0.08s           2026-09-19T17:38:17
================================================================================
[2026-09-19T17:39:00.652+0000] {manager.py:878} INFO - 
================================================================================
DAG File Processing Stats

File Path                                  PID    Runtime      # DAGs    # Errors  Last Runtime    Last Run
-----------------------------------------  -----  ---------  --------  ----------  --------------  -------------------
/opt/airflow/dags/weather_pipeline_dag.py                           0           1  0.08s           2026-09-19T17:38:47
================================================================================
[2026-09-19T17:39:30.893+0000] {manager.py:878} INFO - 
================================================================================
DAG File Processing Stats

File Path                                  PID    Runtime      # DAGs    # Errors  Last Runtime    Last Run
-----------------------------------------  -----  ---------  --------  ----------  --------------  -------------------
/opt/airflow/dags/weather_pipeline_dag.py                           0           1  0.08s           2026-09-19T17:39:17
================================================================================
[2026-09-19T17:39:41.966+0000] {manager.py:737} INFO - Searching for files in /opt/airflow/dags
[2026-09-19T17:39:41.969+0000] {manager.py:740} INFO - There are 1 files in /opt/airflow/dags
[2026-09-19T17:40:01.123+0000] {manager.py:878} INFO - 
================================================================================
DAG File Processing Stats

File Path                                  PID    Runtime      # DAGs    # Errors  Last Runtime    Last Run
-----------------------------------------  -----  ---------  --------  ----------  --------------  -------------------
/opt/airflow/dags/weather_pipeline_dag.py                           0           1  0.08s           2026-09-19T17:39:48
================================================================================
[2026-09-19T17:40:31.349+0000] {manager.py:878} INFO - 
================================================================================
DAG File Processing Stats

File Path                                  PID    Runtime      # DAGs    # Errors  Last Runtime    Last Run
-----------------------------------------  -----  ---------  --------  ----------  --------------  -------------------
/opt/airflow/dags/weather_pipeline_dag.py                           0           1  0.08s           2026-09-19T17:40:04
================================================================================
[2026-09-19T17:41:01.649+0000] {manager.py:878} INFO - 
================================================================================
DAG File Processing Stats

File Path                                  PID    Runtime      # DAGs    # Errors  Last Runtime    Last Run
-----------------------------------------  -----  ---------  --------  ----------  --------------  -------------------
/opt/airflow/dags/weather_pipeline_dag.py                           1           0  0.28s           2026-09-19T17:40:39
================================================================================
[2026-09-19T17:41:32.039+0000] {manager.py:878} INFO - 
================================================================================
DAG File Processing Stats

File Path                                  PID    Runtime      # DAGs    # Errors  Last Runtime    Last Run
-----------------------------------------  -----  ---------  --------  ----------  --------------  -------------------
/opt/airflow/dags/weather_pipeline_dag.py                           1           0  0.15s           2026-09-19T17:41:10
================================================================================
[2026-09-19T17:42:02.353+0000] {manager.py:878} INFO - 
================================================================================
DAG File Processing Stats

File Path                                  PID    Runtime      # DAGs    # Errors  Last Runtime    Last Run
-----------------------------------------  -----  ---------  --------  ----------  --------------  -------------------
/opt/airflow/dags/weather_pipeline_dag.py                           1           0  0.16s           2026-09-19T17:41:40
================================================================================
[2026-09-19T17:42:32.564+0000] {manager.py:878} INFO - 
================================================================================
DAG File Processing Stats

File Path                                  PID    Runtime      # DAGs    # Errors  Last Runtime    Last Run
-----------------------------------------  -----  ---------  --------  ----------  --------------  -------------------
/opt/airflow/dags/weather_pipeline_dag.py                           1           0  0.14s           2026-09-19T17:42:10
================================================================================
[2026-09-19T17:43:02.866+0000] {manager.py:878} INFO - 
================================================================================
DAG File Processing Stats

File Path                                  PID    Runtime      # DAGs    # Errors  Last Runtime    Last Run
-----------------------------------------  -----  ---------  --------  ----------  --------------  -------------------
/opt/airflow/dags/weather_pipeline_dag.py                           1           0  0.15s           2026-09-19T17:42:40
================================================================================
[2026-09-19T17:43:33.095+0000] {manager.py:878} INFO - 
================================================================================
DAG File Processing Stats

File Path                                  PID    Runtime      # DAGs    # Errors  Last Runtime    Last Run
-----------------------------------------  -----  ---------  --------  ----------  --------------  -------------------
/opt/airflow/dags/weather_pipeline_dag.py                           1           0  0.15s           2026-09-19T17:43:11
================================================================================
[2026-09-19T17:44:03.395+0000] {manager.py:878} INFO - 
================================================================================
DAG File Processing Stats

File Path                                  PID    Runtime      # DAGs    # Errors  Last Runtime    Last Run
-----------------------------------------  -----  ---------  --------  ----------  --------------  -------------------
/opt/airflow/dags/weather_pipeline_dag.py                           1           0  0.15s           2026-09-19T17:43:41
================================================================================
[2026-09-19T17:44:33.626+0000] {manager.py:878} INFO - 
================================================================================
DAG File Processing Stats

File Path                                  PID    Runtime      # DAGs    # Errors  Last Runtime    Last Run
-----------------------------------------  -----  ---------  --------  ----------  --------------  -------------------
/opt/airflow/dags/weather_pipeline_dag.py                           1           0  0.14s           2026-09-19T17:44:11
================================================================================
[2026-09-19T17:44:42.774+0000] {manager.py:737} INFO - Searching for files in /opt/airflow/dags
[2026-09-19T17:44:42.778+0000] {manager.py:740} INFO - There are 1 files in /opt/airflow/dags
[2026-09-19T17:45:03.951+0000] {manager.py:878} INFO - 
================================================================================
DAG File Processing Stats

File Path                                  PID    Runtime      # DAGs    # Errors  Last Runtime    Last Run
-----------------------------------------  -----  ---------  --------  ----------  --------------  -------------------
/opt/airflow/dags/weather_pipeline_dag.py                           1           0  0.14s           2026-09-19T17:44:41
================================================================================
[2026-09-19T17:45:34.155+0000] {manager.py:878} INFO - 
================================================================================
DAG File Processing Stats

File Path                                  PID    Runtime      # DAGs    # Errors  Last Runtime    Last Run
-----------------------------------------  -----  ---------  --------  ----------  --------------  -------------------
/opt/airflow/dags/weather_pipeline_dag.py                           1           0  0.14s           2026-09-19T17:45:12
================================================================================
[2026-09-19T17:46:04.442+0000] {manager.py:878} INFO - 
================================================================================
DAG File Processing Stats

File Path                                  PID    Runtime      # DAGs    # Errors  Last Runtime    Last Run
-----------------------------------------  -----  ---------  --------  ----------  --------------  -------------------
/opt/airflow/dags/weather_pipeline_dag.py                           1           0  0.15s           2026-09-19T17:45:42
================================================================================
[2026-09-19T17:46:34.664+0000] {manager.py:878} INFO - 
================================================================================
DAG File Processing Stats

File Path                                  PID    Runtime      # DAGs    # Errors  Last Runtime    Last Run
-----------------------------------------  -----  ---------  --------  ----------  --------------  -------------------
/opt/airflow/dags/weather_pipeline_dag.py                           1           0  0.15s           2026-09-19T17:46:12
================================================================================
[2026-09-19T17:47:04.964+0000] {manager.py:878} INFO - 
================================================================================
DAG File Processing Stats

File Path                                  PID    Runtime      # DAGs    # Errors  Last Runtime    Last Run
-----------------------------------------  -----  ---------  --------  ----------  --------------  -------------------
/opt/airflow/dags/weather_pipeline_dag.py                           1           0  0.15s           2026-09-19T17:46:42
================================================================================
[2026-09-19T17:47:35.135+0000] {manager.py:878} INFO - 
================================================================================
DAG File Processing Stats

File Path                                  PID    Runtime      # DAGs    # Errors  Last Runtime    Last Run
-----------------------------------------  -----  ---------  --------  ----------  --------------  -------------------
/opt/airflow/dags/weather_pipeline_dag.py                           1           0  0.14s           2026-09-19T17:47:13
================================================================================
[2026-09-19T17:48:05.421+0000] {manager.py:878} INFO - 
================================================================================
DAG File Processing Stats

File Path                                  PID    Runtime      # DAGs    # Errors  Last Runtime    Last Run
-----------------------------------------  -----  ---------  --------  ----------  --------------  -------------------
/opt/airflow/dags/weather_pipeline_dag.py                           1           0  0.16s           2026-09-19T17:47:43
================================================================================
[2026-09-19T17:48:35.620+0000] {manager.py:878} INFO - 
================================================================================
DAG File Processing Stats

File Path                                  PID    Runtime      # DAGs    # Errors  Last Runtime    Last Run
-----------------------------------------  -----  ---------  --------  ----------  --------------  -------------------
/opt/airflow/dags/weather_pipeline_dag.py                           1           0  0.13s           2026-09-19T17:48:13
================================================================================
[2026-09-19T17:49:05.910+0000] {manager.py:878} INFO - 
================================================================================
DAG File Processing Stats

File Path                                    PID  Runtime      # DAGs    # Errors  Last Runtime    Last Run
-----------------------------------------  -----  ---------  --------  ----------  --------------  -------------------
/opt/airflow/dags/weather_pipeline_dag.py    841  0.01s             1           0  0.14s           2026-09-19T17:48:43
================================================================================
[2026-09-19T17:49:36.128+0000] {manager.py:878} INFO - 
================================================================================
DAG File Processing Stats

File Path                                  PID    Runtime      # DAGs    # Errors  Last Runtime    Last Run
-----------------------------------------  -----  ---------  --------  ----------  --------------  -------------------
/opt/airflow/dags/weather_pipeline_dag.py                           1           0  0.27s           2026-09-19T17:49:06
================================================================================
[2026-09-19T17:49:43.411+0000] {manager.py:737} INFO - Searching for files in /opt/airflow/dags
[2026-09-19T17:49:43.414+0000] {manager.py:740} INFO - There are 1 files in /opt/airflow/dags
[2026-09-19T17:50:06.571+0000] {manager.py:878} INFO - 
================================================================================
DAG File Processing Stats

File Path                                    PID  Runtime      # DAGs    # Errors  Last Runtime    Last Run
-----------------------------------------  -----  ---------  --------  ----------  --------------  -------------------
/opt/airflow/dags/weather_pipeline_dag.py    851  0.01s             1           0  0.14s           2026-09-19T17:49:36
================================================================================
[2026-09-19T17:50:36.910+0000] {manager.py:878} INFO - 
================================================================================
DAG File Processing Stats

File Path                                  PID    Runtime      # DAGs    # Errors  Last Runtime    Last Run
-----------------------------------------  -----  ---------  --------  ----------  --------------  -------------------
/opt/airflow/dags/weather_pipeline_dag.py                           1           0  0.15s           2026-09-19T17:50:13
================================================================================
[2026-09-19T17:51:07.269+0000] {manager.py:878} INFO - 
================================================================================
DAG File Processing Stats

File Path                                  PID    Runtime      # DAGs    # Errors  Last Runtime    Last Run
-----------------------------------------  -----  ---------  --------  ----------  --------------  -------------------
/opt/airflow/dags/weather_pipeline_dag.py                           0           1  0.08s           2026-09-19T17:50:55
================================================================================
[2026-09-19T17:51:37.505+0000] {manager.py:878} INFO - 
================================================================================
DAG File Processing Stats

File Path                                    PID  Runtime      # DAGs    # Errors  Last Runtime    Last Run
-----------------------------------------  -----  ---------  --------  ----------  --------------  -------------------
/opt/airflow/dags/weather_pipeline_dag.py    881  0.01s             0           1  0.08s           2026-09-19T17:51:25
================================================================================
[2026-09-19T17:52:07.760+0000] {manager.py:878} INFO - 
================================================================================
DAG File Processing Stats

File Path                                    PID  Runtime      # DAGs    # Errors  Last Runtime    Last Run
-----------------------------------------  -----  ---------  --------  ----------  --------------  -------------------
/opt/airflow/dags/weather_pipeline_dag.py    886  0.01s             0           1  0.11s           2026-09-19T17:51:37
================================================================================
[2026-09-19T17:52:37.987+0000] {manager.py:878} INFO - 
================================================================================
DAG File Processing Stats

File Path                                    PID  Runtime      # DAGs    # Errors  Last Runtime    Last Run
-----------------------------------------  -----  ---------  --------  ----------  --------------  -------------------
/opt/airflow/dags/weather_pipeline_dag.py    891  0.01s             0           1  0.08s           2026-09-19T17:52:07
================================================================================
[2026-09-19T17:53:08.237+0000] {manager.py:878} INFO - 
================================================================================
DAG File Processing Stats

File Path                                  PID    Runtime      # DAGs    # Errors  Last Runtime    Last Run
-----------------------------------------  -----  ---------  --------  ----------  --------------  -------------------
/opt/airflow/dags/weather_pipeline_dag.py                           0           1  0.10s           2026-09-19T17:52:55
================================================================================
[2026-09-19T17:53:38.477+0000] {manager.py:878} INFO - 
================================================================================
DAG File Processing Stats

File Path                                  PID    Runtime      # DAGs    # Errors  Last Runtime    Last Run
-----------------------------------------  -----  ---------  --------  ----------  --------------  -------------------
/opt/airflow/dags/weather_pipeline_dag.py                           0           1  0.09s           2026-09-19T17:53:25
================================================================================
[2026-09-19T17:54:08.708+0000] {manager.py:878} INFO - 
================================================================================
DAG File Processing Stats

File Path                                  PID    Runtime      # DAGs    # Errors  Last Runtime    Last Run
-----------------------------------------  -----  ---------  --------  ----------  --------------  -------------------
/opt/airflow/dags/weather_pipeline_dag.py                           0           1  0.08s           2026-09-19T17:53:55
================================================================================
[2026-09-19T17:54:38.989+0000] {manager.py:878} INFO - 
================================================================================
DAG File Processing Stats

File Path                                  PID    Runtime      # DAGs    # Errors  Last Runtime    Last Run
-----------------------------------------  -----  ---------  --------  ----------  --------------  -------------------
/opt/airflow/dags/weather_pipeline_dag.py                           1           0  0.29s           2026-09-19T17:54:30
================================================================================
[2026-09-19T17:54:44.027+0000] {manager.py:737} INFO - Searching for files in /opt/airflow/dags
[2026-09-19T17:54:44.029+0000] {manager.py:740} INFO - There are 1 files in /opt/airflow/dags
[2026-09-19T17:55:09.368+0000] {manager.py:878} INFO - 
================================================================================
DAG File Processing Stats

File Path                                  PID    Runtime      # DAGs    # Errors  Last Runtime    Last Run
-----------------------------------------  -----  ---------  --------  ----------  --------------  -------------------
/opt/airflow/dags/weather_pipeline_dag.py                           1           0  0.16s           2026-09-19T17:55:00
================================================================================
[2026-09-19T17:55:39.581+0000] {manager.py:878} INFO - 
================================================================================
DAG File Processing Stats

File Path                                  PID    Runtime      # DAGs    # Errors  Last Runtime    Last Run
-----------------------------------------  -----  ---------  --------  ----------  --------------  -------------------
/opt/airflow/dags/weather_pipeline_dag.py                           1           0  0.14s           2026-09-19T17:55:30
================================================================================
[2026-09-19T17:56:09.876+0000] {manager.py:878} INFO - 
================================================================================
DAG File Processing Stats

File Path                                  PID    Runtime      # DAGs    # Errors  Last Runtime    Last Run
-----------------------------------------  -----  ---------  --------  ----------  --------------  -------------------
/opt/airflow/dags/weather_pipeline_dag.py                           1           0  0.15s           2026-09-19T17:56:00
================================================================================
[2026-09-19T17:56:40.089+0000] {manager.py:878} INFO - 
================================================================================
DAG File Processing Stats

File Path                                  PID    Runtime      # DAGs    # Errors  Last Runtime    Last Run
-----------------------------------------  -----  ---------  --------  ----------  --------------  -------------------
/opt/airflow/dags/weather_pipeline_dag.py                           1           0  0.15s           2026-09-19T17:56:21
================================================================================
[2026-09-19T17:57:10.383+0000] {manager.py:878} INFO - 
================================================================================
DAG File Processing Stats

File Path                                  PID    Runtime      # DAGs    # Errors  Last Runtime    Last Run
-----------------------------------------  -----  ---------  --------  ----------  --------------  -------------------
/opt/airflow/dags/weather_pipeline_dag.py                           1           0  0.20s           2026-09-19T17:56:51
================================================================================
[2026-09-19T17:57:40.641+0000] {manager.py:878} INFO - 
================================================================================
DAG File Processing Stats

File Path                                  PID    Runtime      # DAGs    # Errors  Last Runtime    Last Run
-----------------------------------------  -----  ---------  --------  ----------  --------------  -------------------
/opt/airflow/dags/weather_pipeline_dag.py                           1           0  0.15s           2026-09-19T17:57:21
================================================================================
[2026-09-19T17:58:10.904+0000] {manager.py:878} INFO - 
================================================================================
DAG File Processing Stats

File Path                                  PID    Runtime      # DAGs    # Errors  Last Runtime    Last Run
-----------------------------------------  -----  ---------  --------  ----------  --------------  -------------------
/opt/airflow/dags/weather_pipeline_dag.py                           1           0  0.15s           2026-09-19T17:57:51
================================================================================
[2026-09-19T17:58:41.172+0000] {manager.py:878} INFO - 
================================================================================
DAG File Processing Stats

File Path                                  PID    Runtime      # DAGs    # Errors  Last Runtime    Last Run
-----------------------------------------  -----  ---------  --------  ----------  --------------  -------------------
/opt/airflow/dags/weather_pipeline_dag.py                           1           0  0.15s           2026-09-19T17:58:22
================================================================================
[2026-09-19T17:59:11.440+0000] {manager.py:878} INFO - 
================================================================================
DAG File Processing Stats

File Path                                  PID    Runtime      # DAGs    # Errors  Last Runtime    Last Run
-----------------------------------------  -----  ---------  --------  ----------  --------------  -------------------
/opt/airflow/dags/weather_pipeline_dag.py                           1           0  0.18s           2026-09-19T17:58:52
================================================================================
[2026-09-19T17:59:41.734+0000] {manager.py:878} INFO - 
================================================================================
DAG File Processing Stats

File Path                                  PID    Runtime      # DAGs    # Errors  Last Runtime    Last Run
-----------------------------------------  -----  ---------  --------  ----------  --------------  -------------------
/opt/airflow/dags/weather_pipeline_dag.py                           1           0  0.16s           2026-09-19T17:59:22
================================================================================
[2026-09-19T17:59:44.752+0000] {manager.py:737} INFO - Searching for files in /opt/airflow/dags
[2026-09-19T17:59:44.755+0000] {manager.py:740} INFO - There are 1 files in /opt/airflow/dags
[2026-09-19T18:00:11.991+0000] {manager.py:878} INFO - 
================================================================================
DAG File Processing Stats

File Path                                  PID    Runtime      # DAGs    # Errors  Last Runtime    Last Run
-----------------------------------------  -----  ---------  --------  ----------  --------------  -------------------
/opt/airflow/dags/weather_pipeline_dag.py                           1           0  0.15s           2026-09-19T17:59:52
================================================================================
[2026-09-19T18:00:42.303+0000] {manager.py:878} INFO - 
================================================================================
DAG File Processing Stats

File Path                                  PID    Runtime      # DAGs    # Errors  Last Runtime    Last Run
-----------------------------------------  -----  ---------  --------  ----------  --------------  -------------------
/opt/airflow/dags/weather_pipeline_dag.py                           1           0  0.15s           2026-09-19T18:00:23
================================================================================
[2026-09-19T18:01:12.525+0000] {manager.py:878} INFO - 
================================================================================
DAG File Processing Stats

File Path                                  PID    Runtime      # DAGs    # Errors  Last Runtime    Last Run
-----------------------------------------  -----  ---------  --------  ----------  --------------  -------------------
/opt/airflow/dags/weather_pipeline_dag.py                           1           0  0.14s           2026-09-19T18:00:53
================================================================================
[2026-09-19T18:01:42.812+0000] {manager.py:878} INFO - 
================================================================================
DAG File Processing Stats

File Path                                  PID    Runtime      # DAGs    # Errors  Last Runtime    Last Run
-----------------------------------------  -----  ---------  --------  ----------  --------------  -------------------
/opt/airflow/dags/weather_pipeline_dag.py                           1           0  0.15s           2026-09-19T18:01:23
================================================================================
[2026-09-19T18:02:13.056+0000] {manager.py:878} INFO - 
================================================================================
DAG File Processing Stats

File Path                                  PID    Runtime      # DAGs    # Errors  Last Runtime    Last Run
-----------------------------------------  -----  ---------  --------  ----------  --------------  -------------------
/opt/airflow/dags/weather_pipeline_dag.py                           1           0  0.15s           2026-09-19T18:01:54
================================================================================
[2026-09-19T18:02:43.337+0000] {manager.py:878} INFO - 
================================================================================
DAG File Processing Stats

File Path                                  PID    Runtime      # DAGs    # Errors  Last Runtime    Last Run
-----------------------------------------  -----  ---------  --------  ----------  --------------  -------------------
/opt/airflow/dags/weather_pipeline_dag.py                           1           0  0.14s           2026-09-19T18:02:24
================================================================================
[2026-09-19T18:03:13.570+0000] {manager.py:878} INFO - 
================================================================================
DAG File Processing Stats

File Path                                  PID    Runtime      # DAGs    # Errors  Last Runtime    Last Run
-----------------------------------------  -----  ---------  --------  ----------  --------------  -------------------
/opt/airflow/dags/weather_pipeline_dag.py                           1           0  0.15s           2026-09-19T18:02:54
================================================================================
[2026-09-19T18:03:43.865+0000] {manager.py:878} INFO - 
================================================================================
DAG File Processing Stats

File Path                                  PID    Runtime      # DAGs    # Errors  Last Runtime    Last Run
-----------------------------------------  -----  ---------  --------  ----------  --------------  -------------------
/opt/airflow/dags/weather_pipeline_dag.py                           1           0  0.16s           2026-09-19T18:03:24
================================================================================
[2026-09-19T18:04:14.121+0000] {manager.py:878} INFO - 
================================================================================
DAG File Processing Stats

File Path                                  PID    Runtime      # DAGs    # Errors  Last Runtime    Last Run
-----------------------------------------  -----  ---------  --------  ----------  --------------  -------------------
/opt/airflow/dags/weather_pipeline_dag.py                           1           0  0.15s           2026-09-19T18:03:55
================================================================================
[2026-09-19T18:04:44.409+0000] {manager.py:878} INFO - 
================================================================================
DAG File Processing Stats

File Path                                  PID    Runtime      # DAGs    # Errors  Last Runtime    Last Run
-----------------------------------------  -----  ---------  --------  ----------  --------------  -------------------
/opt/airflow/dags/weather_pipeline_dag.py                           1           0  0.15s           2026-09-19T18:04:25
================================================================================
[2026-09-19T18:04:45.417+0000] {manager.py:737} INFO - Searching for files in /opt/airflow/dags
[2026-09-19T18:04:45.420+0000] {manager.py:740} INFO - There are 1 files in /opt/airflow/dags
[2026-09-19T18:05:14.667+0000] {manager.py:878} INFO - 
================================================================================
DAG File Processing Stats

File Path                                  PID    Runtime      # DAGs    # Errors  Last Runtime    Last Run
-----------------------------------------  -----  ---------  --------  ----------  --------------  -------------------
/opt/airflow/dags/weather_pipeline_dag.py                           1           0  0.14s           2026-09-19T18:04:55
================================================================================
[2026-09-19T18:05:44.961+0000] {manager.py:878} INFO - 
================================================================================
DAG File Processing Stats

File Path                                  PID    Runtime      # DAGs    # Errors  Last Runtime    Last Run
-----------------------------------------  -----  ---------  --------  ----------  --------------  -------------------
/opt/airflow/dags/weather_pipeline_dag.py                           1           0  0.14s           2026-09-19T18:05:25
================================================================================
[2026-09-19T18:06:15.177+0000] {manager.py:878} INFO - 
================================================================================
DAG File Processing Stats

File Path                                  PID    Runtime      # DAGs    # Errors  Last Runtime    Last Run
-----------------------------------------  -----  ---------  --------  ----------  --------------  -------------------
/opt/airflow/dags/weather_pipeline_dag.py                           1           0  0.14s           2026-09-19T18:05:56
================================================================================
[2026-09-19T18:06:45.475+0000] {manager.py:878} INFO - 
================================================================================
DAG File Processing Stats

File Path                                  PID    Runtime      # DAGs    # Errors  Last Runtime    Last Run
-----------------------------------------  -----  ---------  --------  ----------  --------------  -------------------
/opt/airflow/dags/weather_pipeline_dag.py                           1           0  0.15s           2026-09-19T18:06:26
================================================================================
[2026-09-19T18:07:15.723+0000] {manager.py:878} INFO - 
================================================================================
DAG File Processing Stats

File Path                                  PID    Runtime      # DAGs    # Errors  Last Runtime    Last Run
-----------------------------------------  -----  ---------  --------  ----------  --------------  -------------------
/opt/airflow/dags/weather_pipeline_dag.py                           1           0  0.15s           2026-09-19T18:06:56
================================================================================
[2026-09-19T18:07:46.007+0000] {manager.py:878} INFO - 
================================================================================
DAG File Processing Stats

File Path                                  PID    Runtime      # DAGs    # Errors  Last Runtime    Last Run
-----------------------------------------  -----  ---------  --------  ----------  --------------  -------------------
/opt/airflow/dags/weather_pipeline_dag.py                           1           0  0.14s           2026-09-19T18:07:26
================================================================================
[2026-09-19T18:08:16.259+0000] {manager.py:878} INFO - 
================================================================================
DAG File Processing Stats

File Path                                  PID    Runtime      # DAGs    # Errors  Last Runtime    Last Run
-----------------------------------------  -----  ---------  --------  ----------  --------------  -------------------
/opt/airflow/dags/weather_pipeline_dag.py                           1           0  0.14s           2026-09-19T18:07:57
================================================================================
[2026-09-19T18:08:46.521+0000] {manager.py:878} INFO - 
================================================================================
DAG File Processing Stats

File Path                                  PID    Runtime      # DAGs    # Errors  Last Runtime    Last Run
-----------------------------------------  -----  ---------  --------  ----------  --------------  -------------------
/opt/airflow/dags/weather_pipeline_dag.py                           1           0  0.15s           2026-09-19T18:08:27
================================================================================
[2026-09-19T18:09:16.816+0000] {manager.py:878} INFO - 
================================================================================
DAG File Processing Stats

File Path                                  PID    Runtime      # DAGs    # Errors  Last Runtime    Last Run
-----------------------------------------  -----  ---------  --------  ----------  --------------  -------------------
/opt/airflow/dags/weather_pipeline_dag.py                           1           0  0.15s           2026-09-19T18:08:57
================================================================================
[2026-09-19T18:09:46.059+0000] {manager.py:737} INFO - Searching for files in /opt/airflow/dags
[2026-09-19T18:09:46.062+0000] {manager.py:740} INFO - There are 1 files in /opt/airflow/dags
[2026-09-19T18:09:47.092+0000] {manager.py:878} INFO - 
================================================================================
DAG File Processing Stats

File Path                                  PID    Runtime      # DAGs    # Errors  Last Runtime    Last Run
-----------------------------------------  -----  ---------  --------  ----------  --------------  -------------------
/opt/airflow/dags/weather_pipeline_dag.py                           1           0  0.14s           2026-09-19T18:09:28
================================================================================
[2026-09-19T18:10:17.349+0000] {manager.py:878} INFO - 
================================================================================
DAG File Processing Stats

File Path                                  PID    Runtime      # DAGs    # Errors  Last Runtime    Last Run
-----------------------------------------  -----  ---------  --------  ----------  --------------  -------------------
/opt/airflow/dags/weather_pipeline_dag.py                           1           0  0.15s           2026-09-19T18:09:58
================================================================================
[2026-09-19T18:10:47.613+0000] {manager.py:878} INFO - 
================================================================================
DAG File Processing Stats

File Path                                  PID    Runtime      # DAGs    # Errors  Last Runtime    Last Run
-----------------------------------------  -----  ---------  --------  ----------  --------------  -------------------
/opt/airflow/dags/weather_pipeline_dag.py                           1           0  0.14s           2026-09-19T18:10:28
================================================================================
[2026-09-19T18:11:17.880+0000] {manager.py:878} INFO - 
================================================================================
DAG File Processing Stats

File Path                                  PID    Runtime      # DAGs    # Errors  Last Runtime    Last Run
-----------------------------------------  -----  ---------  --------  ----------  --------------  -------------------
/opt/airflow/dags/weather_pipeline_dag.py                           1           0  0.15s           2026-09-19T18:10:58
================================================================================
[2026-09-19T18:11:48.135+0000] {manager.py:878} INFO - 
================================================================================
DAG File Processing Stats

File Path                                  PID    Runtime      # DAGs    # Errors  Last Runtime    Last Run
-----------------------------------------  -----  ---------  --------  ----------  --------------  -------------------
/opt/airflow/dags/weather_pipeline_dag.py                           1           0  0.15s           2026-09-19T18:11:29
================================================================================
[2026-09-19T18:12:18.414+0000] {manager.py:878} INFO - 
================================================================================
DAG File Processing Stats

File Path                                  PID    Runtime      # DAGs    # Errors  Last Runtime    Last Run
-----------------------------------------  -----  ---------  --------  ----------  --------------  -------------------
/opt/airflow/dags/weather_pipeline_dag.py                           1           0  0.14s           2026-09-19T18:11:59
================================================================================
[2026-09-19T18:12:48.672+0000] {manager.py:878} INFO - 
================================================================================
DAG File Processing Stats

File Path                                  PID    Runtime      # DAGs    # Errors  Last Runtime    Last Run
-----------------------------------------  -----  ---------  --------  ----------  --------------  -------------------
/opt/airflow/dags/weather_pipeline_dag.py                           1           0  0.15s           2026-09-19T18:12:29
================================================================================
[2026-09-19T18:13:18.936+0000] {manager.py:878} INFO - 
================================================================================
DAG File Processing Stats

File Path                                  PID    Runtime      # DAGs    # Errors  Last Runtime    Last Run
-----------------------------------------  -----  ---------  --------  ----------  --------------  -------------------
/opt/airflow/dags/weather_pipeline_dag.py                           1           0  0.15s           2026-09-19T18:12:59
================================================================================
[2026-09-19T18:13:49.195+0000] {manager.py:878} INFO - 
================================================================================
DAG File Processing Stats

File Path                                  PID    Runtime      # DAGs    # Errors  Last Runtime    Last Run
-----------------------------------------  -----  ---------  --------  ----------  --------------  -------------------
/opt/airflow/dags/weather_pipeline_dag.py                           1           0  0.15s           2026-09-19T18:13:30
================================================================================
[2026-09-19T18:14:19.468+0000] {manager.py:878} INFO - 
================================================================================
DAG File Processing Stats

File Path                                  PID    Runtime      # DAGs    # Errors  Last Runtime    Last Run
-----------------------------------------  -----  ---------  --------  ----------  --------------  -------------------
/opt/airflow/dags/weather_pipeline_dag.py                           1           0  0.14s           2026-09-19T18:14:00
================================================================================
[2026-09-19T18:14:46.693+0000] {manager.py:737} INFO - Searching for files in /opt/airflow/dags
[2026-09-19T18:14:46.697+0000] {manager.py:740} INFO - There are 1 files in /opt/airflow/dags
[2026-09-19T18:14:49.736+0000] {manager.py:878} INFO - 
================================================================================
DAG File Processing Stats

File Path                                  PID    Runtime      # DAGs    # Errors  Last Runtime    Last Run
-----------------------------------------  -----  ---------  --------  ----------  --------------  -------------------
/opt/airflow/dags/weather_pipeline_dag.py                           1           0  0.15s           2026-09-19T18:14:30
================================================================================
[2026-09-19T18:15:19.989+0000] {manager.py:878} INFO - 
================================================================================
DAG File Processing Stats

File Path                                  PID    Runtime      # DAGs    # Errors  Last Runtime    Last Run
-----------------------------------------  -----  ---------  --------  ----------  --------------  -------------------
/opt/airflow/dags/weather_pipeline_dag.py                           1           0  0.14s           2026-09-19T18:15:00
================================================================================
[2026-09-19T18:15:50.251+0000] {manager.py:878} INFO - 
================================================================================
DAG File Processing Stats

File Path                                  PID    Runtime      # DAGs    # Errors  Last Runtime    Last Run
-----------------------------------------  -----  ---------  --------  ----------  --------------  -------------------
/opt/airflow/dags/weather_pipeline_dag.py                           1           0  0.15s           2026-09-19T18:15:31
================================================================================
[2026-09-19T18:16:20.530+0000] {manager.py:878} INFO - 
================================================================================
DAG File Processing Stats

File Path                                  PID    Runtime      # DAGs    # Errors  Last Runtime    Last Run
-----------------------------------------  -----  ---------  --------  ----------  --------------  -------------------
/opt/airflow/dags/weather_pipeline_dag.py                           1           0  0.15s           2026-09-19T18:16:01
================================================================================
[2026-09-19T18:16:50.784+0000] {manager.py:878} INFO - 
================================================================================
DAG File Processing Stats

File Path                                  PID    Runtime      # DAGs    # Errors  Last Runtime    Last Run
-----------------------------------------  -----  ---------  --------  ----------  --------------  -------------------
/opt/airflow/dags/weather_pipeline_dag.py                           1           0  0.15s           2026-09-19T18:16:31
================================================================================
[2026-09-19T18:17:21.065+0000] {manager.py:878} INFO - 
================================================================================
DAG File Processing Stats

File Path                                  PID    Runtime      # DAGs    # Errors  Last Runtime    Last Run
-----------------------------------------  -----  ---------  --------  ----------  --------------  -------------------
/opt/airflow/dags/weather_pipeline_dag.py                           1           0  0.15s           2026-09-19T18:17:02
================================================================================
[2026-09-19T18:17:51.315+0000] {manager.py:878} INFO - 
================================================================================
DAG File Processing Stats

File Path                                  PID    Runtime      # DAGs    # Errors  Last Runtime    Last Run
-----------------------------------------  -----  ---------  --------  ----------  --------------  -------------------
/opt/airflow/dags/weather_pipeline_dag.py                           1           0  0.14s           2026-09-19T18:17:32
================================================================================
[2026-09-19T18:18:21.608+0000] {manager.py:878} INFO - 
================================================================================
DAG File Processing Stats

File Path                                  PID    Runtime      # DAGs    # Errors  Last Runtime    Last Run
-----------------------------------------  -----  ---------  --------  ----------  --------------  -------------------
/opt/airflow/dags/weather_pipeline_dag.py                           1           0  0.15s           2026-09-19T18:18:02
================================================================================
[2026-09-19T18:18:51.831+0000] {manager.py:878} INFO - 
================================================================================
DAG File Processing Stats

File Path                                  PID    Runtime      # DAGs    # Errors  Last Runtime    Last Run
-----------------------------------------  -----  ---------  --------  ----------  --------------  -------------------
/opt/airflow/dags/weather_pipeline_dag.py                           1           0  0.15s           2026-09-19T18:18:32
================================================================================
[2026-09-19T18:19:22.132+0000] {manager.py:878} INFO - 
================================================================================
DAG File Processing Stats

File Path                                  PID    Runtime      # DAGs    # Errors  Last Runtime    Last Run
-----------------------------------------  -----  ---------  --------  ----------  --------------  -------------------
/opt/airflow/dags/weather_pipeline_dag.py                           1           0  0.15s           2026-09-19T18:19:03
================================================================================
[2026-09-19T18:19:47.319+0000] {manager.py:737} INFO - Searching for files in /opt/airflow/dags
[2026-09-19T18:19:47.322+0000] {manager.py:740} INFO - There are 1 files in /opt/airflow/dags
[2026-09-19T18:19:52.384+0000] {manager.py:878} INFO - 
================================================================================
DAG File Processing Stats

File Path                                  PID    Runtime      # DAGs    # Errors  Last Runtime    Last Run
-----------------------------------------  -----  ---------  --------  ----------  --------------  -------------------
/opt/airflow/dags/weather_pipeline_dag.py                           1           0  0.15s           2026-09-19T18:19:33
================================================================================
[2026-09-19T18:20:22.674+0000] {manager.py:878} INFO - 
================================================================================
DAG File Processing Stats

File Path                                  PID    Runtime      # DAGs    # Errors  Last Runtime    Last Run
-----------------------------------------  -----  ---------  --------  ----------  --------------  -------------------
/opt/airflow/dags/weather_pipeline_dag.py                           1           0  0.15s           2026-09-19T18:20:03
================================================================================
[2026-09-19T18:20:52.900+0000] {manager.py:878} INFO - 
================================================================================
DAG File Processing Stats

File Path                                  PID    Runtime      # DAGs    # Errors  Last Runtime    Last Run
-----------------------------------------  -----  ---------  --------  ----------  --------------  -------------------
/opt/airflow/dags/weather_pipeline_dag.py                           1           0  0.20s           2026-09-19T18:20:33
================================================================================
[2026-09-19T18:21:23.117+0000] {manager.py:878} INFO - 
================================================================================
DAG File Processing Stats

File Path                                  PID    Runtime      # DAGs    # Errors  Last Runtime    Last Run
-----------------------------------------  -----  ---------  --------  ----------  --------------  -------------------
/opt/airflow/dags/weather_pipeline_dag.py                           1           0  0.16s           2026-09-19T18:21:04
================================================================================
[2026-09-19T18:21:53.538+0000] {manager.py:878} INFO - 
================================================================================
DAG File Processing Stats

File Path                                  PID    Runtime      # DAGs    # Errors  Last Runtime    Last Run
-----------------------------------------  -----  ---------  --------  ----------  --------------  -------------------
/opt/airflow/dags/weather_pipeline_dag.py                           1           0  0.15s           2026-09-19T18:21:39
================================================================================
[2026-09-19T18:22:23.770+0000] {manager.py:878} INFO - 
================================================================================
DAG File Processing Stats

File Path                                  PID    Runtime      # DAGs    # Errors  Last Runtime    Last Run
-----------------------------------------  -----  ---------  --------  ----------  --------------  -------------------
/opt/airflow/dags/weather_pipeline_dag.py                           1           0  0.15s           2026-09-19T18:22:09
================================================================================
[2026-09-19T18:22:54.065+0000] {manager.py:878} INFO - 
================================================================================
DAG File Processing Stats

File Path                                  PID    Runtime      # DAGs    # Errors  Last Runtime    Last Run
-----------------------------------------  -----  ---------  --------  ----------  --------------  -------------------
/opt/airflow/dags/weather_pipeline_dag.py                           1           0  0.15s           2026-09-19T18:22:40
================================================================================
[2026-09-19T18:23:24.274+0000] {manager.py:878} INFO - 
================================================================================
DAG File Processing Stats

File Path                                  PID    Runtime      # DAGs    # Errors  Last Runtime    Last Run
-----------------------------------------  -----  ---------  --------  ----------  --------------  -------------------
/opt/airflow/dags/weather_pipeline_dag.py                           1           0  0.14s           2026-09-19T18:23:10
================================================================================
[2026-09-19T18:23:54.504+0000] {manager.py:878} INFO - 
================================================================================
DAG File Processing Stats

File Path                                  PID    Runtime      # DAGs    # Errors  Last Runtime    Last Run
-----------------------------------------  -----  ---------  --------  ----------  --------------  -------------------
/opt/airflow/dags/weather_pipeline_dag.py                           1           0  0.20s           2026-09-19T18:23:40
================================================================================
[2026-09-19T18:24:24.752+0000] {manager.py:878} INFO - 
================================================================================
DAG File Processing Stats

File Path                                  PID    Runtime      # DAGs    # Errors  Last Runtime    Last Run
-----------------------------------------  -----  ---------  --------  ----------  --------------  -------------------
/opt/airflow/dags/weather_pipeline_dag.py                           1           0  0.22s           2026-09-19T18:24:10
================================================================================
[2026-09-19T18:24:47.996+0000] {manager.py:737} INFO - Searching for files in /opt/airflow/dags
[2026-09-19T18:24:47.999+0000] {manager.py:740} INFO - There are 1 files in /opt/airflow/dags
[2026-09-19T18:24:55.060+0000] {manager.py:878} INFO - 
================================================================================
DAG File Processing Stats

File Path                                    PID  Runtime      # DAGs    # Errors  Last Runtime    Last Run
-----------------------------------------  -----  ---------  --------  ----------  --------------  -------------------
/opt/airflow/dags/weather_pipeline_dag.py   1263  0.01s             1           0  0.26s           2026-09-19T18:24:29
================================================================================
[2026-09-19T18:25:25.412+0000] {manager.py:878} INFO - 
================================================================================
DAG File Processing Stats

File Path                                    PID  Runtime      # DAGs    # Errors  Last Runtime    Last Run
-----------------------------------------  -----  ---------  --------  ----------  --------------  -------------------
/opt/airflow/dags/weather_pipeline_dag.py   1268  0.01s             1           0  0.18s           2026-09-19T18:24:55
================================================================================
[2026-09-19T18:25:55.619+0000] {manager.py:878} INFO - 
================================================================================
DAG File Processing Stats

File Path                                  PID    Runtime      # DAGs    # Errors  Last Runtime    Last Run
-----------------------------------------  -----  ---------  --------  ----------  --------------  -------------------
/opt/airflow/dags/weather_pipeline_dag.py                           1           0  0.25s           2026-09-19T18:25:25
================================================================================
[2026-09-19T18:26:26.071+0000] {manager.py:878} INFO - 
================================================================================
DAG File Processing Stats

File Path                                    PID  Runtime      # DAGs    # Errors  Last Runtime    Last Run
-----------------------------------------  -----  ---------  --------  ----------  --------------  -------------------
/opt/airflow/dags/weather_pipeline_dag.py   1278  0.01s             1           0  0.15s           2026-09-19T18:25:55
================================================================================
[2026-09-19T18:26:56.377+0000] {manager.py:878} INFO - 
================================================================================
DAG File Processing Stats

File Path                                    PID  Runtime      # DAGs    # Errors  Last Runtime    Last Run
-----------------------------------------  -----  ---------  --------  ----------  --------------  -------------------
/opt/airflow/dags/weather_pipeline_dag.py   1283  0.01s             1           0  0.15s           2026-09-19T18:26:26
================================================================================
[2026-09-19T18:27:26.605+0000] {manager.py:878} INFO - 
================================================================================
DAG File Processing Stats

File Path                                    PID  Runtime      # DAGs    # Errors  Last Runtime    Last Run
-----------------------------------------  -----  ---------  --------  ----------  --------------  -------------------
/opt/airflow/dags/weather_pipeline_dag.py   1288  0.01s             1           0  0.16s           2026-09-19T18:26:56
================================================================================
[2026-09-19T18:27:56.912+0000] {manager.py:878} INFO - 
================================================================================
DAG File Processing Stats

File Path                                    PID  Runtime      # DAGs    # Errors  Last Runtime    Last Run
-----------------------------------------  -----  ---------  --------  ----------  --------------  -------------------
/opt/airflow/dags/weather_pipeline_dag.py   1293  0.01s             1           0  0.14s           2026-09-19T18:27:26
================================================================================
[2026-09-19T18:28:27.129+0000] {manager.py:878} INFO - 
================================================================================
DAG File Processing Stats

File Path                                    PID  Runtime      # DAGs    # Errors  Last Runtime    Last Run
-----------------------------------------  -----  ---------  --------  ----------  --------------  -------------------
/opt/airflow/dags/weather_pipeline_dag.py   1298  0.01s             1           0  0.15s           2026-09-19T18:27:57
================================================================================
[2026-09-19T18:28:57.435+0000] {manager.py:878} INFO - 
================================================================================
DAG File Processing Stats

File Path                                    PID  Runtime      # DAGs    # Errors  Last Runtime    Last Run
-----------------------------------------  -----  ---------  --------  ----------  --------------  -------------------
/opt/airflow/dags/weather_pipeline_dag.py   1303  0.01s             1           0  0.15s           2026-09-19T18:28:27
================================================================================
[2026-09-19T18:29:27.645+0000] {manager.py:878} INFO - 
================================================================================
DAG File Processing Stats

File Path                                    PID  Runtime      # DAGs    # Errors  Last Runtime    Last Run
-----------------------------------------  -----  ---------  --------  ----------  --------------  -------------------
/opt/airflow/dags/weather_pipeline_dag.py   1308  0.00s             1           0  0.15s           2026-09-19T18:28:57
================================================================================
[2026-09-19T18:29:48.858+0000] {manager.py:737} INFO - Searching for files in /opt/airflow/dags
[2026-09-19T18:29:48.861+0000] {manager.py:740} INFO - There are 1 files in /opt/airflow/dags
[2026-09-19T18:29:57.955+0000] {manager.py:878} INFO - 
================================================================================
DAG File Processing Stats

File Path                                    PID  Runtime      # DAGs    # Errors  Last Runtime    Last Run
-----------------------------------------  -----  ---------  --------  ----------  --------------  -------------------
/opt/airflow/dags/weather_pipeline_dag.py   1313  0.01s             1           0  0.14s           2026-09-19T18:29:27
================================================================================
[2026-09-19T18:30:28.171+0000] {manager.py:878} INFO - 
================================================================================
DAG File Processing Stats

File Path                                    PID  Runtime      # DAGs    # Errors  Last Runtime    Last Run
-----------------------------------------  -----  ---------  --------  ----------  --------------  -------------------
/opt/airflow/dags/weather_pipeline_dag.py   1318  0.01s             1           0  0.14s           2026-09-19T18:29:58
================================================================================
[2026-09-19T18:30:58.463+0000] {manager.py:878} INFO - 
================================================================================
DAG File Processing Stats

File Path                                    PID  Runtime      # DAGs    # Errors  Last Runtime    Last Run
-----------------------------------------  -----  ---------  --------  ----------  --------------  -------------------
/opt/airflow/dags/weather_pipeline_dag.py   1323  0.01s             1           0  0.19s           2026-09-19T18:30:28
================================================================================
[2026-09-19T18:31:28.727+0000] {manager.py:878} INFO - 
================================================================================
DAG File Processing Stats

File Path                                    PID  Runtime      # DAGs    # Errors  Last Runtime    Last Run
-----------------------------------------  -----  ---------  --------  ----------  --------------  -------------------
/opt/airflow/dags/weather_pipeline_dag.py   1328  0.01s             1           0  0.15s           2026-09-19T18:30:58
================================================================================
[2026-09-19T18:31:58.980+0000] {manager.py:878} INFO - 
================================================================================
DAG File Processing Stats

File Path                                    PID  Runtime      # DAGs    # Errors  Last Runtime    Last Run
-----------------------------------------  -----  ---------  --------  ----------  --------------  -------------------
/opt/airflow/dags/weather_pipeline_dag.py   1333  0.01s             1           0  0.15s           2026-09-19T18:31:28
================================================================================
[2026-09-19T18:32:29.282+0000] {manager.py:878} INFO - 
================================================================================
DAG File Processing Stats

File Path                                    PID  Runtime      # DAGs    # Errors  Last Runtime    Last Run
-----------------------------------------  -----  ---------  --------  ----------  --------------  -------------------
/opt/airflow/dags/weather_pipeline_dag.py   1338  0.01s             1           0  0.16s           2026-09-19T18:31:59
================================================================================
[2026-09-19T18:32:59.526+0000] {manager.py:878} INFO - 
================================================================================
DAG File Processing Stats

File Path                                    PID  Runtime      # DAGs    # Errors  Last Runtime    Last Run
-----------------------------------------  -----  ---------  --------  ----------  --------------  -------------------
/opt/airflow/dags/weather_pipeline_dag.py   1343  0.01s             1           0  0.16s           2026-09-19T18:32:29
================================================================================
[2026-09-19T18:33:29.810+0000] {manager.py:878} INFO - 
================================================================================
DAG File Processing Stats

File Path                                    PID  Runtime      # DAGs    # Errors  Last Runtime    Last Run
-----------------------------------------  -----  ---------  --------  ----------  --------------  -------------------
/opt/airflow/dags/weather_pipeline_dag.py   1348  0.01s             1           0  0.16s           2026-09-19T18:32:59
================================================================================
[2026-09-19T18:34:00.063+0000] {manager.py:878} INFO - 
================================================================================
DAG File Processing Stats

File Path                                    PID  Runtime      # DAGs    # Errors  Last Runtime    Last Run
-----------------------------------------  -----  ---------  --------  ----------  --------------  -------------------
/opt/airflow/dags/weather_pipeline_dag.py   1353  0.01s             1           0  0.16s           2026-09-19T18:33:29
================================================================================
[2026-09-19T18:34:30.353+0000] {manager.py:878} INFO - 
================================================================================
DAG File Processing Stats

File Path                                    PID  Runtime      # DAGs    # Errors  Last Runtime    Last Run
-----------------------------------------  -----  ---------  --------  ----------  --------------  -------------------
/opt/airflow/dags/weather_pipeline_dag.py   1358  0.01s             1           0  0.15s           2026-09-19T18:34:00
================================================================================
[2026-09-19T18:34:49.490+0000] {manager.py:737} INFO - Searching for files in /opt/airflow/dags
[2026-09-19T18:34:49.493+0000] {manager.py:740} INFO - There are 1 files in /opt/airflow/dags
[2026-09-19T18:35:00.591+0000] {manager.py:878} INFO - 
================================================================================
DAG File Processing Stats

File Path                                    PID  Runtime      # DAGs    # Errors  Last Runtime    Last Run
-----------------------------------------  -----  ---------  --------  ----------  --------------  -------------------
/opt/airflow/dags/weather_pipeline_dag.py   1363  0.00s             1           0  0.16s           2026-09-19T18:34:30
================================================================================
[2026-09-19T18:35:30.911+0000] {manager.py:878} INFO - 
================================================================================
DAG File Processing Stats

File Path                                  PID    Runtime      # DAGs    # Errors  Last Runtime    Last Run
-----------------------------------------  -----  ---------  --------  ----------  --------------  -------------------
/opt/airflow/dags/weather_pipeline_dag.py                           1           0  0.26s           2026-09-19T18:35:02
================================================================================
[2026-09-19T18:36:01.282+0000] {manager.py:878} INFO - 
================================================================================
DAG File Processing Stats

File Path                                  PID    Runtime      # DAGs    # Errors  Last Runtime    Last Run
-----------------------------------------  -----  ---------  --------  ----------  --------------  -------------------
/opt/airflow/dags/weather_pipeline_dag.py                           1           0  0.14s           2026-09-19T18:35:33
================================================================================
[2026-09-19T18:36:31.600+0000] {manager.py:878} INFO - 
================================================================================
DAG File Processing Stats

File Path                                  PID    Runtime      # DAGs    # Errors  Last Runtime    Last Run
-----------------------------------------  -----  ---------  --------  ----------  --------------  -------------------
/opt/airflow/dags/weather_pipeline_dag.py                           1           0  0.15s           2026-09-19T18:36:03
================================================================================
[2026-09-19T18:37:01.816+0000] {manager.py:878} INFO - 
================================================================================
DAG File Processing Stats

File Path                                  PID    Runtime      # DAGs    # Errors  Last Runtime    Last Run
-----------------------------------------  -----  ---------  --------  ----------  --------------  -------------------
/opt/airflow/dags/weather_pipeline_dag.py                           1           0  0.15s           2026-09-19T18:36:33
================================================================================
[2026-09-19T18:37:32.126+0000] {manager.py:878} INFO - 
================================================================================
DAG File Processing Stats

File Path                                  PID    Runtime      # DAGs    # Errors  Last Runtime    Last Run
-----------------------------------------  -----  ---------  --------  ----------  --------------  -------------------
/opt/airflow/dags/weather_pipeline_dag.py                           1           0  0.15s           2026-09-19T18:37:03
================================================================================
[2026-09-19T18:38:02.334+0000] {manager.py:878} INFO - 
================================================================================
DAG File Processing Stats

File Path                                  PID    Runtime      # DAGs    # Errors  Last Runtime    Last Run
-----------------------------------------  -----  ---------  --------  ----------  --------------  -------------------
/opt/airflow/dags/weather_pipeline_dag.py                           1           0  0.14s           2026-09-19T18:37:34
================================================================================
[2026-09-19T18:38:32.655+0000] {manager.py:878} INFO - 
================================================================================
DAG File Processing Stats

File Path                                  PID    Runtime      # DAGs    # Errors  Last Runtime    Last Run
-----------------------------------------  -----  ---------  --------  ----------  --------------  -------------------
/opt/airflow/dags/weather_pipeline_dag.py                           1           0  0.16s           2026-09-19T18:38:04
================================================================================
[2026-09-19T18:39:02.826+0000] {manager.py:878} INFO - 
================================================================================
DAG File Processing Stats

File Path                                  PID    Runtime      # DAGs    # Errors  Last Runtime    Last Run
-----------------------------------------  -----  ---------  --------  ----------  --------------  -------------------
/opt/airflow/dags/weather_pipeline_dag.py                           1           0  0.18s           2026-09-19T18:38:34
================================================================================
[2026-09-19T18:39:33.151+0000] {manager.py:878} INFO - 
================================================================================
DAG File Processing Stats

File Path                                  PID    Runtime      # DAGs    # Errors  Last Runtime    Last Run
-----------------------------------------  -----  ---------  --------  ----------  --------------  -------------------
/opt/airflow/dags/weather_pipeline_dag.py                           1           0  0.21s           2026-09-19T18:39:05
================================================================================
[2026-09-19T18:39:49.577+0000] {manager.py:737} INFO - Searching for files in /opt/airflow/dags
[2026-09-19T18:39:49.581+0000] {manager.py:740} INFO - There are 1 files in /opt/airflow/dags
[2026-09-19T18:40:03.545+0000] {manager.py:878} INFO - 
================================================================================
DAG File Processing Stats

File Path                                  PID    Runtime      # DAGs    # Errors  Last Runtime    Last Run
-----------------------------------------  -----  ---------  --------  ----------  --------------  -------------------
/opt/airflow/dags/weather_pipeline_dag.py                           1           0  0.15s           2026-09-19T18:39:35
================================================================================
[2026-09-19T18:40:33.872+0000] {manager.py:878} INFO - 
================================================================================
DAG File Processing Stats

File Path                                  PID    Runtime      # DAGs    # Errors  Last Runtime    Last Run
-----------------------------------------  -----  ---------  --------  ----------  --------------  -------------------
/opt/airflow/dags/weather_pipeline_dag.py                           1           0  0.15s           2026-09-19T18:40:05
================================================================================
[2026-09-19T18:41:04.094+0000] {manager.py:878} INFO - 
================================================================================
DAG File Processing Stats

File Path                                  PID    Runtime      # DAGs    # Errors  Last Runtime    Last Run
-----------------------------------------  -----  ---------  --------  ----------  --------------  -------------------
/opt/airflow/dags/weather_pipeline_dag.py                           1           0  0.15s           2026-09-19T18:40:36
================================================================================
[2026-09-19T18:41:34.390+0000] {manager.py:878} INFO - 
================================================================================
DAG File Processing Stats

File Path                                  PID    Runtime      # DAGs    # Errors  Last Runtime    Last Run
-----------------------------------------  -----  ---------  --------  ----------  --------------  -------------------
/opt/airflow/dags/weather_pipeline_dag.py                           1           0  0.15s           2026-09-19T18:41:06
================================================================================
[2026-09-19T18:42:04.647+0000] {manager.py:878} INFO - 
================================================================================
DAG File Processing Stats

File Path                                  PID    Runtime      # DAGs    # Errors  Last Runtime    Last Run
-----------------------------------------  -----  ---------  --------  ----------  --------------  -------------------
/opt/airflow/dags/weather_pipeline_dag.py                           1           0  0.15s           2026-09-19T18:41:36
================================================================================
[2026-09-19T18:42:34.912+0000] {manager.py:878} INFO - 
================================================================================
DAG File Processing Stats

File Path                                  PID    Runtime      # DAGs    # Errors  Last Runtime    Last Run
-----------------------------------------  -----  ---------  --------  ----------  --------------  -------------------
/opt/airflow/dags/weather_pipeline_dag.py                           1           0  0.16s           2026-09-19T18:42:06
================================================================================
[2026-09-19T18:43:05.171+0000] {manager.py:878} INFO - 
================================================================================
DAG File Processing Stats

File Path                                  PID    Runtime      # DAGs    # Errors  Last Runtime    Last Run
-----------------------------------------  -----  ---------  --------  ----------  --------------  -------------------
/opt/airflow/dags/weather_pipeline_dag.py                           1           0  0.16s           2026-09-19T18:42:37
================================================================================
[2026-09-19T18:43:35.460+0000] {manager.py:878} INFO - 
================================================================================
DAG File Processing Stats

File Path                                  PID    Runtime      # DAGs    # Errors  Last Runtime    Last Run
-----------------------------------------  -----  ---------  --------  ----------  --------------  -------------------
/opt/airflow/dags/weather_pipeline_dag.py                           1           0  0.15s           2026-09-19T18:43:07
================================================================================
[2026-09-19T18:44:05.688+0000] {manager.py:878} INFO - 
================================================================================
DAG File Processing Stats

File Path                                  PID    Runtime      # DAGs    # Errors  Last Runtime    Last Run
-----------------------------------------  -----  ---------  --------  ----------  --------------  -------------------
/opt/airflow/dags/weather_pipeline_dag.py                           1           0  0.15s           2026-09-19T18:43:37
================================================================================
[2026-09-19T18:44:35.994+0000] {manager.py:878} INFO - 
================================================================================
DAG File Processing Stats

File Path                                  PID    Runtime      # DAGs    # Errors  Last Runtime    Last Run
-----------------------------------------  -----  ---------  --------  ----------  --------------  -------------------
/opt/airflow/dags/weather_pipeline_dag.py                           1           0  0.15s           2026-09-19T18:44:07
================================================================================
[2026-09-19T18:44:50.126+0000] {manager.py:737} INFO - Searching for files in /opt/airflow/dags
[2026-09-19T18:44:50.130+0000] {manager.py:740} INFO - There are 1 files in /opt/airflow/dags
[2026-09-19T18:45:06.265+0000] {manager.py:878} INFO - 
================================================================================
DAG File Processing Stats

File Path                                  PID    Runtime      # DAGs    # Errors  Last Runtime    Last Run
-----------------------------------------  -----  ---------  --------  ----------  --------------  -------------------
/opt/airflow/dags/weather_pipeline_dag.py                           1           0  0.15s           2026-09-19T18:44:38
================================================================================
[2026-09-19T18:45:36.529+0000] {manager.py:878} INFO - 
================================================================================
DAG File Processing Stats

File Path                                  PID    Runtime      # DAGs    # Errors  Last Runtime    Last Run
-----------------------------------------  -----  ---------  --------  ----------  --------------  -------------------
/opt/airflow/dags/weather_pipeline_dag.py                           1           0  0.14s           2026-09-19T18:45:08
================================================================================
[2026-09-19T18:46:06.784+0000] {manager.py:878} INFO - 
================================================================================
DAG File Processing Stats

File Path                                  PID    Runtime      # DAGs    # Errors  Last Runtime    Last Run
-----------------------------------------  -----  ---------  --------  ----------  --------------  -------------------
/opt/airflow/dags/weather_pipeline_dag.py                           1           0  0.15s           2026-09-19T18:45:38
================================================================================
[2026-09-19T18:46:37.047+0000] {manager.py:878} INFO - 
================================================================================
DAG File Processing Stats

File Path                                  PID    Runtime      # DAGs    # Errors  Last Runtime    Last Run
-----------------------------------------  -----  ---------  --------  ----------  --------------  -------------------
/opt/airflow/dags/weather_pipeline_dag.py                           1           0  0.15s           2026-09-19T18:46:08
================================================================================
[2026-09-19T18:47:07.274+0000] {manager.py:878} INFO - 
================================================================================
DAG File Processing Stats

File Path                                  PID    Runtime      # DAGs    # Errors  Last Runtime    Last Run
-----------------------------------------  -----  ---------  --------  ----------  --------------  -------------------
/opt/airflow/dags/weather_pipeline_dag.py                           1           0  0.16s           2026-09-19T18:46:39
================================================================================
[2026-09-19T18:47:37.539+0000] {manager.py:878} INFO - 
================================================================================
DAG File Processing Stats

File Path                                  PID    Runtime      # DAGs    # Errors  Last Runtime    Last Run
-----------------------------------------  -----  ---------  --------  ----------  --------------  -------------------
/opt/airflow/dags/weather_pipeline_dag.py                           1           0  0.26s           2026-09-19T18:47:09
================================================================================
[2026-09-19T18:48:07.895+0000] {manager.py:878} INFO - 
================================================================================
DAG File Processing Stats

File Path                                  PID    Runtime      # DAGs    # Errors  Last Runtime    Last Run
-----------------------------------------  -----  ---------  --------  ----------  --------------  -------------------
/opt/airflow/dags/weather_pipeline_dag.py                           1           0  0.23s           2026-09-19T18:47:39
================================================================================
[2026-09-19T18:48:38.307+0000] {manager.py:878} INFO - 
================================================================================
DAG File Processing Stats

File Path                                  PID    Runtime      # DAGs    # Errors  Last Runtime    Last Run
-----------------------------------------  -----  ---------  --------  ----------  --------------  -------------------
/opt/airflow/dags/weather_pipeline_dag.py                           1           0  0.15s           2026-09-19T18:48:10
================================================================================
[2026-09-19T18:49:08.613+0000] {manager.py:878} INFO - 
================================================================================
DAG File Processing Stats

File Path                                  PID    Runtime      # DAGs    # Errors  Last Runtime    Last Run
-----------------------------------------  -----  ---------  --------  ----------  --------------  -------------------
/opt/airflow/dags/weather_pipeline_dag.py                           1           0  0.15s           2026-09-19T18:48:40
================================================================================
[2026-09-19T18:49:38.849+0000] {manager.py:878} INFO - 
================================================================================
DAG File Processing Stats

File Path                                  PID    Runtime      # DAGs    # Errors  Last Runtime    Last Run
-----------------------------------------  -----  ---------  --------  ----------  --------------  -------------------
/opt/airflow/dags/weather_pipeline_dag.py                           1           0  0.15s           2026-09-19T18:49:10
================================================================================
[2026-09-19T18:49:51.030+0000] {manager.py:737} INFO - Searching for files in /opt/airflow/dags
[2026-09-19T18:49:51.032+0000] {manager.py:740} INFO - There are 1 files in /opt/airflow/dags
[2026-09-19T18:50:09.150+0000] {manager.py:878} INFO - 
================================================================================
DAG File Processing Stats

File Path                                  PID    Runtime      # DAGs    # Errors  Last Runtime    Last Run
-----------------------------------------  -----  ---------  --------  ----------  --------------  -------------------
/opt/airflow/dags/weather_pipeline_dag.py                           1           0  0.15s           2026-09-19T18:49:41
================================================================================
[2026-09-19T18:50:39.323+0000] {manager.py:878} INFO - 
================================================================================
DAG File Processing Stats

File Path                                  PID    Runtime      # DAGs    # Errors  Last Runtime    Last Run
-----------------------------------------  -----  ---------  --------  ----------  --------------  -------------------
/opt/airflow/dags/weather_pipeline_dag.py                           1           0  0.31s           2026-09-19T18:50:11
================================================================================
[2026-09-19T18:51:09.784+0000] {manager.py:878} INFO - 
================================================================================
DAG File Processing Stats

File Path                                  PID    Runtime      # DAGs    # Errors  Last Runtime    Last Run
-----------------------------------------  -----  ---------  --------  ----------  --------------  -------------------
/opt/airflow/dags/weather_pipeline_dag.py                           1           0  0.23s           2026-09-19T18:50:41
================================================================================
[2026-09-19T18:51:40.165+0000] {manager.py:878} INFO - 
================================================================================
DAG File Processing Stats

File Path                                  PID    Runtime      # DAGs    # Errors  Last Runtime    Last Run
-----------------------------------------  -----  ---------  --------  ----------  --------------  -------------------
/opt/airflow/dags/weather_pipeline_dag.py                           1           0  0.23s           2026-09-19T18:51:12
================================================================================
[2026-09-19T18:52:10.552+0000] {manager.py:878} INFO - 
================================================================================
DAG File Processing Stats

File Path                                  PID    Runtime      # DAGs    # Errors  Last Runtime    Last Run
-----------------------------------------  -----  ---------  --------  ----------  --------------  -------------------
/opt/airflow/dags/weather_pipeline_dag.py                           1           0  0.19s           2026-09-19T18:51:42
================================================================================
[2026-09-19T18:52:40.897+0000] {manager.py:878} INFO - 
================================================================================
DAG File Processing Stats

File Path                                  PID    Runtime      # DAGs    # Errors  Last Runtime    Last Run
-----------------------------------------  -----  ---------  --------  ----------  --------------  -------------------
/opt/airflow/dags/weather_pipeline_dag.py                           1           0  0.21s           2026-09-19T18:52:12
================================================================================
[2026-09-19T18:53:11.241+0000] {manager.py:878} INFO - 
================================================================================
DAG File Processing Stats

File Path                                  PID    Runtime      # DAGs    # Errors  Last Runtime    Last Run
-----------------------------------------  -----  ---------  --------  ----------  --------------  -------------------
/opt/airflow/dags/weather_pipeline_dag.py                           1           0  0.21s           2026-09-19T18:52:43
================================================================================
[2026-09-19T18:53:41.614+0000] {manager.py:878} INFO - 
================================================================================
DAG File Processing Stats

File Path                                  PID    Runtime      # DAGs    # Errors  Last Runtime    Last Run
-----------------------------------------  -----  ---------  --------  ----------  --------------  -------------------
/opt/airflow/dags/weather_pipeline_dag.py                           1           0  0.27s           2026-09-19T18:53:13
================================================================================
[2026-09-19T18:54:12.018+0000] {manager.py:878} INFO - 
================================================================================
DAG File Processing Stats

File Path                                  PID    Runtime      # DAGs    # Errors  Last Runtime    Last Run
-----------------------------------------  -----  ---------  --------  ----------  --------------  -------------------
/opt/airflow/dags/weather_pipeline_dag.py                           1           0  0.22s           2026-09-19T18:53:44
================================================================================
[2026-09-19T18:54:42.389+0000] {manager.py:878} INFO - 
================================================================================
DAG File Processing Stats

File Path                                  PID    Runtime      # DAGs    # Errors  Last Runtime    Last Run
-----------------------------------------  -----  ---------  --------  ----------  --------------  -------------------
/opt/airflow/dags/weather_pipeline_dag.py                           1           0  0.20s           2026-09-19T18:54:14
================================================================================
[2026-09-19T18:54:51.621+0000] {manager.py:737} INFO - Searching for files in /opt/airflow/dags
[2026-09-19T18:54:51.623+0000] {manager.py:740} INFO - There are 1 files in /opt/airflow/dags
[2026-09-19T18:55:12.746+0000] {manager.py:878} INFO - 
================================================================================
DAG File Processing Stats

File Path                                  PID    Runtime      # DAGs    # Errors  Last Runtime    Last Run
-----------------------------------------  -----  ---------  --------  ----------  --------------  -------------------
/opt/airflow/dags/weather_pipeline_dag.py                           1           0  0.22s           2026-09-19T18:54:44
================================================================================
[2026-09-19T18:55:43.099+0000] {manager.py:878} INFO - 
================================================================================
DAG File Processing Stats

File Path                                  PID    Runtime      # DAGs    # Errors  Last Runtime    Last Run
-----------------------------------------  -----  ---------  --------  ----------  --------------  -------------------
/opt/airflow/dags/weather_pipeline_dag.py                           1           0  0.22s           2026-09-19T18:55:15
================================================================================
[2026-09-19T18:56:13.465+0000] {manager.py:878} INFO - 
================================================================================
DAG File Processing Stats

File Path                                  PID    Runtime      # DAGs    # Errors  Last Runtime    Last Run
-----------------------------------------  -----  ---------  --------  ----------  --------------  -------------------
/opt/airflow/dags/weather_pipeline_dag.py                           1           0  0.20s           2026-09-19T18:55:45
================================================================================
[2026-09-19T18:56:43.829+0000] {manager.py:878} INFO - 
================================================================================
DAG File Processing Stats

File Path                                  PID    Runtime      # DAGs    # Errors  Last Runtime    Last Run
-----------------------------------------  -----  ---------  --------  ----------  --------------  -------------------
/opt/airflow/dags/weather_pipeline_dag.py                           1           0  0.22s           2026-09-19T18:56:15
================================================================================
[2026-09-19T18:57:14.196+0000] {manager.py:878} INFO - 
================================================================================
DAG File Processing Stats

File Path                                  PID    Runtime      # DAGs    # Errors  Last Runtime    Last Run
-----------------------------------------  -----  ---------  --------  ----------  --------------  -------------------
/opt/airflow/dags/weather_pipeline_dag.py                           1           0  0.23s           2026-09-19T18:56:46
================================================================================
[2026-09-19T18:57:44.570+0000] {manager.py:878} INFO - 
================================================================================
DAG File Processing Stats

File Path                                  PID    Runtime      # DAGs    # Errors  Last Runtime    Last Run
-----------------------------------------  -----  ---------  --------  ----------  --------------  -------------------
/opt/airflow/dags/weather_pipeline_dag.py                           1           0  0.21s           2026-09-19T18:57:16
================================================================================
[2026-09-19T18:58:14.946+0000] {manager.py:878} INFO - 
================================================================================
DAG File Processing Stats

File Path                                  PID    Runtime      # DAGs    # Errors  Last Runtime    Last Run
-----------------------------------------  -----  ---------  --------  ----------  --------------  -------------------
/opt/airflow/dags/weather_pipeline_dag.py                           1           0  0.21s           2026-09-19T18:57:47
================================================================================
[2026-09-19T18:58:45.284+0000] {manager.py:878} INFO - 
================================================================================
DAG File Processing Stats

File Path                                  PID    Runtime      # DAGs    # Errors  Last Runtime    Last Run
-----------------------------------------  -----  ---------  --------  ----------  --------------  -------------------
/opt/airflow/dags/weather_pipeline_dag.py                           1           0  0.22s           2026-09-19T18:58:17
================================================================================
[2026-09-19T18:59:15.652+0000] {manager.py:878} INFO - 
================================================================================
DAG File Processing Stats

File Path                                  PID    Runtime      # DAGs    # Errors  Last Runtime    Last Run
-----------------------------------------  -----  ---------  --------  ----------  --------------  -------------------
/opt/airflow/dags/weather_pipeline_dag.py                           1           0  0.29s           2026-09-19T18:58:47
================================================================================
[2026-09-19T18:59:46.104+0000] {manager.py:878} INFO - 
================================================================================
DAG File Processing Stats

File Path                                  PID    Runtime      # DAGs    # Errors  Last Runtime    Last Run
-----------------------------------------  -----  ---------  --------  ----------  --------------  -------------------
/opt/airflow/dags/weather_pipeline_dag.py                           1           0  0.19s           2026-09-19T18:59:18
================================================================================
[2026-09-19T18:59:52.348+0000] {manager.py:737} INFO - Searching for files in /opt/airflow/dags
[2026-09-19T18:59:52.350+0000] {manager.py:740} INFO - There are 1 files in /opt/airflow/dags
[2026-09-19T19:00:16.526+0000] {manager.py:878} INFO - 
================================================================================
DAG File Processing Stats

File Path                                  PID    Runtime      # DAGs    # Errors  Last Runtime    Last Run
-----------------------------------------  -----  ---------  --------  ----------  --------------  -------------------
/opt/airflow/dags/weather_pipeline_dag.py                           1           0  0.24s           2026-09-19T18:59:48
================================================================================
[2026-09-19T19:00:46.956+0000] {manager.py:878} INFO - 
================================================================================
DAG File Processing Stats

File Path                                  PID    Runtime      # DAGs    # Errors  Last Runtime    Last Run
-----------------------------------------  -----  ---------  --------  ----------  --------------  -------------------
/opt/airflow/dags/weather_pipeline_dag.py                           1           0  0.34s           2026-09-19T19:00:19
================================================================================
[2026-09-19T19:01:17.462+0000] {manager.py:878} INFO - 
================================================================================
DAG File Processing Stats

File Path                                  PID    Runtime      # DAGs    # Errors  Last Runtime    Last Run
-----------------------------------------  -----  ---------  --------  ----------  --------------  -------------------
/opt/airflow/dags/weather_pipeline_dag.py                           1           0  0.24s           2026-09-19T19:00:49
================================================================================
[2026-09-19T19:01:47.887+0000] {manager.py:878} INFO - 
================================================================================
DAG File Processing Stats

File Path                                  PID    Runtime      # DAGs    # Errors  Last Runtime    Last Run
-----------------------------------------  -----  ---------  --------  ----------  --------------  -------------------
/opt/airflow/dags/weather_pipeline_dag.py                           1           0  0.28s           2026-09-19T19:01:20
================================================================================
[2026-09-19T19:02:18.337+0000] {manager.py:878} INFO - 
================================================================================
DAG File Processing Stats

File Path                                  PID    Runtime      # DAGs    # Errors  Last Runtime    Last Run
-----------------------------------------  -----  ---------  --------  ----------  --------------  -------------------
/opt/airflow/dags/weather_pipeline_dag.py                           1           0  0.16s           2026-09-19T19:01:50
================================================================================
[2026-09-19T19:02:48.685+0000] {manager.py:878} INFO - 
================================================================================
DAG File Processing Stats

File Path                                  PID    Runtime      # DAGs    # Errors  Last Runtime    Last Run
-----------------------------------------  -----  ---------  --------  ----------  --------------  -------------------
/opt/airflow/dags/weather_pipeline_dag.py                           1           0  0.17s           2026-09-19T19:02:20
================================================================================
[2026-09-19T19:03:18.912+0000] {manager.py:878} INFO - 
================================================================================
DAG File Processing Stats

File Path                                  PID    Runtime      # DAGs    # Errors  Last Runtime    Last Run
-----------------------------------------  -----  ---------  --------  ----------  --------------  -------------------
/opt/airflow/dags/weather_pipeline_dag.py                           1           0  0.16s           2026-09-19T19:02:50
================================================================================
[2026-09-19T19:03:49.249+0000] {manager.py:878} INFO - 
================================================================================
DAG File Processing Stats

File Path                                  PID    Runtime      # DAGs    # Errors  Last Runtime    Last Run
-----------------------------------------  -----  ---------  --------  ----------  --------------  -------------------
/opt/airflow/dags/weather_pipeline_dag.py                           1           0  0.16s           2026-09-19T19:03:21
================================================================================
[2026-09-19T19:04:19.478+0000] {manager.py:878} INFO - 
================================================================================
DAG File Processing Stats

File Path                                  PID    Runtime      # DAGs    # Errors  Last Runtime    Last Run
-----------------------------------------  -----  ---------  --------  ----------  --------------  -------------------
/opt/airflow/dags/weather_pipeline_dag.py                           1           0  0.16s           2026-09-19T19:03:51
================================================================================
[2026-09-19T19:38:44.896+0000] {manager.py:737} INFO - Searching for files in /opt/airflow/dags
[2026-09-19T19:38:44.898+0000] {manager.py:740} INFO - There are 1 files in /opt/airflow/dags
[2026-09-19T19:38:59.943+0000] {manager.py:878} INFO - 
================================================================================
DAG File Processing Stats

File Path                                  PID    Runtime      # DAGs    # Errors  Last Runtime    Last Run
-----------------------------------------  -----  ---------  --------  ----------  --------------  -------------------
/opt/airflow/dags/weather_pipeline_dag.py                           1           0  0.28s           2026-09-19T19:38:45
================================================================================
[2026-09-19T19:39:30.371+0000] {manager.py:878} INFO - 
================================================================================
DAG File Processing Stats

File Path                                  PID    Runtime      # DAGs    # Errors  Last Runtime    Last Run
-----------------------------------------  -----  ---------  --------  ----------  --------------  -------------------
/opt/airflow/dags/weather_pipeline_dag.py                           1           0  0.22s           2026-09-19T19:39:15
================================================================================
[2026-09-19T19:40:00.780+0000] {manager.py:878} INFO - 
================================================================================
DAG File Processing Stats

File Path                                  PID    Runtime      # DAGs    # Errors  Last Runtime    Last Run
-----------------------------------------  -----  ---------  --------  ----------  --------------  -------------------
/opt/airflow/dags/weather_pipeline_dag.py                           1           0  0.17s           2026-09-19T19:39:45
================================================================================
[2026-09-19T19:40:31.109+0000] {manager.py:878} INFO - 
================================================================================
DAG File Processing Stats

File Path                                  PID    Runtime      # DAGs    # Errors  Last Runtime    Last Run
-----------------------------------------  -----  ---------  --------  ----------  --------------  -------------------
/opt/airflow/dags/weather_pipeline_dag.py                           1           0  0.15s           2026-09-19T19:40:16
================================================================================
[2026-09-19T19:41:01.352+0000] {manager.py:878} INFO - 
================================================================================
DAG File Processing Stats

File Path                                  PID    Runtime      # DAGs    # Errors  Last Runtime    Last Run
-----------------------------------------  -----  ---------  --------  ----------  --------------  -------------------
/opt/airflow/dags/weather_pipeline_dag.py                           1           0  0.15s           2026-09-19T19:40:46
================================================================================
[2026-09-19T19:41:31.664+0000] {manager.py:878} INFO - 
================================================================================
DAG File Processing Stats

File Path                                  PID    Runtime      # DAGs    # Errors  Last Runtime    Last Run
-----------------------------------------  -----  ---------  --------  ----------  --------------  -------------------
/opt/airflow/dags/weather_pipeline_dag.py                           1           0  0.15s           2026-09-19T19:41:16
================================================================================
[2026-09-19T19:42:01.892+0000] {manager.py:878} INFO - 
================================================================================
DAG File Processing Stats

File Path                                  PID    Runtime      # DAGs    # Errors  Last Runtime    Last Run
-----------------------------------------  -----  ---------  --------  ----------  --------------  -------------------
/opt/airflow/dags/weather_pipeline_dag.py                           1           0  0.15s           2026-09-19T19:41:46
================================================================================
[2026-09-19T19:42:32.191+0000] {manager.py:878} INFO - 
================================================================================
DAG File Processing Stats

File Path                                  PID    Runtime      # DAGs    # Errors  Last Runtime    Last Run
-----------------------------------------  -----  ---------  --------  ----------  --------------  -------------------
/opt/airflow/dags/weather_pipeline_dag.py                           1           0  0.15s           2026-09-19T19:42:17
================================================================================
[2026-09-19T19:43:02.437+0000] {manager.py:878} INFO - 
================================================================================
DAG File Processing Stats

File Path                                  PID    Runtime      # DAGs    # Errors  Last Runtime    Last Run
-----------------------------------------  -----  ---------  --------  ----------  --------------  -------------------
/opt/airflow/dags/weather_pipeline_dag.py                           1           0  0.15s           2026-09-19T19:42:47
================================================================================
[2026-09-19T19:43:32.737+0000] {manager.py:878} INFO - 
================================================================================
DAG File Processing Stats

File Path                                  PID    Runtime      # DAGs    # Errors  Last Runtime    Last Run
-----------------------------------------  -----  ---------  --------  ----------  --------------  -------------------
/opt/airflow/dags/weather_pipeline_dag.py                           1           0  0.15s           2026-09-19T19:43:17
================================================================================
[2026-09-19T19:43:45.819+0000] {manager.py:737} INFO - Searching for files in /opt/airflow/dags
[2026-09-19T19:43:45.822+0000] {manager.py:740} INFO - There are 1 files in /opt/airflow/dags
[2026-09-19T19:44:02.971+0000] {manager.py:878} INFO - 
================================================================================
DAG File Processing Stats

File Path                                  PID    Runtime      # DAGs    # Errors  Last Runtime    Last Run
-----------------------------------------  -----  ---------  --------  ----------  --------------  -------------------
/opt/airflow/dags/weather_pipeline_dag.py                           1           0  0.15s           2026-09-19T19:43:48
================================================================================
[2026-09-19T19:44:33.287+0000] {manager.py:878} INFO - 
================================================================================
DAG File Processing Stats

File Path                                  PID    Runtime      # DAGs    # Errors  Last Runtime    Last Run
-----------------------------------------  -----  ---------  --------  ----------  --------------  -------------------
/opt/airflow/dags/weather_pipeline_dag.py                           1           0  0.15s           2026-09-19T19:44:18
================================================================================
[2026-09-19T19:45:03.499+0000] {manager.py:878} INFO - 
================================================================================
DAG File Processing Stats

File Path                                  PID    Runtime      # DAGs    # Errors  Last Runtime    Last Run
-----------------------------------------  -----  ---------  --------  ----------  --------------  -------------------
/opt/airflow/dags/weather_pipeline_dag.py                           1           0  0.17s           2026-09-19T19:44:48
================================================================================
[2026-09-19T19:45:33.816+0000] {manager.py:878} INFO - 
================================================================================
DAG File Processing Stats

File Path                                  PID    Runtime      # DAGs    # Errors  Last Runtime    Last Run
-----------------------------------------  -----  ---------  --------  ----------  --------------  -------------------
/opt/airflow/dags/weather_pipeline_dag.py                           1           0  0.15s           2026-09-19T19:45:18
================================================================================
[2026-09-19T19:46:04.046+0000] {manager.py:878} INFO - 
================================================================================
DAG File Processing Stats

File Path                                  PID    Runtime      # DAGs    # Errors  Last Runtime    Last Run
-----------------------------------------  -----  ---------  --------  ----------  --------------  -------------------
/opt/airflow/dags/weather_pipeline_dag.py                           1           0  0.15s           2026-09-19T19:45:49
================================================================================
[2026-09-19T19:46:34.376+0000] {manager.py:878} INFO - 
================================================================================
DAG File Processing Stats

File Path                                  PID    Runtime      # DAGs    # Errors  Last Runtime    Last Run
-----------------------------------------  -----  ---------  --------  ----------  --------------  -------------------
/opt/airflow/dags/weather_pipeline_dag.py                           1           0  0.15s           2026-09-19T19:46:19
================================================================================
[2026-09-19T19:47:04.606+0000] {manager.py:878} INFO - 
================================================================================
DAG File Processing Stats

File Path                                  PID    Runtime      # DAGs    # Errors  Last Runtime    Last Run
-----------------------------------------  -----  ---------  --------  ----------  --------------  -------------------
/opt/airflow/dags/weather_pipeline_dag.py                           1           0  0.14s           2026-09-19T19:46:49
================================================================================
[2026-09-19T19:47:34.896+0000] {manager.py:878} INFO - 
================================================================================
DAG File Processing Stats

File Path                                  PID    Runtime      # DAGs    # Errors  Last Runtime    Last Run
-----------------------------------------  -----  ---------  --------  ----------  --------------  -------------------
/opt/airflow/dags/weather_pipeline_dag.py                           1           0  0.16s           2026-09-19T19:47:19
================================================================================
[2026-09-19T19:48:05.117+0000] {manager.py:878} INFO - 
================================================================================
DAG File Processing Stats

File Path                                  PID    Runtime      # DAGs    # Errors  Last Runtime    Last Run
-----------------------------------------  -----  ---------  --------  ----------  --------------  -------------------
/opt/airflow/dags/weather_pipeline_dag.py                           1           0  0.20s           2026-09-19T19:47:50
================================================================================
[2026-09-19T19:48:35.455+0000] {manager.py:878} INFO - 
================================================================================
DAG File Processing Stats

File Path                                  PID    Runtime      # DAGs    # Errors  Last Runtime    Last Run
-----------------------------------------  -----  ---------  --------  ----------  --------------  -------------------
/opt/airflow/dags/weather_pipeline_dag.py                           1           0  0.15s           2026-09-19T19:48:20
================================================================================
[2026-09-19T19:48:46.526+0000] {manager.py:737} INFO - Searching for files in /opt/airflow/dags
[2026-09-19T19:48:46.528+0000] {manager.py:740} INFO - There are 2 files in /opt/airflow/dags
[2026-09-19T19:49:05.738+0000] {manager.py:878} INFO - 
================================================================================
DAG File Processing Stats

File Path                                     PID    Runtime      # DAGs    # Errors  Last Runtime    Last Run
--------------------------------------------  -----  ---------  --------  ----------  --------------  -------------------
/opt/airflow/dags/weather_pipeline_dag.py                              1           0  0.15s           2026-09-19T19:48:50
/opt/airflow/dags/restaurant_pipeline_dag.py                           0           1  0.08s           2026-09-19T19:48:46
================================================================================
[2026-09-19T19:49:36.030+0000] {manager.py:878} INFO - 
================================================================================
DAG File Processing Stats

File Path                                     PID    Runtime      # DAGs    # Errors  Last Runtime    Last Run
--------------------------------------------  -----  ---------  --------  ----------  --------------  -------------------
/opt/airflow/dags/weather_pipeline_dag.py                              1           0  0.15s           2026-09-19T19:49:21
/opt/airflow/dags/restaurant_pipeline_dag.py                           0           1  0.06s           2026-09-19T19:49:16
================================================================================
[2026-09-19T19:50:06.310+0000] {manager.py:878} INFO - 
================================================================================
DAG File Processing Stats

File Path                                     PID    Runtime      # DAGs    # Errors  Last Runtime    Last Run
--------------------------------------------  -----  ---------  --------  ----------  --------------  -------------------
/opt/airflow/dags/weather_pipeline_dag.py                              1           0  0.15s           2026-09-19T19:49:51
/opt/airflow/dags/restaurant_pipeline_dag.py                           0           1  0.07s           2026-09-19T19:49:47
================================================================================
[2026-09-19T19:50:36.582+0000] {manager.py:878} INFO - 
================================================================================
DAG File Processing Stats

File Path                                     PID    Runtime      # DAGs    # Errors  Last Runtime    Last Run
--------------------------------------------  -----  ---------  --------  ----------  --------------  -------------------
/opt/airflow/dags/weather_pipeline_dag.py                              1           0  0.16s           2026-09-19T19:50:21
/opt/airflow/dags/restaurant_pipeline_dag.py                           0           1  0.07s           2026-09-19T19:50:17
================================================================================
[2026-09-19T19:51:06.839+0000] {manager.py:878} INFO - 
================================================================================
DAG File Processing Stats

File Path                                     PID    Runtime      # DAGs    # Errors  Last Runtime    Last Run
--------------------------------------------  -----  ---------  --------  ----------  --------------  -------------------
/opt/airflow/dags/weather_pipeline_dag.py                              1           0  0.15s           2026-09-19T19:50:51
/opt/airflow/dags/restaurant_pipeline_dag.py                           0           1  0.07s           2026-09-19T19:50:47
================================================================================
[2026-09-19T19:51:37.121+0000] {manager.py:878} INFO - 
================================================================================
DAG File Processing Stats

File Path                                     PID    Runtime      # DAGs    # Errors  Last Runtime    Last Run
--------------------------------------------  -----  ---------  --------  ----------  --------------  -------------------
/opt/airflow/dags/weather_pipeline_dag.py                              1           0  0.14s           2026-09-19T19:51:22
/opt/airflow/dags/restaurant_pipeline_dag.py                           0           1  0.07s           2026-09-19T19:51:17
================================================================================
[2026-09-19T19:52:07.397+0000] {manager.py:878} INFO - 
================================================================================
DAG File Processing Stats

File Path                                     PID    Runtime      # DAGs    # Errors  Last Runtime    Last Run
--------------------------------------------  -----  ---------  --------  ----------  --------------  -------------------
/opt/airflow/dags/weather_pipeline_dag.py                              1           0  0.15s           2026-09-19T19:51:52
/opt/airflow/dags/restaurant_pipeline_dag.py                           0           1  0.07s           2026-09-19T19:51:48
================================================================================
[2026-09-19T19:52:37.654+0000] {manager.py:878} INFO - 
================================================================================
DAG File Processing Stats

File Path                                     PID    Runtime      # DAGs    # Errors  Last Runtime    Last Run
--------------------------------------------  -----  ---------  --------  ----------  --------------  -------------------
/opt/airflow/dags/weather_pipeline_dag.py                              1           0  0.14s           2026-09-19T19:52:22
/opt/airflow/dags/restaurant_pipeline_dag.py                           0           1  0.06s           2026-09-19T19:52:18
================================================================================
[2026-09-19T19:53:07.921+0000] {manager.py:878} INFO - 
================================================================================
DAG File Processing Stats

File Path                                     PID    Runtime      # DAGs    # Errors  Last Runtime    Last Run
--------------------------------------------  -----  ---------  --------  ----------  --------------  -------------------
/opt/airflow/dags/weather_pipeline_dag.py                              1           0  0.22s           2026-09-19T19:52:52
/opt/airflow/dags/restaurant_pipeline_dag.py                           0           1  0.07s           2026-09-19T19:53:05
================================================================================
[2026-09-19T19:53:38.160+0000] {manager.py:878} INFO - 
================================================================================
DAG File Processing Stats

File Path                                     PID    Runtime      # DAGs    # Errors  Last Runtime    Last Run
--------------------------------------------  -----  ---------  --------  ----------  --------------  -------------------
/opt/airflow/dags/weather_pipeline_dag.py                              1           0  0.14s           2026-09-19T19:53:23
/opt/airflow/dags/restaurant_pipeline_dag.py                           0           1  0.07s           2026-09-19T19:53:36
================================================================================
[2026-09-19T19:53:47.212+0000] {manager.py:737} INFO - Searching for files in /opt/airflow/dags
[2026-09-19T19:53:47.215+0000] {manager.py:740} INFO - There are 2 files in /opt/airflow/dags
[2026-09-19T19:54:08.379+0000] {manager.py:878} INFO - 
================================================================================
DAG File Processing Stats

File Path                                     PID    Runtime      # DAGs    # Errors  Last Runtime    Last Run
--------------------------------------------  -----  ---------  --------  ----------  --------------  -------------------
/opt/airflow/dags/weather_pipeline_dag.py                              1           0  0.20s           2026-09-19T19:53:53
/opt/airflow/dags/restaurant_pipeline_dag.py                           0           1  0.07s           2026-09-19T19:54:06
================================================================================
[2026-09-19T19:54:38.650+0000] {manager.py:878} INFO - 
================================================================================
DAG File Processing Stats

File Path                                     PID    Runtime      # DAGs    # Errors  Last Runtime    Last Run
--------------------------------------------  -----  ---------  --------  ----------  --------------  -------------------
/opt/airflow/dags/weather_pipeline_dag.py                              1           0  0.15s           2026-09-19T19:54:23
/opt/airflow/dags/restaurant_pipeline_dag.py                           0           1  0.07s           2026-09-19T19:54:36
================================================================================
[2026-09-19T19:55:08.897+0000] {manager.py:878} INFO - 
================================================================================
DAG File Processing Stats

File Path                                     PID    Runtime      # DAGs    # Errors  Last Runtime    Last Run
--------------------------------------------  -----  ---------  --------  ----------  --------------  -------------------
/opt/airflow/dags/weather_pipeline_dag.py                              1           0  0.17s           2026-09-19T19:54:53
/opt/airflow/dags/restaurant_pipeline_dag.py                           0           1  0.06s           2026-09-19T19:55:06
================================================================================
[2026-09-19T19:55:39.150+0000] {manager.py:878} INFO - 
================================================================================
DAG File Processing Stats

File Path                                     PID    Runtime      # DAGs    # Errors  Last Runtime    Last Run
--------------------------------------------  -----  ---------  --------  ----------  --------------  -------------------
/opt/airflow/dags/weather_pipeline_dag.py                              1           0  0.14s           2026-09-19T19:55:24
/opt/airflow/dags/restaurant_pipeline_dag.py                           0           1  0.06s           2026-09-19T19:55:37
================================================================================
[2026-09-19T19:56:09.406+0000] {manager.py:878} INFO - 
================================================================================
DAG File Processing Stats

File Path                                     PID    Runtime      # DAGs    # Errors  Last Runtime    Last Run
--------------------------------------------  -----  ---------  --------  ----------  --------------  -------------------
/opt/airflow/dags/weather_pipeline_dag.py                              1           0  0.15s           2026-09-19T19:55:54
/opt/airflow/dags/restaurant_pipeline_dag.py                           0           1  0.07s           2026-09-19T19:56:07
================================================================================
[2026-09-19T19:56:39.648+0000] {manager.py:878} INFO - 
================================================================================
DAG File Processing Stats

File Path                                     PID    Runtime      # DAGs    # Errors  Last Runtime    Last Run
--------------------------------------------  -----  ---------  --------  ----------  --------------  -------------------
/opt/airflow/dags/weather_pipeline_dag.py                              1           0  0.17s           2026-09-19T19:56:24
/opt/airflow/dags/restaurant_pipeline_dag.py                           0           1  0.06s           2026-09-19T19:56:37
================================================================================
[2026-09-19T19:57:09.897+0000] {manager.py:878} INFO - 
================================================================================
DAG File Processing Stats

File Path                                     PID    Runtime      # DAGs    # Errors  Last Runtime    Last Run
--------------------------------------------  -----  ---------  --------  ----------  --------------  -------------------
/opt/airflow/dags/weather_pipeline_dag.py                              1           0  0.15s           2026-09-19T19:56:54
/opt/airflow/dags/restaurant_pipeline_dag.py                           0           1  0.06s           2026-09-19T19:57:07
================================================================================
[2026-09-19T19:57:40.154+0000] {manager.py:878} INFO - 
================================================================================
DAG File Processing Stats

File Path                                     PID    Runtime      # DAGs    # Errors  Last Runtime    Last Run
--------------------------------------------  -----  ---------  --------  ----------  --------------  -------------------
/opt/airflow/dags/weather_pipeline_dag.py                              1           0  0.14s           2026-09-19T19:57:25
/opt/airflow/dags/restaurant_pipeline_dag.py                           0           1  0.07s           2026-09-19T19:57:38
================================================================================
[2026-09-19T19:58:10.418+0000] {manager.py:878} INFO - 
================================================================================
DAG File Processing Stats

File Path                                     PID    Runtime      # DAGs    # Errors  Last Runtime    Last Run
--------------------------------------------  -----  ---------  --------  ----------  --------------  -------------------
/opt/airflow/dags/weather_pipeline_dag.py                              1           0  0.15s           2026-09-19T19:57:55
/opt/airflow/dags/restaurant_pipeline_dag.py                           0           1  0.07s           2026-09-19T19:58:08
================================================================================
[2026-09-19T19:58:40.673+0000] {manager.py:878} INFO - 
================================================================================
DAG File Processing Stats

File Path                                     PID    Runtime      # DAGs    # Errors  Last Runtime    Last Run
--------------------------------------------  -----  ---------  --------  ----------  --------------  -------------------
/opt/airflow/dags/weather_pipeline_dag.py                              1           0  0.15s           2026-09-19T19:58:25
/opt/airflow/dags/restaurant_pipeline_dag.py                           0           1  0.07s           2026-09-19T19:58:38
================================================================================
[2026-09-19T19:58:47.723+0000] {manager.py:737} INFO - Searching for files in /opt/airflow/dags
[2026-09-19T19:58:47.726+0000] {manager.py:740} INFO - There are 2 files in /opt/airflow/dags
[2026-09-19T19:59:10.942+0000] {manager.py:878} INFO - 
================================================================================
DAG File Processing Stats

File Path                                     PID    Runtime      # DAGs    # Errors  Last Runtime    Last Run
--------------------------------------------  -----  ---------  --------  ----------  --------------  -------------------
/opt/airflow/dags/weather_pipeline_dag.py                              1           0  0.15s           2026-09-19T19:58:55
/opt/airflow/dags/restaurant_pipeline_dag.py                           0           1  0.07s           2026-09-19T19:59:08
================================================================================
[2026-09-19T19:59:41.204+0000] {manager.py:878} INFO - 
================================================================================
DAG File Processing Stats

File Path                                     PID    Runtime      # DAGs    # Errors  Last Runtime    Last Run
--------------------------------------------  -----  ---------  --------  ----------  --------------  -------------------
/opt/airflow/dags/weather_pipeline_dag.py                              1           0  0.14s           2026-09-19T19:59:26
/opt/airflow/dags/restaurant_pipeline_dag.py                           0           1  0.06s           2026-09-19T19:59:39
================================================================================
[2026-09-19T20:00:11.462+0000] {manager.py:878} INFO - 
================================================================================
DAG File Processing Stats

File Path                                     PID    Runtime      # DAGs    # Errors  Last Runtime    Last Run
--------------------------------------------  -----  ---------  --------  ----------  --------------  -------------------
/opt/airflow/dags/weather_pipeline_dag.py                              1           0  0.14s           2026-09-19T19:59:56
/opt/airflow/dags/restaurant_pipeline_dag.py                           0           1  0.08s           2026-09-19T20:00:09
================================================================================
[2026-09-19T20:00:41.741+0000] {manager.py:878} INFO - 
================================================================================
DAG File Processing Stats

File Path                                     PID    Runtime      # DAGs    # Errors  Last Runtime    Last Run
--------------------------------------------  -----  ---------  --------  ----------  --------------  -------------------
/opt/airflow/dags/weather_pipeline_dag.py                              1           0  0.15s           2026-09-19T20:00:26
/opt/airflow/dags/restaurant_pipeline_dag.py                           0           1  0.07s           2026-09-19T20:00:39
================================================================================
[2026-09-19T20:01:11.983+0000] {manager.py:878} INFO - 
================================================================================
DAG File Processing Stats

File Path                                     PID    Runtime      # DAGs    # Errors  Last Runtime    Last Run
--------------------------------------------  -----  ---------  --------  ----------  --------------  -------------------
/opt/airflow/dags/weather_pipeline_dag.py                              1           0  0.14s           2026-09-19T20:00:56
/opt/airflow/dags/restaurant_pipeline_dag.py                           0           1  0.06s           2026-09-19T20:01:09
================================================================================
[2026-09-19T20:01:42.245+0000] {manager.py:878} INFO - 
================================================================================
DAG File Processing Stats

File Path                                     PID    Runtime      # DAGs    # Errors  Last Runtime    Last Run
--------------------------------------------  -----  ---------  --------  ----------  --------------  -------------------
/opt/airflow/dags/weather_pipeline_dag.py                              1           0  0.15s           2026-09-19T20:01:27
/opt/airflow/dags/restaurant_pipeline_dag.py                           0           1  0.07s           2026-09-19T20:01:39
================================================================================
[2026-09-19T20:02:12.552+0000] {manager.py:878} INFO - 
================================================================================
DAG File Processing Stats

File Path                                     PID    Runtime      # DAGs    # Errors  Last Runtime    Last Run
--------------------------------------------  -----  ---------  --------  ----------  --------------  -------------------
/opt/airflow/dags/weather_pipeline_dag.py                              1           0  0.16s           2026-09-19T20:01:57
/opt/airflow/dags/restaurant_pipeline_dag.py                           0           1  0.07s           2026-09-19T20:02:11
================================================================================
[2026-09-19T20:02:42.817+0000] {manager.py:878} INFO - 
================================================================================
DAG File Processing Stats

File Path                                     PID    Runtime      # DAGs    # Errors  Last Runtime    Last Run
--------------------------------------------  -----  ---------  --------  ----------  --------------  -------------------
/opt/airflow/dags/weather_pipeline_dag.py                              1           0  0.15s           2026-09-19T20:02:27
/opt/airflow/dags/restaurant_pipeline_dag.py                           0           1  0.08s           2026-09-19T20:02:21
================================================================================
[2026-09-19T20:03:13.092+0000] {manager.py:878} INFO - 
================================================================================
DAG File Processing Stats

File Path                                     PID    Runtime      # DAGs    # Errors  Last Runtime    Last Run
--------------------------------------------  -----  ---------  --------  ----------  --------------  -------------------
/opt/airflow/dags/weather_pipeline_dag.py                              1           0  0.15s           2026-09-19T20:02:58
/opt/airflow/dags/restaurant_pipeline_dag.py                           0           1  0.07s           2026-09-19T20:02:57
================================================================================
[2026-09-19T20:03:43.375+0000] {manager.py:878} INFO - 
================================================================================
DAG File Processing Stats

File Path                                     PID    Runtime      # DAGs    # Errors  Last Runtime    Last Run
--------------------------------------------  -----  ---------  --------  ----------  --------------  -------------------
/opt/airflow/dags/weather_pipeline_dag.py                              1           0  0.17s           2026-09-19T20:03:28
/opt/airflow/dags/restaurant_pipeline_dag.py                           0           1  0.08s           2026-09-19T20:03:28
================================================================================
[2026-09-19T20:03:48.412+0000] {manager.py:737} INFO - Searching for files in /opt/airflow/dags
[2026-09-19T20:03:48.415+0000] {manager.py:740} INFO - There are 2 files in /opt/airflow/dags
[2026-09-19T20:04:13.688+0000] {manager.py:878} INFO - 
================================================================================
DAG File Processing Stats

File Path                                     PID    Runtime      # DAGs    # Errors  Last Runtime    Last Run
--------------------------------------------  -----  ---------  --------  ----------  --------------  -------------------
/opt/airflow/dags/weather_pipeline_dag.py                              1           0  0.15s           2026-09-19T20:03:58
/opt/airflow/dags/restaurant_pipeline_dag.py                           0           1  0.07s           2026-09-19T20:03:58
================================================================================
[2026-09-19T20:04:43.986+0000] {manager.py:878} INFO - 
================================================================================
DAG File Processing Stats

File Path                                     PID    Runtime      # DAGs    # Errors  Last Runtime    Last Run
--------------------------------------------  -----  ---------  --------  ----------  --------------  -------------------
/opt/airflow/dags/weather_pipeline_dag.py                              1           0  0.16s           2026-09-19T20:04:28
/opt/airflow/dags/restaurant_pipeline_dag.py                           0           1  0.08s           2026-09-19T20:04:28
================================================================================
[2026-09-19T20:05:14.270+0000] {manager.py:878} INFO - 
================================================================================
DAG File Processing Stats

File Path                                     PID    Runtime      # DAGs    # Errors  Last Runtime    Last Run
--------------------------------------------  -----  ---------  --------  ----------  --------------  -------------------
/opt/airflow/dags/weather_pipeline_dag.py                              1           0  0.15s           2026-09-19T20:04:59
/opt/airflow/dags/restaurant_pipeline_dag.py                           0           1  0.08s           2026-09-19T20:04:59
================================================================================
[2026-09-19T20:05:44.570+0000] {manager.py:878} INFO - 
================================================================================
DAG File Processing Stats

File Path                                     PID    Runtime      # DAGs    # Errors  Last Runtime    Last Run
--------------------------------------------  -----  ---------  --------  ----------  --------------  -------------------
/opt/airflow/dags/weather_pipeline_dag.py                              1           0  0.16s           2026-09-19T20:05:29
/opt/airflow/dags/restaurant_pipeline_dag.py                           0           1  0.09s           2026-09-19T20:05:29
================================================================================
[2026-09-19T20:06:14.871+0000] {manager.py:878} INFO - 
================================================================================
DAG File Processing Stats

File Path                                     PID    Runtime      # DAGs    # Errors  Last Runtime    Last Run
--------------------------------------------  -----  ---------  --------  ----------  --------------  -------------------
/opt/airflow/dags/weather_pipeline_dag.py                              1           0  0.16s           2026-09-19T20:05:59
/opt/airflow/dags/restaurant_pipeline_dag.py                           0           1  0.08s           2026-09-19T20:05:59
================================================================================
[2026-09-19T20:06:45.157+0000] {manager.py:878} INFO - 
================================================================================
DAG File Processing Stats

File Path                                     PID    Runtime      # DAGs    # Errors  Last Runtime    Last Run
--------------------------------------------  -----  ---------  --------  ----------  --------------  -------------------
/opt/airflow/dags/weather_pipeline_dag.py                              1           0  0.15s           2026-09-19T20:06:30
/opt/airflow/dags/restaurant_pipeline_dag.py                           0           1  0.08s           2026-09-19T20:06:30
================================================================================
[2026-09-19T20:07:15.440+0000] {manager.py:878} INFO - 
================================================================================
DAG File Processing Stats

File Path                                     PID    Runtime      # DAGs    # Errors  Last Runtime    Last Run
--------------------------------------------  -----  ---------  --------  ----------  --------------  -------------------
/opt/airflow/dags/weather_pipeline_dag.py                              1           0  0.16s           2026-09-19T20:07:00
/opt/airflow/dags/restaurant_pipeline_dag.py                           0           1  0.08s           2026-09-19T20:07:00
================================================================================
[2026-09-19T20:07:45.740+0000] {manager.py:878} INFO - 
================================================================================
DAG File Processing Stats

File Path                                     PID    Runtime      # DAGs    # Errors  Last Runtime    Last Run
--------------------------------------------  -----  ---------  --------  ----------  --------------  -------------------
/opt/airflow/dags/weather_pipeline_dag.py                              1           0  0.16s           2026-09-19T20:07:30
/opt/airflow/dags/restaurant_pipeline_dag.py                           0           1  0.08s           2026-09-19T20:07:30
================================================================================
[2026-09-19T20:08:16.030+0000] {manager.py:878} INFO - 
================================================================================
DAG File Processing Stats

File Path                                     PID    Runtime      # DAGs    # Errors  Last Runtime    Last Run
--------------------------------------------  -----  ---------  --------  ----------  --------------  -------------------
/opt/airflow/dags/weather_pipeline_dag.py                              1           0  0.16s           2026-09-19T20:08:01
/opt/airflow/dags/restaurant_pipeline_dag.py                           0           1  0.08s           2026-09-19T20:08:00
================================================================================
[2026-09-19T20:08:46.335+0000] {manager.py:878} INFO - 
================================================================================
DAG File Processing Stats

File Path                                     PID    Runtime      # DAGs    # Errors  Last Runtime    Last Run
--------------------------------------------  -----  ---------  --------  ----------  --------------  -------------------
/opt/airflow/dags/weather_pipeline_dag.py                              1           0  0.16s           2026-09-19T20:08:31
/opt/airflow/dags/restaurant_pipeline_dag.py                           0           1  0.08s           2026-09-19T20:08:31
================================================================================
[2026-09-19T20:08:49.351+0000] {manager.py:737} INFO - Searching for files in /opt/airflow/dags
[2026-09-19T20:08:49.353+0000] {manager.py:740} INFO - There are 2 files in /opt/airflow/dags
[2026-09-19T20:09:16.639+0000] {manager.py:878} INFO - 
================================================================================
DAG File Processing Stats

File Path                                     PID    Runtime      # DAGs    # Errors  Last Runtime    Last Run
--------------------------------------------  -----  ---------  --------  ----------  --------------  -------------------
/opt/airflow/dags/weather_pipeline_dag.py                              1           0  0.15s           2026-09-19T20:09:01
/opt/airflow/dags/restaurant_pipeline_dag.py                           0           1  0.08s           2026-09-19T20:09:01
================================================================================
[2026-09-19T20:09:46.905+0000] {manager.py:878} INFO - 
================================================================================
DAG File Processing Stats

File Path                                     PID    Runtime      # DAGs    # Errors  Last Runtime    Last Run
--------------------------------------------  -----  ---------  --------  ----------  --------------  -------------------
/opt/airflow/dags/weather_pipeline_dag.py                              1           0  0.14s           2026-09-19T20:09:31
/opt/airflow/dags/restaurant_pipeline_dag.py                           0           1  0.07s           2026-09-19T20:09:22
================================================================================
[2026-09-19T20:10:17.168+0000] {manager.py:878} INFO - 
================================================================================
DAG File Processing Stats

File Path                                     PID    Runtime      # DAGs    # Errors  Last Runtime    Last Run
--------------------------------------------  -----  ---------  --------  ----------  --------------  -------------------
/opt/airflow/dags/weather_pipeline_dag.py                              1           0  0.22s           2026-09-19T20:10:02
/opt/airflow/dags/restaurant_pipeline_dag.py                           0           1  0.07s           2026-09-19T20:09:53
================================================================================
[2026-09-19T20:10:47.455+0000] {manager.py:878} INFO - 
================================================================================
DAG File Processing Stats

File Path                                     PID    Runtime      # DAGs    # Errors  Last Runtime    Last Run
--------------------------------------------  -----  ---------  --------  ----------  --------------  -------------------
/opt/airflow/dags/weather_pipeline_dag.py                              1           0  0.27s           2026-09-19T20:10:32
/opt/airflow/dags/restaurant_pipeline_dag.py                           0           1  0.10s           2026-09-19T20:10:23
================================================================================
[2026-09-19T20:11:17.707+0000] {manager.py:878} INFO - 
================================================================================
DAG File Processing Stats

File Path                                     PID    Runtime      # DAGs    # Errors  Last Runtime    Last Run
--------------------------------------------  -----  ---------  --------  ----------  --------------  -------------------
/opt/airflow/dags/weather_pipeline_dag.py                              1           0  0.16s           2026-09-19T20:11:02
/opt/airflow/dags/restaurant_pipeline_dag.py                           0           1  0.08s           2026-09-19T20:10:53
================================================================================
[2026-09-19T20:11:47.963+0000] {manager.py:878} INFO - 
================================================================================
DAG File Processing Stats

File Path                                     PID    Runtime      # DAGs    # Errors  Last Runtime    Last Run
--------------------------------------------  -----  ---------  --------  ----------  --------------  -------------------
/opt/airflow/dags/weather_pipeline_dag.py                              1           0  0.15s           2026-09-19T20:11:32
/opt/airflow/dags/restaurant_pipeline_dag.py                           0           1  0.07s           2026-09-19T20:11:23
================================================================================
[2026-09-19T20:12:18.276+0000] {manager.py:878} INFO - 
================================================================================
DAG File Processing Stats

File Path                                     PID    Runtime      # DAGs    # Errors  Last Runtime    Last Run
--------------------------------------------  -----  ---------  --------  ----------  --------------  -------------------
/opt/airflow/dags/weather_pipeline_dag.py                              1           0  0.25s           2026-09-19T20:12:03
/opt/airflow/dags/restaurant_pipeline_dag.py                           0           1  0.06s           2026-09-19T20:12:10
================================================================================
[2026-09-19T20:12:48.521+0000] {manager.py:878} INFO - 
================================================================================
DAG File Processing Stats

File Path                                     PID    Runtime      # DAGs    # Errors  Last Runtime    Last Run
--------------------------------------------  -----  ---------  --------  ----------  --------------  -------------------
/opt/airflow/dags/weather_pipeline_dag.py                              1           0  0.15s           2026-09-19T20:12:33
/opt/airflow/dags/restaurant_pipeline_dag.py                           0           1  0.06s           2026-09-19T20:12:40
================================================================================
[2026-09-19T20:13:18.745+0000] {manager.py:878} INFO - 
================================================================================
DAG File Processing Stats

File Path                                     PID    Runtime      # DAGs    # Errors  Last Runtime    Last Run
--------------------------------------------  -----  ---------  --------  ----------  --------------  -------------------
/opt/airflow/dags/weather_pipeline_dag.py                              1           0  0.15s           2026-09-19T20:13:03
/opt/airflow/dags/restaurant_pipeline_dag.py                           0           1  0.07s           2026-09-19T20:13:10
================================================================================
[2026-09-19T20:13:48.978+0000] {manager.py:878} INFO - 
================================================================================
DAG File Processing Stats

File Path                                     PID    Runtime      # DAGs    # Errors  Last Runtime    Last Run
--------------------------------------------  -----  ---------  --------  ----------  --------------  -------------------
/opt/airflow/dags/weather_pipeline_dag.py                              1           0  0.15s           2026-09-19T20:13:33
/opt/airflow/dags/restaurant_pipeline_dag.py                           0           1  0.06s           2026-09-19T20:13:42
================================================================================
[2026-09-19T20:13:49.982+0000] {manager.py:737} INFO - Searching for files in /opt/airflow/dags
[2026-09-19T20:13:49.983+0000] {manager.py:740} INFO - There are 2 files in /opt/airflow/dags
[2026-09-19T20:14:19.231+0000] {manager.py:878} INFO - 
================================================================================
DAG File Processing Stats

File Path                                     PID    Runtime      # DAGs    # Errors  Last Runtime    Last Run
--------------------------------------------  -----  ---------  --------  ----------  --------------  -------------------
/opt/airflow/dags/weather_pipeline_dag.py                              1           0  0.17s           2026-09-19T20:14:04
/opt/airflow/dags/restaurant_pipeline_dag.py                           0           1  0.07s           2026-09-19T20:14:13
================================================================================
[2026-09-19T20:14:49.496+0000] {manager.py:878} INFO - 
================================================================================
DAG File Processing Stats

File Path                                     PID    Runtime      # DAGs    # Errors  Last Runtime    Last Run
--------------------------------------------  -----  ---------  --------  ----------  --------------  -------------------
/opt/airflow/dags/weather_pipeline_dag.py                              1           0  0.17s           2026-09-19T20:14:34
/opt/airflow/dags/restaurant_pipeline_dag.py                           0           1  0.06s           2026-09-19T20:14:43
================================================================================
[2026-09-19T20:15:19.755+0000] {manager.py:878} INFO - 
================================================================================
DAG File Processing Stats

File Path                                     PID    Runtime      # DAGs    # Errors  Last Runtime    Last Run
--------------------------------------------  -----  ---------  --------  ----------  --------------  -------------------
/opt/airflow/dags/weather_pipeline_dag.py                              1           0  0.14s           2026-09-19T20:15:04
/opt/airflow/dags/restaurant_pipeline_dag.py                           0           1  0.06s           2026-09-19T20:15:13
================================================================================
[2026-09-19T20:15:49.994+0000] {manager.py:878} INFO - 
================================================================================
DAG File Processing Stats

File Path                                     PID    Runtime      # DAGs    # Errors  Last Runtime    Last Run
--------------------------------------------  -----  ---------  --------  ----------  --------------  -------------------
/opt/airflow/dags/weather_pipeline_dag.py                              1           0  0.15s           2026-09-19T20:15:35
/opt/airflow/dags/restaurant_pipeline_dag.py                           0           1  0.06s           2026-09-19T20:15:44
================================================================================
[2026-09-19T20:16:20.260+0000] {manager.py:878} INFO - 
================================================================================
DAG File Processing Stats

File Path                                     PID    Runtime      # DAGs    # Errors  Last Runtime    Last Run
--------------------------------------------  -----  ---------  --------  ----------  --------------  -------------------
/opt/airflow/dags/weather_pipeline_dag.py                              1           0  0.20s           2026-09-19T20:16:05
/opt/airflow/dags/restaurant_pipeline_dag.py                           0           1  0.08s           2026-09-19T20:16:18
================================================================================
[2026-09-19T20:16:50.455+0000] {manager.py:878} INFO - 
================================================================================
DAG File Processing Stats

File Path                                     PID    Runtime      # DAGs    # Errors  Last Runtime    Last Run
--------------------------------------------  -----  ---------  --------  ----------  --------------  -------------------
/opt/airflow/dags/weather_pipeline_dag.py                              1           0  0.15s           2026-09-19T20:16:35
/opt/airflow/dags/restaurant_pipeline_dag.py                           0           1  0.07s           2026-09-19T20:16:48
================================================================================
[2026-09-19T20:17:20.702+0000] {manager.py:878} INFO - 
================================================================================
DAG File Processing Stats

File Path                                     PID    Runtime      # DAGs    # Errors  Last Runtime    Last Run
--------------------------------------------  -----  ---------  --------  ----------  --------------  -------------------
/opt/airflow/dags/weather_pipeline_dag.py                              1           0  0.15s           2026-09-19T20:17:05
/opt/airflow/dags/restaurant_pipeline_dag.py                           0           1  0.07s           2026-09-19T20:17:18
================================================================================
[2026-09-19T20:17:50.924+0000] {manager.py:878} INFO - 
================================================================================
DAG File Processing Stats

File Path                                     PID    Runtime      # DAGs    # Errors  Last Runtime    Last Run
--------------------------------------------  -----  ---------  --------  ----------  --------------  -------------------
/opt/airflow/dags/weather_pipeline_dag.py                              1           0  0.20s           2026-09-19T20:17:35
/opt/airflow/dags/restaurant_pipeline_dag.py                           0           1  0.07s           2026-09-19T20:17:48
================================================================================
[2026-09-19T20:18:21.189+0000] {manager.py:878} INFO - 
================================================================================
DAG File Processing Stats

File Path                                     PID    Runtime      # DAGs    # Errors  Last Runtime    Last Run
--------------------------------------------  -----  ---------  --------  ----------  --------------  -------------------
/opt/airflow/dags/weather_pipeline_dag.py                              1           0  0.24s           2026-09-19T20:18:06
/opt/airflow/dags/restaurant_pipeline_dag.py                           0           1  0.06s           2026-09-19T20:18:19
================================================================================
[2026-09-19T20:18:50.457+0000] {manager.py:737} INFO - Searching for files in /opt/airflow/dags
[2026-09-19T20:18:50.461+0000] {manager.py:740} INFO - There are 2 files in /opt/airflow/dags
[2026-09-19T20:18:51.490+0000] {manager.py:878} INFO - 
================================================================================
DAG File Processing Stats

File Path                                     PID    Runtime      # DAGs    # Errors  Last Runtime    Last Run
--------------------------------------------  -----  ---------  --------  ----------  --------------  -------------------
/opt/airflow/dags/weather_pipeline_dag.py                              1           0  0.16s           2026-09-19T20:18:36
/opt/airflow/dags/restaurant_pipeline_dag.py                           0           1  0.08s           2026-09-19T20:18:43
================================================================================
[2026-09-19T20:19:21.711+0000] {manager.py:878} INFO - 
================================================================================
DAG File Processing Stats

File Path                                     PID    Runtime      # DAGs    # Errors  Last Runtime    Last Run
--------------------------------------------  -----  ---------  --------  ----------  --------------  -------------------
/opt/airflow/dags/weather_pipeline_dag.py                              1           0  0.15s           2026-09-19T20:19:06
/opt/airflow/dags/restaurant_pipeline_dag.py                           0           1  0.07s           2026-09-19T20:19:13
================================================================================
[2026-09-19T20:19:51.985+0000] {manager.py:878} INFO - 
================================================================================
DAG File Processing Stats

File Path                                     PID    Runtime      # DAGs    # Errors  Last Runtime    Last Run
--------------------------------------------  -----  ---------  --------  ----------  --------------  -------------------
/opt/airflow/dags/weather_pipeline_dag.py                              1           0  0.15s           2026-09-19T20:19:36
/opt/airflow/dags/restaurant_pipeline_dag.py                           0           1  0.06s           2026-09-19T20:19:43
================================================================================
[2026-09-19T20:20:22.211+0000] {manager.py:878} INFO - 
================================================================================
DAG File Processing Stats

File Path                                     PID    Runtime      # DAGs    # Errors  Last Runtime    Last Run
--------------------------------------------  -----  ---------  --------  ----------  --------------  -------------------
/opt/airflow/dags/weather_pipeline_dag.py                              1           0  0.16s           2026-09-19T20:20:07
/opt/airflow/dags/restaurant_pipeline_dag.py                           0           1  0.07s           2026-09-19T20:20:14
================================================================================
[2026-09-19T20:20:52.532+0000] {manager.py:878} INFO - 
================================================================================
DAG File Processing Stats

File Path                                     PID    Runtime      # DAGs    # Errors  Last Runtime    Last Run
--------------------------------------------  -----  ---------  --------  ----------  --------------  -------------------
/opt/airflow/dags/weather_pipeline_dag.py                              1           0  0.15s           2026-09-19T20:20:37
/opt/airflow/dags/restaurant_pipeline_dag.py                           0           1  0.08s           2026-09-19T20:20:46
================================================================================
[2026-09-19T20:21:22.759+0000] {manager.py:878} INFO - 
================================================================================
DAG File Processing Stats

File Path                                     PID    Runtime      # DAGs    # Errors  Last Runtime    Last Run
--------------------------------------------  -----  ---------  --------  ----------  --------------  -------------------
/opt/airflow/dags/weather_pipeline_dag.py                              1           0  0.25s           2026-09-19T20:21:07
/opt/airflow/dags/restaurant_pipeline_dag.py                           0           1  0.08s           2026-09-19T20:21:12
================================================================================
[2026-09-19T20:21:53.022+0000] {manager.py:878} INFO - 
================================================================================
DAG File Processing Stats

File Path                                     PID    Runtime      # DAGs    # Errors  Last Runtime    Last Run
--------------------------------------------  -----  ---------  --------  ----------  --------------  -------------------
/opt/airflow/dags/weather_pipeline_dag.py                              1           0  0.26s           2026-09-19T20:21:38
/opt/airflow/dags/restaurant_pipeline_dag.py                           0           1  0.07s           2026-09-19T20:21:43
================================================================================
[2026-09-19T20:22:23.259+0000] {manager.py:878} INFO - 
================================================================================
DAG File Processing Stats

File Path                                     PID    Runtime      # DAGs    # Errors  Last Runtime    Last Run
--------------------------------------------  -----  ---------  --------  ----------  --------------  -------------------
/opt/airflow/dags/weather_pipeline_dag.py                              1           0  0.15s           2026-09-19T20:22:09
/opt/airflow/dags/restaurant_pipeline_dag.py                           0           1  0.07s           2026-09-19T20:22:13
================================================================================
[2026-09-19T20:22:53.473+0000] {manager.py:878} INFO - 
================================================================================
DAG File Processing Stats

File Path                                     PID    Runtime      # DAGs    # Errors  Last Runtime    Last Run
--------------------------------------------  -----  ---------  --------  ----------  --------------  -------------------
/opt/airflow/dags/weather_pipeline_dag.py                              1           0  0.15s           2026-09-19T20:22:39
/opt/airflow/dags/restaurant_pipeline_dag.py                           0           1  0.10s           2026-09-19T20:22:43
================================================================================
[2026-09-19T20:23:23.763+0000] {manager.py:878} INFO - 
================================================================================
DAG File Processing Stats

File Path                                     PID    Runtime      # DAGs    # Errors  Last Runtime    Last Run
--------------------------------------------  -----  ---------  --------  ----------  --------------  -------------------
/opt/airflow/dags/weather_pipeline_dag.py                              1           0  0.15s           2026-09-19T20:23:09
/opt/airflow/dags/restaurant_pipeline_dag.py                           0           1  0.07s           2026-09-19T20:23:13
================================================================================
[2026-09-19T20:23:50.985+0000] {manager.py:737} INFO - Searching for files in /opt/airflow/dags
[2026-09-19T20:23:50.991+0000] {manager.py:740} INFO - There are 2 files in /opt/airflow/dags
[2026-09-19T20:23:54.041+0000] {manager.py:878} INFO - 
================================================================================
DAG File Processing Stats

File Path                                     PID    Runtime      # DAGs    # Errors  Last Runtime    Last Run
--------------------------------------------  -----  ---------  --------  ----------  --------------  -------------------
/opt/airflow/dags/weather_pipeline_dag.py                              1           0  0.14s           2026-09-19T20:23:40
/opt/airflow/dags/restaurant_pipeline_dag.py                           0           1  0.07s           2026-09-19T20:23:43
================================================================================
[2026-09-19T20:24:24.229+0000] {manager.py:878} INFO - 
================================================================================
DAG File Processing Stats

File Path                                     PID    Runtime      # DAGs    # Errors  Last Runtime    Last Run
--------------------------------------------  -----  ---------  --------  ----------  --------------  -------------------
/opt/airflow/dags/weather_pipeline_dag.py                              1           0  0.15s           2026-09-19T20:24:10
/opt/airflow/dags/restaurant_pipeline_dag.py                           0           1  0.10s           2026-09-19T20:24:14
================================================================================
[2026-09-19T20:24:54.582+0000] {manager.py:878} INFO - 
================================================================================
DAG File Processing Stats

File Path                                     PID    Runtime      # DAGs    # Errors  Last Runtime    Last Run
--------------------------------------------  -----  ---------  --------  ----------  --------------  -------------------
/opt/airflow/dags/weather_pipeline_dag.py                              1           0  0.17s           2026-09-19T20:24:40
/opt/airflow/dags/restaurant_pipeline_dag.py                           0           1  0.11s           2026-09-19T20:24:44
================================================================================
[2026-09-19T20:25:24.865+0000] {manager.py:878} INFO - 
================================================================================
DAG File Processing Stats

File Path                                     PID    Runtime      # DAGs    # Errors  Last Runtime    Last Run
--------------------------------------------  -----  ---------  --------  ----------  --------------  -------------------
/opt/airflow/dags/weather_pipeline_dag.py                              1           0  0.16s           2026-09-19T20:25:10
/opt/airflow/dags/restaurant_pipeline_dag.py                           0           1  0.08s           2026-09-19T20:25:10
================================================================================
[2026-09-19T20:25:55.153+0000] {manager.py:878} INFO - 
================================================================================
DAG File Processing Stats

File Path                                     PID    Runtime      # DAGs    # Errors  Last Runtime    Last Run
--------------------------------------------  -----  ---------  --------  ----------  --------------  -------------------
/opt/airflow/dags/weather_pipeline_dag.py                              1           0  0.15s           2026-09-19T20:25:41
/opt/airflow/dags/restaurant_pipeline_dag.py                           0           1  0.08s           2026-09-19T20:25:41
================================================================================
[2026-09-19T20:26:25.563+0000] {manager.py:878} INFO - 
================================================================================
DAG File Processing Stats

File Path                                     PID    Runtime      # DAGs    # Errors  Last Runtime    Last Run
--------------------------------------------  -----  ---------  --------  ----------  --------------  -------------------
/opt/airflow/dags/weather_pipeline_dag.py                              1           0  0.15s           2026-09-19T20:26:19
/opt/airflow/dags/restaurant_pipeline_dag.py                           0           1  0.08s           2026-09-19T20:26:01
================================================================================
[2026-09-19T20:26:55.821+0000] {manager.py:878} INFO - 
================================================================================
DAG File Processing Stats

File Path                                     PID    Runtime      # DAGs    # Errors  Last Runtime    Last Run
--------------------------------------------  -----  ---------  --------  ----------  --------------  -------------------
/opt/airflow/dags/weather_pipeline_dag.py                              1           0  0.19s           2026-09-19T20:26:49
/opt/airflow/dags/restaurant_pipeline_dag.py                           0           1  0.07s           2026-09-19T20:26:31
================================================================================
[2026-09-19T20:27:26.104+0000] {manager.py:878} INFO - 
================================================================================
DAG File Processing Stats

File Path                                     PID    Runtime      # DAGs    # Errors  Last Runtime    Last Run
--------------------------------------------  -----  ---------  --------  ----------  --------------  -------------------
/opt/airflow/dags/weather_pipeline_dag.py                              1           0  0.15s           2026-09-19T20:27:20
/opt/airflow/dags/restaurant_pipeline_dag.py                           0           1  0.08s           2026-09-19T20:27:01
================================================================================
[2026-09-19T20:27:56.396+0000] {manager.py:878} INFO - 
================================================================================
DAG File Processing Stats

File Path                                     PID    Runtime      # DAGs    # Errors  Last Runtime    Last Run
--------------------------------------------  -----  ---------  --------  ----------  --------------  -------------------
/opt/airflow/dags/weather_pipeline_dag.py                              1           0  0.17s           2026-09-19T20:27:50
/opt/airflow/dags/restaurant_pipeline_dag.py                           0           1  0.09s           2026-09-19T20:27:32
================================================================================
[2026-09-19T20:28:26.706+0000] {manager.py:878} INFO - 
================================================================================
DAG File Processing Stats

File Path                                     PID    Runtime      # DAGs    # Errors  Last Runtime    Last Run
--------------------------------------------  -----  ---------  --------  ----------  --------------  -------------------
/opt/airflow/dags/weather_pipeline_dag.py                              1           0  0.17s           2026-09-19T20:28:20
/opt/airflow/dags/restaurant_pipeline_dag.py                           0           1  0.07s           2026-09-19T20:28:21
================================================================================
[2026-09-19T20:28:51.015+0000] {manager.py:737} INFO - Searching for files in /opt/airflow/dags
[2026-09-19T20:28:51.016+0000] {manager.py:740} INFO - There are 2 files in /opt/airflow/dags
[2026-09-19T20:28:56.970+0000] {manager.py:878} INFO - 
================================================================================
DAG File Processing Stats

File Path                                     PID    Runtime      # DAGs    # Errors  Last Runtime    Last Run
--------------------------------------------  -----  ---------  --------  ----------  --------------  -------------------
/opt/airflow/dags/weather_pipeline_dag.py                              1           0  0.14s           2026-09-19T20:28:51
/opt/airflow/dags/restaurant_pipeline_dag.py                           0           1  0.08s           2026-09-19T20:28:51
================================================================================
[2026-09-19T20:29:27.232+0000] {manager.py:878} INFO - 
================================================================================
DAG File Processing Stats

File Path                                     PID    Runtime      # DAGs    # Errors  Last Runtime    Last Run
--------------------------------------------  -----  ---------  --------  ----------  --------------  -------------------
/opt/airflow/dags/weather_pipeline_dag.py                              1           0  0.15s           2026-09-19T20:29:21
/opt/airflow/dags/restaurant_pipeline_dag.py                           0           1  0.07s           2026-09-19T20:29:22
================================================================================
[2026-09-19T20:29:57.449+0000] {manager.py:878} INFO - 
================================================================================
DAG File Processing Stats

File Path                                     PID    Runtime      # DAGs    # Errors  Last Runtime    Last Run
--------------------------------------------  -----  ---------  --------  ----------  --------------  -------------------
/opt/airflow/dags/weather_pipeline_dag.py                              1           0  0.16s           2026-09-19T20:29:51
/opt/airflow/dags/restaurant_pipeline_dag.py                           0           1  0.06s           2026-09-19T20:29:52
================================================================================
[2026-09-19T20:30:27.686+0000] {manager.py:878} INFO - 
================================================================================
DAG File Processing Stats

File Path                                     PID    Runtime      # DAGs    # Errors  Last Runtime    Last Run
--------------------------------------------  -----  ---------  --------  ----------  --------------  -------------------
/opt/airflow/dags/weather_pipeline_dag.py                              1           0  0.15s           2026-09-19T20:30:21
/opt/airflow/dags/restaurant_pipeline_dag.py                           0           1  0.07s           2026-09-19T20:30:22
================================================================================
[2026-09-19T20:30:57.943+0000] {manager.py:878} INFO - 
================================================================================
DAG File Processing Stats

File Path                                     PID    Runtime      # DAGs    # Errors  Last Runtime    Last Run
--------------------------------------------  -----  ---------  --------  ----------  --------------  -------------------
/opt/airflow/dags/weather_pipeline_dag.py                              1           0  0.15s           2026-09-19T20:30:52
/opt/airflow/dags/restaurant_pipeline_dag.py                           0           1  0.07s           2026-09-19T20:30:33
================================================================================
[2026-09-19T20:31:28.217+0000] {manager.py:878} INFO - 
================================================================================
DAG File Processing Stats

File Path                                     PID    Runtime      # DAGs    # Errors  Last Runtime    Last Run
--------------------------------------------  -----  ---------  --------  ----------  --------------  -------------------
/opt/airflow/dags/weather_pipeline_dag.py                              1           0  0.15s           2026-09-19T20:31:22
/opt/airflow/dags/restaurant_pipeline_dag.py                           0           1  0.08s           2026-09-19T20:31:04
================================================================================
[2026-09-19T20:31:58.484+0000] {manager.py:878} INFO - 
================================================================================
DAG File Processing Stats

File Path                                     PID    Runtime      # DAGs    # Errors  Last Runtime    Last Run
--------------------------------------------  -----  ---------  --------  ----------  --------------  -------------------
/opt/airflow/dags/weather_pipeline_dag.py                              1           0  0.16s           2026-09-19T20:31:52
/opt/airflow/dags/restaurant_pipeline_dag.py                           0           1  0.08s           2026-09-19T20:31:34
================================================================================
[2026-09-19T20:32:28.853+0000] {manager.py:878} INFO - 
================================================================================
DAG File Processing Stats

File Path                                     PID    Runtime      # DAGs    # Errors  Last Runtime    Last Run
--------------------------------------------  -----  ---------  --------  ----------  --------------  -------------------
/opt/airflow/dags/restaurant_pipeline_dag.py                           1           0  0.46s           2026-09-19T20:32:04
/opt/airflow/dags/weather_pipeline_dag.py                              1           0  0.14s           2026-09-19T20:32:22
================================================================================
[2026-09-19T20:32:59.324+0000] {manager.py:878} INFO - 
================================================================================
DAG File Processing Stats

File Path                                     PID    Runtime      # DAGs    # Errors  Last Runtime    Last Run
--------------------------------------------  -----  ---------  --------  ----------  --------------  -------------------
/opt/airflow/dags/weather_pipeline_dag.py                              1           0  0.29s           2026-09-19T20:32:53
/opt/airflow/dags/restaurant_pipeline_dag.py                           1           0  0.14s           2026-09-19T20:32:35
================================================================================
[2026-09-19T20:33:29.651+0000] {manager.py:878} INFO - 
================================================================================
DAG File Processing Stats

File Path                                     PID    Runtime      # DAGs    # Errors  Last Runtime    Last Run
--------------------------------------------  -----  ---------  --------  ----------  --------------  -------------------
/opt/airflow/dags/weather_pipeline_dag.py                              1           0  0.15s           2026-09-19T20:33:23
/opt/airflow/dags/restaurant_pipeline_dag.py                           1           0  0.14s           2026-09-19T20:33:05
================================================================================
[2026-09-19T20:33:51.831+0000] {manager.py:737} INFO - Searching for files in /opt/airflow/dags
[2026-09-19T20:33:51.835+0000] {manager.py:740} INFO - There are 2 files in /opt/airflow/dags
[2026-09-19T20:33:59.987+0000] {manager.py:878} INFO - 
================================================================================
DAG File Processing Stats

File Path                                     PID    Runtime      # DAGs    # Errors  Last Runtime    Last Run
--------------------------------------------  -----  ---------  --------  ----------  --------------  -------------------
/opt/airflow/dags/weather_pipeline_dag.py                              1           0  0.15s           2026-09-19T20:33:54
/opt/airflow/dags/restaurant_pipeline_dag.py                           1           0  0.14s           2026-09-19T20:33:35
================================================================================
[2026-09-19T20:34:30.311+0000] {manager.py:878} INFO - 
================================================================================
DAG File Processing Stats

File Path                                     PID    Runtime      # DAGs    # Errors  Last Runtime    Last Run
--------------------------------------------  -----  ---------  --------  ----------  --------------  -------------------
/opt/airflow/dags/weather_pipeline_dag.py                              1           0  0.15s           2026-09-19T20:34:24
/opt/airflow/dags/restaurant_pipeline_dag.py                           1           0  0.13s           2026-09-19T20:34:06
================================================================================
[2026-09-19T20:35:00.640+0000] {manager.py:878} INFO - 
================================================================================
DAG File Processing Stats

File Path                                     PID    Runtime      # DAGs    # Errors  Last Runtime    Last Run
--------------------------------------------  -----  ---------  --------  ----------  --------------  -------------------
/opt/airflow/dags/weather_pipeline_dag.py                              1           0  0.29s           2026-09-19T20:34:54
/opt/airflow/dags/restaurant_pipeline_dag.py                           1           0  0.14s           2026-09-19T20:34:36
================================================================================
[2026-09-19T20:35:31.112+0000] {manager.py:878} INFO - 
================================================================================
DAG File Processing Stats

File Path                                     PID    Runtime      # DAGs    # Errors  Last Runtime    Last Run
--------------------------------------------  -----  ---------  --------  ----------  --------------  -------------------
/opt/airflow/dags/restaurant_pipeline_dag.py                           1           0  0.28s           2026-09-19T20:35:06
/opt/airflow/dags/weather_pipeline_dag.py                              1           0  0.15s           2026-09-19T20:35:25
================================================================================
[2026-09-19T20:36:01.519+0000] {manager.py:878} INFO - 
================================================================================
DAG File Processing Stats

File Path                                     PID    Runtime      # DAGs    # Errors  Last Runtime    Last Run
--------------------------------------------  -----  ---------  --------  ----------  --------------  -------------------
/opt/airflow/dags/restaurant_pipeline_dag.py                           1           0  0.24s           2026-09-19T20:35:37
/opt/airflow/dags/weather_pipeline_dag.py                              1           0  0.15s           2026-09-19T20:35:55
================================================================================
[2026-09-19T20:36:31.863+0000] {manager.py:878} INFO - 
================================================================================
DAG File Processing Stats

File Path                                     PID    Runtime      # DAGs    # Errors  Last Runtime    Last Run
--------------------------------------------  -----  ---------  --------  ----------  --------------  -------------------
/opt/airflow/dags/restaurant_pipeline_dag.py                           1           0  0.39s           2026-09-19T20:36:08
/opt/airflow/dags/weather_pipeline_dag.py                              1           0  0.14s           2026-09-19T20:36:25
================================================================================
[2026-09-19T20:37:02.313+0000] {manager.py:878} INFO - 
================================================================================
DAG File Processing Stats

File Path                                     PID    Runtime      # DAGs    # Errors  Last Runtime    Last Run
--------------------------------------------  -----  ---------  --------  ----------  --------------  -------------------
/opt/airflow/dags/weather_pipeline_dag.py                              1           0  0.36s           2026-09-19T20:36:56
/opt/airflow/dags/restaurant_pipeline_dag.py                           1           0  0.16s           2026-09-19T20:36:39
================================================================================
[2026-09-19T20:37:32.859+0000] {manager.py:878} INFO - 
================================================================================
DAG File Processing Stats

File Path                                     PID    Runtime      # DAGs    # Errors  Last Runtime    Last Run
--------------------------------------------  -----  ---------  --------  ----------  --------------  -------------------
/opt/airflow/dags/restaurant_pipeline_dag.py                           1           0  0.39s           2026-09-19T20:37:24
/opt/airflow/dags/weather_pipeline_dag.py                              1           0  0.15s           2026-09-19T20:37:26
================================================================================
[2026-09-19T20:38:03.372+0000] {manager.py:878} INFO - 
================================================================================
DAG File Processing Stats

File Path                                     PID    Runtime      # DAGs    # Errors  Last Runtime    Last Run
--------------------------------------------  -----  ---------  --------  ----------  --------------  -------------------
/opt/airflow/dags/restaurant_pipeline_dag.py                           1           0  0.40s           2026-09-19T20:38:01
/opt/airflow/dags/weather_pipeline_dag.py                              1           0  0.19s           2026-09-19T20:37:57
================================================================================
[2026-09-19T20:38:33.715+0000] {manager.py:878} INFO - 
================================================================================
DAG File Processing Stats

File Path                                     PID    Runtime      # DAGs    # Errors  Last Runtime    Last Run
--------------------------------------------  -----  ---------  --------  ----------  --------------  -------------------
/opt/airflow/dags/restaurant_pipeline_dag.py                           1           0  0.39s           2026-09-19T20:38:32
/opt/airflow/dags/weather_pipeline_dag.py                              1           0  0.14s           2026-09-19T20:38:27
================================================================================
[2026-09-19T20:38:51.850+0000] {manager.py:737} INFO - Searching for files in /opt/airflow/dags
[2026-09-19T20:38:51.854+0000] {manager.py:740} INFO - There are 2 files in /opt/airflow/dags
[2026-09-19T20:39:04.055+0000] {manager.py:878} INFO - 
================================================================================
DAG File Processing Stats

File Path                                     PID    Runtime      # DAGs    # Errors  Last Runtime    Last Run
--------------------------------------------  -----  ---------  --------  ----------  --------------  -------------------
/opt/airflow/dags/weather_pipeline_dag.py                              1           0  0.30s           2026-09-19T20:38:58
/opt/airflow/dags/restaurant_pipeline_dag.py                           1           0  0.16s           2026-09-19T20:38:39
================================================================================
[2026-09-19T20:39:34.331+0000] {manager.py:878} INFO - 
================================================================================
DAG File Processing Stats

File Path                                     PID    Runtime      # DAGs    # Errors  Last Runtime    Last Run
--------------------------------------------  -----  ---------  --------  ----------  --------------  -------------------
/opt/airflow/dags/weather_pipeline_dag.py                              1           0  0.25s           2026-09-19T20:39:28
/opt/airflow/dags/restaurant_pipeline_dag.py                           0           1  0.08s           2026-09-19T20:39:06
================================================================================
[2026-09-19T20:40:04.599+0000] {manager.py:878} INFO - 
================================================================================
DAG File Processing Stats

File Path                                     PID    Runtime      # DAGs    # Errors  Last Runtime    Last Run
--------------------------------------------  -----  ---------  --------  ----------  --------------  -------------------
/opt/airflow/dags/weather_pipeline_dag.py                              1           0  0.15s           2026-09-19T20:39:58
/opt/airflow/dags/restaurant_pipeline_dag.py                           0           1  0.07s           2026-09-19T20:39:36
================================================================================
[2026-09-19T20:40:34.855+0000] {manager.py:878} INFO - 
================================================================================
DAG File Processing Stats

File Path                                     PID    Runtime      # DAGs    # Errors  Last Runtime    Last Run
--------------------------------------------  -----  ---------  --------  ----------  --------------  -------------------
/opt/airflow/dags/weather_pipeline_dag.py                              1           0  0.15s           2026-09-19T20:40:28
/opt/airflow/dags/restaurant_pipeline_dag.py                           0           1  0.07s           2026-09-19T20:40:06
================================================================================
[2026-09-19T20:41:05.123+0000] {manager.py:878} INFO - 
================================================================================
DAG File Processing Stats

File Path                                     PID    Runtime      # DAGs    # Errors  Last Runtime    Last Run
--------------------------------------------  -----  ---------  --------  ----------  --------------  -------------------
/opt/airflow/dags/weather_pipeline_dag.py                              1           0  0.29s           2026-09-19T20:40:59
/opt/airflow/dags/restaurant_pipeline_dag.py                           0           1  0.07s           2026-09-19T20:40:36
================================================================================
[2026-09-19T20:41:35.401+0000] {manager.py:878} INFO - 
================================================================================
DAG File Processing Stats

File Path                                     PID    Runtime      # DAGs    # Errors  Last Runtime    Last Run
--------------------------------------------  -----  ---------  --------  ----------  --------------  -------------------
/opt/airflow/dags/weather_pipeline_dag.py                              1           0  0.14s           2026-09-19T20:41:29
/opt/airflow/dags/restaurant_pipeline_dag.py                           0           1  0.07s           2026-09-19T20:41:07
================================================================================
[2026-09-19T20:42:05.667+0000] {manager.py:878} INFO - 
================================================================================
DAG File Processing Stats

File Path                                     PID    Runtime      # DAGs    # Errors  Last Runtime    Last Run
--------------------------------------------  -----  ---------  --------  ----------  --------------  -------------------
/opt/airflow/dags/weather_pipeline_dag.py                              1           0  0.16s           2026-09-19T20:41:59
/opt/airflow/dags/restaurant_pipeline_dag.py                           0           1  0.07s           2026-09-19T20:41:37
================================================================================
[2026-09-19T20:42:35.930+0000] {manager.py:878} INFO - 
================================================================================
DAG File Processing Stats

File Path                                     PID    Runtime      # DAGs    # Errors  Last Runtime    Last Run
--------------------------------------------  -----  ---------  --------  ----------  --------------  -------------------
/opt/airflow/dags/weather_pipeline_dag.py                              1           0  0.16s           2026-09-19T20:42:30
/opt/airflow/dags/restaurant_pipeline_dag.py                           0           1  0.07s           2026-09-19T20:42:07
================================================================================
[2026-09-19T20:43:06.210+0000] {manager.py:878} INFO - 
================================================================================
DAG File Processing Stats

File Path                                     PID    Runtime      # DAGs    # Errors  Last Runtime    Last Run
--------------------------------------------  -----  ---------  --------  ----------  --------------  -------------------
/opt/airflow/dags/weather_pipeline_dag.py                              1           0  0.29s           2026-09-19T20:43:00
/opt/airflow/dags/restaurant_pipeline_dag.py                           0           1  0.09s           2026-09-19T20:42:38
================================================================================
[2026-09-19T20:43:36.508+0000] {manager.py:878} INFO - 
================================================================================
DAG File Processing Stats

File Path                                     PID    Runtime      # DAGs    # Errors  Last Runtime    Last Run
--------------------------------------------  -----  ---------  --------  ----------  --------------  -------------------
/opt/airflow/dags/weather_pipeline_dag.py                              1           0  0.29s           2026-09-19T20:43:30
/opt/airflow/dags/restaurant_pipeline_dag.py                           0           1  0.08s           2026-09-19T20:43:08
================================================================================
[2026-09-19T20:43:52.634+0000] {manager.py:737} INFO - Searching for files in /opt/airflow/dags
[2026-09-19T20:43:52.638+0000] {manager.py:740} INFO - There are 2 files in /opt/airflow/dags
[2026-09-19T20:44:06.778+0000] {manager.py:878} INFO - 
================================================================================
DAG File Processing Stats

File Path                                     PID    Runtime      # DAGs    # Errors  Last Runtime    Last Run
--------------------------------------------  -----  ---------  --------  ----------  --------------  -------------------
/opt/airflow/dags/weather_pipeline_dag.py                              1           0  0.16s           2026-09-19T20:44:01
/opt/airflow/dags/restaurant_pipeline_dag.py                           0           1  0.07s           2026-09-19T20:43:38
================================================================================
[2026-09-19T20:44:37.033+0000] {manager.py:878} INFO - 
================================================================================
DAG File Processing Stats

File Path                                     PID    Runtime      # DAGs    # Errors  Last Runtime    Last Run
--------------------------------------------  -----  ---------  --------  ----------  --------------  -------------------
/opt/airflow/dags/weather_pipeline_dag.py                              1           0  0.17s           2026-09-19T20:44:32
/opt/airflow/dags/restaurant_pipeline_dag.py                           0           1  0.07s           2026-09-19T20:44:08
================================================================================
[2026-09-19T20:45:07.304+0000] {manager.py:878} INFO - 
================================================================================
DAG File Processing Stats

File Path                                     PID    Runtime      # DAGs    # Errors  Last Runtime    Last Run
--------------------------------------------  -----  ---------  --------  ----------  --------------  -------------------
/opt/airflow/dags/weather_pipeline_dag.py                              1           0  0.34s           2026-09-19T20:45:02
/opt/airflow/dags/restaurant_pipeline_dag.py                           0           1  0.07s           2026-09-19T20:44:39
================================================================================
[2026-09-19T20:45:37.556+0000] {manager.py:878} INFO - 
================================================================================
DAG File Processing Stats

File Path                                     PID    Runtime      # DAGs    # Errors  Last Runtime    Last Run
--------------------------------------------  -----  ---------  --------  ----------  --------------  -------------------
/opt/airflow/dags/weather_pipeline_dag.py                              1           0  0.37s           2026-09-19T20:45:33
/opt/airflow/dags/restaurant_pipeline_dag.py                           0           1  0.07s           2026-09-19T20:45:09
================================================================================
[2026-09-19T20:46:08.242+0000] {manager.py:878} INFO - 
================================================================================
DAG File Processing Stats

File Path                                     PID    Runtime      # DAGs    # Errors  Last Runtime    Last Run
--------------------------------------------  -----  ---------  --------  ----------  --------------  -------------------
/opt/airflow/dags/restaurant_pipeline_dag.py                           1           0  0.49s           2026-09-19T20:45:40
/opt/airflow/dags/weather_pipeline_dag.py                              1           0  0.17s           2026-09-19T20:46:04
================================================================================
[2026-09-19T20:46:38.587+0000] {manager.py:878} INFO - 
================================================================================
DAG File Processing Stats

File Path                                     PID    Runtime      # DAGs    # Errors  Last Runtime    Last Run
--------------------------------------------  -----  ---------  --------  ----------  --------------  -------------------
/opt/airflow/dags/weather_pipeline_dag.py                              1           0  0.19s           2026-09-19T20:46:34
/opt/airflow/dags/restaurant_pipeline_dag.py                           1           0  0.15s           2026-09-19T20:46:10
================================================================================
[2026-09-19T20:47:09.093+0000] {manager.py:878} INFO - 
================================================================================
DAG File Processing Stats

File Path                                     PID    Runtime      # DAGs    # Errors  Last Runtime    Last Run
--------------------------------------------  -----  ---------  --------  ----------  --------------  -------------------
/opt/airflow/dags/restaurant_pipeline_dag.py                           1           0  0.31s           2026-09-19T20:46:40
/opt/airflow/dags/weather_pipeline_dag.py                              1           0  0.29s           2026-09-19T20:47:05
================================================================================
[2026-09-19T20:47:39.582+0000] {manager.py:878} INFO - 
================================================================================
DAG File Processing Stats

File Path                                     PID    Runtime      # DAGs    # Errors  Last Runtime    Last Run
--------------------------------------------  -----  ---------  --------  ----------  --------------  -------------------
/opt/airflow/dags/weather_pipeline_dag.py                              1           0  0.29s           2026-09-19T20:47:35
/opt/airflow/dags/restaurant_pipeline_dag.py                           1           0  0.29s           2026-09-19T20:47:11
================================================================================
[2026-09-19T20:48:09.925+0000] {manager.py:878} INFO - 
================================================================================
DAG File Processing Stats

File Path                                     PID    Runtime      # DAGs    # Errors  Last Runtime    Last Run
--------------------------------------------  -----  ---------  --------  ----------  --------------  -------------------
/opt/airflow/dags/restaurant_pipeline_dag.py                           1           0  0.15s           2026-09-19T20:47:41
/opt/airflow/dags/weather_pipeline_dag.py                              1           0  0.14s           2026-09-19T20:48:05
================================================================================
[2026-09-19T20:48:40.264+0000] {manager.py:878} INFO - 
================================================================================
DAG File Processing Stats

File Path                                     PID    Runtime      # DAGs    # Errors  Last Runtime    Last Run
--------------------------------------------  -----  ---------  --------  ----------  --------------  -------------------
/opt/airflow/dags/weather_pipeline_dag.py                              1           0  0.15s           2026-09-19T20:48:36
/opt/airflow/dags/restaurant_pipeline_dag.py                           1           0  0.14s           2026-09-19T20:48:12
================================================================================
[2026-09-19T20:48:52.676+0000] {manager.py:737} INFO - Searching for files in /opt/airflow/dags
[2026-09-19T20:48:52.677+0000] {manager.py:740} INFO - There are 2 files in /opt/airflow/dags
[2026-09-19T20:49:10.795+0000] {manager.py:878} INFO - 
================================================================================
DAG File Processing Stats

File Path                                     PID    Runtime      # DAGs    # Errors  Last Runtime    Last Run
--------------------------------------------  -----  ---------  --------  ----------  --------------  -------------------
/opt/airflow/dags/restaurant_pipeline_dag.py                           1           0  0.33s           2026-09-19T20:48:42
/opt/airflow/dags/weather_pipeline_dag.py                              1           0  0.29s           2026-09-19T20:49:06
================================================================================
[2026-09-19T20:49:41.269+0000] {manager.py:878} INFO - 
================================================================================
DAG File Processing Stats

File Path                                     PID    Runtime      # DAGs    # Errors  Last Runtime    Last Run
--------------------------------------------  -----  ---------  --------  ----------  --------------  -------------------
/opt/airflow/dags/weather_pipeline_dag.py                              1           0  0.30s           2026-09-19T20:49:37
/opt/airflow/dags/restaurant_pipeline_dag.py                           1           0  0.28s           2026-09-19T20:49:13
================================================================================
[2026-09-19T20:50:11.592+0000] {manager.py:878} INFO - 
================================================================================
DAG File Processing Stats

File Path                                     PID    Runtime      # DAGs    # Errors  Last Runtime    Last Run
--------------------------------------------  -----  ---------  --------  ----------  --------------  -------------------
/opt/airflow/dags/restaurant_pipeline_dag.py                           1           0  0.15s           2026-09-19T20:49:43
/opt/airflow/dags/weather_pipeline_dag.py                              1           0  0.15s           2026-09-19T20:50:07
================================================================================
[2026-09-19T20:50:41.927+0000] {manager.py:878} INFO - 
================================================================================
DAG File Processing Stats

File Path                                     PID    Runtime      # DAGs    # Errors  Last Runtime    Last Run
--------------------------------------------  -----  ---------  --------  ----------  --------------  -------------------
/opt/airflow/dags/weather_pipeline_dag.py                              1           0  0.15s           2026-09-19T20:50:38
/opt/airflow/dags/restaurant_pipeline_dag.py                           1           0  0.15s           2026-09-19T20:50:13
================================================================================
[2026-09-19T20:51:12.412+0000] {manager.py:878} INFO - 
================================================================================
DAG File Processing Stats

File Path                                     PID    Runtime      # DAGs    # Errors  Last Runtime    Last Run
--------------------------------------------  -----  ---------  --------  ----------  --------------  -------------------
/opt/airflow/dags/weather_pipeline_dag.py                              1           0  0.30s           2026-09-19T20:51:08
/opt/airflow/dags/restaurant_pipeline_dag.py                           1           0  0.29s           2026-09-19T20:50:44
================================================================================
[2026-09-19T20:51:42.905+0000] {manager.py:878} INFO - 
================================================================================
DAG File Processing Stats

File Path                                     PID    Runtime      # DAGs    # Errors  Last Runtime    Last Run
--------------------------------------------  -----  ---------  --------  ----------  --------------  -------------------
/opt/airflow/dags/restaurant_pipeline_dag.py                           1           0  0.29s           2026-09-19T20:51:14
/opt/airflow/dags/weather_pipeline_dag.py                              1           0  0.28s           2026-09-19T20:51:39
================================================================================
[2026-09-19T20:52:13.226+0000] {manager.py:878} INFO - 
================================================================================
DAG File Processing Stats

File Path                                     PID    Runtime      # DAGs    # Errors  Last Runtime    Last Run
--------------------------------------------  -----  ---------  --------  ----------  --------------  -------------------
/opt/airflow/dags/weather_pipeline_dag.py                              1           0  0.15s           2026-09-19T20:52:09
/opt/airflow/dags/restaurant_pipeline_dag.py                           1           0  0.14s           2026-09-19T20:51:45
================================================================================
[2026-09-19T20:52:43.554+0000] {manager.py:878} INFO - 
================================================================================
DAG File Processing Stats

File Path                                     PID    Runtime      # DAGs    # Errors  Last Runtime    Last Run
--------------------------------------------  -----  ---------  --------  ----------  --------------  -------------------
/opt/airflow/dags/weather_pipeline_dag.py                              1           0  0.15s           2026-09-19T20:52:39
/opt/airflow/dags/restaurant_pipeline_dag.py                           1           0  0.15s           2026-09-19T20:52:15
================================================================================
[2026-09-19T20:53:14.030+0000] {manager.py:878} INFO - 
================================================================================
DAG File Processing Stats

File Path                                     PID    Runtime      # DAGs    # Errors  Last Runtime    Last Run
--------------------------------------------  -----  ---------  --------  ----------  --------------  -------------------
/opt/airflow/dags/weather_pipeline_dag.py                              1           0  0.29s           2026-09-19T20:53:10
/opt/airflow/dags/restaurant_pipeline_dag.py                           1           0  0.29s           2026-09-19T20:52:45
================================================================================
[2026-09-19T20:53:44.523+0000] {manager.py:878} INFO - 
================================================================================
DAG File Processing Stats

File Path                                     PID    Runtime      # DAGs    # Errors  Last Runtime    Last Run
--------------------------------------------  -----  ---------  --------  ----------  --------------  -------------------
/opt/airflow/dags/restaurant_pipeline_dag.py                           1           0  0.30s           2026-09-19T20:53:16
/opt/airflow/dags/weather_pipeline_dag.py                              1           0  0.29s           2026-09-19T20:53:40
================================================================================
[2026-09-19T20:53:52.854+0000] {manager.py:737} INFO - Searching for files in /opt/airflow/dags
[2026-09-19T20:53:52.856+0000] {manager.py:740} INFO - There are 2 files in /opt/airflow/dags
[2026-09-19T20:54:14.810+0000] {manager.py:878} INFO - 
================================================================================
DAG File Processing Stats

File Path                                     PID    Runtime      # DAGs    # Errors  Last Runtime    Last Run
--------------------------------------------  -----  ---------  --------  ----------  --------------  -------------------
/opt/airflow/dags/restaurant_pipeline_dag.py                           1           0  0.28s           2026-09-19T20:53:46
/opt/airflow/dags/weather_pipeline_dag.py                              1           0  0.15s           2026-09-19T20:54:10
================================================================================
[2026-09-19T20:54:45.296+0000] {manager.py:878} INFO - 
================================================================================
DAG File Processing Stats

File Path                                     PID    Runtime      # DAGs    # Errors  Last Runtime    Last Run
--------------------------------------------  -----  ---------  --------  ----------  --------------  -------------------
/opt/airflow/dags/restaurant_pipeline_dag.py                           1           0  0.16s           2026-09-19T20:54:17
/opt/airflow/dags/weather_pipeline_dag.py                              1           0  0.15s           2026-09-19T20:54:41
================================================================================
[2026-09-19T20:55:15.795+0000] {manager.py:878} INFO - 
================================================================================
DAG File Processing Stats

File Path                                     PID    Runtime      # DAGs    # Errors  Last Runtime    Last Run
--------------------------------------------  -----  ---------  --------  ----------  --------------  -------------------
/opt/airflow/dags/weather_pipeline_dag.py                              1           0  0.33s           2026-09-19T20:55:11
/opt/airflow/dags/restaurant_pipeline_dag.py                           1           0  0.30s           2026-09-19T20:54:47
================================================================================
[2026-09-19T20:55:46.270+0000] {manager.py:878} INFO - 
================================================================================
DAG File Processing Stats

File Path                                     PID    Runtime      # DAGs    # Errors  Last Runtime    Last Run
--------------------------------------------  -----  ---------  --------  ----------  --------------  -------------------
/opt/airflow/dags/restaurant_pipeline_dag.py                           1           0  0.29s           2026-09-19T20:55:18
/opt/airflow/dags/weather_pipeline_dag.py                              1           0  0.28s           2026-09-19T20:55:42
================================================================================
[2026-09-19T20:56:16.516+0000] {manager.py:878} INFO - 
================================================================================
DAG File Processing Stats

File Path                                     PID    Runtime      # DAGs    # Errors  Last Runtime    Last Run
--------------------------------------------  -----  ---------  --------  ----------  --------------  -------------------
/opt/airflow/dags/restaurant_pipeline_dag.py                           1           0  0.32s           2026-09-19T20:55:48
/opt/airflow/dags/weather_pipeline_dag.py                              1           0  0.15s           2026-09-19T20:56:12
================================================================================
[2026-09-19T20:56:46.992+0000] {manager.py:878} INFO - 
================================================================================
DAG File Processing Stats

File Path                                     PID    Runtime      # DAGs    # Errors  Last Runtime    Last Run
--------------------------------------------  -----  ---------  --------  ----------  --------------  -------------------
/opt/airflow/dags/weather_pipeline_dag.py                              1           0  0.15s           2026-09-19T20:56:42
/opt/airflow/dags/restaurant_pipeline_dag.py                           1           0  0.14s           2026-09-19T20:56:18
================================================================================
[2026-09-19T20:57:17.449+0000] {manager.py:878} INFO - 
================================================================================
DAG File Processing Stats

File Path                                     PID    Runtime      # DAGs    # Errors  Last Runtime    Last Run
--------------------------------------------  -----  ---------  --------  ----------  --------------  -------------------
/opt/airflow/dags/weather_pipeline_dag.py                              1           0  0.32s           2026-09-19T20:57:13
/opt/airflow/dags/restaurant_pipeline_dag.py                           1           0  0.28s           2026-09-19T20:56:49
================================================================================
[2026-09-19T20:57:47.954+0000] {manager.py:878} INFO - 
================================================================================
DAG File Processing Stats

File Path                                     PID    Runtime      # DAGs    # Errors  Last Runtime    Last Run
--------------------------------------------  -----  ---------  --------  ----------  --------------  -------------------
/opt/airflow/dags/restaurant_pipeline_dag.py                           1           0  0.32s           2026-09-19T20:57:19
/opt/airflow/dags/weather_pipeline_dag.py                              1           0  0.30s           2026-09-19T20:57:44
================================================================================
[2026-09-19T20:58:18.239+0000] {manager.py:878} INFO - 
================================================================================
DAG File Processing Stats

File Path                                     PID    Runtime      # DAGs    # Errors  Last Runtime    Last Run
--------------------------------------------  -----  ---------  --------  ----------  --------------  -------------------
/opt/airflow/dags/restaurant_pipeline_dag.py                           1           0  0.37s           2026-09-19T20:57:50
/opt/airflow/dags/weather_pipeline_dag.py                              1           0  0.15s           2026-09-19T20:58:14
================================================================================
[2026-09-19T20:58:48.703+0000] {manager.py:878} INFO - 
================================================================================
DAG File Processing Stats

File Path                                     PID    Runtime      # DAGs    # Errors  Last Runtime    Last Run
--------------------------------------------  -----  ---------  --------  ----------  --------------  -------------------
/opt/airflow/dags/weather_pipeline_dag.py                              1           0  0.15s           2026-09-19T20:58:44
/opt/airflow/dags/restaurant_pipeline_dag.py                           1           0  0.14s           2026-09-19T20:58:20
================================================================================
[2026-09-19T20:58:53.034+0000] {manager.py:737} INFO - Searching for files in /opt/airflow/dags
[2026-09-19T20:58:53.038+0000] {manager.py:740} INFO - There are 2 files in /opt/airflow/dags
[2026-09-19T20:59:18.934+0000] {manager.py:878} INFO - 
================================================================================
DAG File Processing Stats

File Path                                     PID    Runtime      # DAGs    # Errors  Last Runtime    Last Run
--------------------------------------------  -----  ---------  --------  ----------  --------------  -------------------
/opt/airflow/dags/restaurant_pipeline_dag.py                           1           0  0.29s           2026-09-19T20:58:51
/opt/airflow/dags/weather_pipeline_dag.py                              1           0  0.29s           2026-09-19T20:59:15
================================================================================
[2026-09-19T20:59:49.688+0000] {manager.py:878} INFO - 
================================================================================
DAG File Processing Stats

File Path                                     PID    Runtime      # DAGs    # Errors  Last Runtime    Last Run
--------------------------------------------  -----  ---------  --------  ----------  --------------  -------------------
/opt/airflow/dags/weather_pipeline_dag.py                              1           0  0.29s           2026-09-19T20:59:45
/opt/airflow/dags/restaurant_pipeline_dag.py                           1           0  0.28s           2026-09-19T20:59:21
================================================================================
[2026-09-19T21:00:19.922+0000] {manager.py:878} INFO - 
================================================================================
DAG File Processing Stats

File Path                                     PID    Runtime      # DAGs    # Errors  Last Runtime    Last Run
--------------------------------------------  -----  ---------  --------  ----------  --------------  -------------------
/opt/airflow/dags/restaurant_pipeline_dag.py                           1           0  0.28s           2026-09-19T20:59:51
/opt/airflow/dags/weather_pipeline_dag.py                              1           0  0.15s           2026-09-19T21:00:16
================================================================================
[2026-09-19T21:00:50.394+0000] {manager.py:878} INFO - 
================================================================================
DAG File Processing Stats

File Path                                     PID    Runtime      # DAGs    # Errors  Last Runtime    Last Run
--------------------------------------------  -----  ---------  --------  ----------  --------------  -------------------
/opt/airflow/dags/weather_pipeline_dag.py                              1           0  0.15s           2026-09-19T21:00:46
/opt/airflow/dags/restaurant_pipeline_dag.py                           1           0  0.15s           2026-09-19T21:00:22
================================================================================
[2026-09-19T21:01:20.875+0000] {manager.py:878} INFO - 
================================================================================
DAG File Processing Stats

File Path                                     PID    Runtime      # DAGs    # Errors  Last Runtime    Last Run
--------------------------------------------  -----  ---------  --------  ----------  --------------  -------------------
/opt/airflow/dags/restaurant_pipeline_dag.py                           1           0  0.28s           2026-09-19T21:00:52
/opt/airflow/dags/weather_pipeline_dag.py                              1           0  0.28s           2026-09-19T21:01:16
================================================================================
[2026-09-19T21:01:51.361+0000] {manager.py:878} INFO - 
================================================================================
DAG File Processing Stats

File Path                                     PID    Runtime      # DAGs    # Errors  Last Runtime    Last Run
--------------------------------------------  -----  ---------  --------  ----------  --------------  -------------------
/opt/airflow/dags/weather_pipeline_dag.py                              1           0  0.28s           2026-09-19T21:01:47
/opt/airflow/dags/restaurant_pipeline_dag.py                           1           0  0.28s           2026-09-19T21:01:23
================================================================================
[2026-09-19T21:02:21.634+0000] {manager.py:878} INFO - 
================================================================================
DAG File Processing Stats

File Path                                     PID    Runtime      # DAGs    # Errors  Last Runtime    Last Run
--------------------------------------------  -----  ---------  --------  ----------  --------------  -------------------
/opt/airflow/dags/restaurant_pipeline_dag.py                           1           0  0.27s           2026-09-19T21:01:53
/opt/airflow/dags/weather_pipeline_dag.py                              1           0  0.15s           2026-09-19T21:02:17
================================================================================
[2026-09-19T21:02:52.108+0000] {manager.py:878} INFO - 
================================================================================
DAG File Processing Stats

File Path                                     PID    Runtime      # DAGs    # Errors  Last Runtime    Last Run
--------------------------------------------  -----  ---------  --------  ----------  --------------  -------------------
/opt/airflow/dags/weather_pipeline_dag.py                              1           0  0.15s           2026-09-19T21:02:48
/opt/airflow/dags/restaurant_pipeline_dag.py                           1           0  0.14s           2026-09-19T21:02:23
================================================================================
[2026-09-19T21:03:22.588+0000] {manager.py:878} INFO - 
================================================================================
DAG File Processing Stats

File Path                                     PID    Runtime      # DAGs    # Errors  Last Runtime    Last Run
--------------------------------------------  -----  ---------  --------  ----------  --------------  -------------------
/opt/airflow/dags/weather_pipeline_dag.py                              1           0  0.32s           2026-09-19T21:03:18
/opt/airflow/dags/restaurant_pipeline_dag.py                           1           0  0.29s           2026-09-19T21:02:54
================================================================================
[2026-09-19T21:03:53.072+0000] {manager.py:737} INFO - Searching for files in /opt/airflow/dags
[2026-09-19T21:03:53.074+0000] {manager.py:740} INFO - There are 2 files in /opt/airflow/dags
[2026-09-19T21:03:53.084+0000] {manager.py:878} INFO - 
================================================================================
DAG File Processing Stats

File Path                                     PID    Runtime      # DAGs    # Errors  Last Runtime    Last Run
--------------------------------------------  -----  ---------  --------  ----------  --------------  -------------------
/opt/airflow/dags/weather_pipeline_dag.py                              1           0  0.29s           2026-09-19T21:03:49
/opt/airflow/dags/restaurant_pipeline_dag.py                           1           0  0.29s           2026-09-19T21:03:24
================================================================================
[2026-09-19T21:04:23.564+0000] {manager.py:878} INFO - 
================================================================================
DAG File Processing Stats

File Path                                     PID    Runtime      # DAGs    # Errors  Last Runtime    Last Run
--------------------------------------------  -----  ---------  --------  ----------  --------------  -------------------
/opt/airflow/dags/restaurant_pipeline_dag.py                           1           0  0.29s           2026-09-19T21:03:55
/opt/airflow/dags/weather_pipeline_dag.py                              1           0  0.15s           2026-09-19T21:04:19
================================================================================
[2026-09-19T21:04:53.914+0000] {manager.py:878} INFO - 
================================================================================
DAG File Processing Stats

File Path                                     PID    Runtime      # DAGs    # Errors  Last Runtime    Last Run
--------------------------------------------  -----  ---------  --------  ----------  --------------  -------------------
/opt/airflow/dags/weather_pipeline_dag.py                              1           0  0.15s           2026-09-19T21:04:50
/opt/airflow/dags/restaurant_pipeline_dag.py                           1           0  0.15s           2026-09-19T21:04:25
================================================================================
[2026-09-19T21:05:24.274+0000] {manager.py:878} INFO - 
================================================================================
DAG File Processing Stats

File Path                                     PID    Runtime      # DAGs    # Errors  Last Runtime    Last Run
--------------------------------------------  -----  ---------  --------  ----------  --------------  -------------------
/opt/airflow/dags/weather_pipeline_dag.py                              1           0  0.15s           2026-09-19T21:05:20
/opt/airflow/dags/restaurant_pipeline_dag.py                           1           0  0.15s           2026-09-19T21:04:56
================================================================================
[2026-09-19T21:05:54.618+0000] {manager.py:878} INFO - 
================================================================================
DAG File Processing Stats

File Path                                     PID    Runtime      # DAGs    # Errors  Last Runtime    Last Run
--------------------------------------------  -----  ---------  --------  ----------  --------------  -------------------
/opt/airflow/dags/restaurant_pipeline_dag.py                           1           0  0.15s           2026-09-19T21:05:26
/opt/airflow/dags/weather_pipeline_dag.py                              1           0  0.15s           2026-09-19T21:05:50
================================================================================
[2026-09-19T21:06:07.537+0000] {manager.py:452} INFO - Exiting gracefully upon receiving signal 15
[2026-09-19T21:06:23.811+0000] {manager.py:470} INFO - Processing files using up to 2 processes at a time 
[2026-09-19T21:06:23.812+0000] {manager.py:471} INFO - Process each file at most once every 30 seconds
[2026-09-19T21:06:23.812+0000] {manager.py:472} INFO - Checking for new files in /opt/airflow/dags every 300 seconds
[2026-09-19T21:06:23.813+0000] {manager.py:737} INFO - Searching for files in /opt/airflow/dags
[2026-09-19T21:06:23.814+0000] {manager.py:740} INFO - There are 2 files in /opt/airflow/dags
[2026-09-19T21:06:23.985+0000] {manager.py:878} INFO - 
================================================================================
DAG File Processing Stats

File Path                                       PID  Runtime      # DAGs    # Errors  Last Runtime    Last Run
--------------------------------------------  -----  ---------  --------  ----------  --------------  ----------
/opt/airflow/dags/weather_pipeline_dag.py       180  0.07s             0           0
/opt/airflow/dags/restaurant_pipeline_dag.py    176  0.09s             0           0
================================================================================
[2026-09-19T21:06:54.369+0000] {manager.py:878} INFO - 
================================================================================
DAG File Processing Stats

File Path                                       PID  Runtime      # DAGs    # Errors  Last Runtime    Last Run
--------------------------------------------  -----  ---------  --------  ----------  --------------  -------------------
/opt/airflow/dags/weather_pipeline_dag.py       216  0.01s             1           0  0.27s           2026-09-19T21:06:24
/opt/airflow/dags/restaurant_pipeline_dag.py    213  0.02s             1           0  0.26s           2026-09-19T21:06:24
================================================================================
[2026-09-19T21:07:24.741+0000] {manager.py:878} INFO - 
================================================================================
DAG File Processing Stats

File Path                                       PID  Runtime      # DAGs    # Errors  Last Runtime    Last Run
--------------------------------------------  -----  ---------  --------  ----------  --------------  -------------------
/opt/airflow/dags/restaurant_pipeline_dag.py    241  0.02s             1           0  0.17s           2026-09-19T21:06:54
/opt/airflow/dags/weather_pipeline_dag.py       244  0.01s             1           0  0.17s           2026-09-19T21:06:54
================================================================================
[2026-09-19T21:07:55.149+0000] {manager.py:878} INFO - 
================================================================================
DAG File Processing Stats

File Path                                       PID  Runtime      # DAGs    # Errors  Last Runtime    Last Run
--------------------------------------------  -----  ---------  --------  ----------  --------------  -------------------
/opt/airflow/dags/weather_pipeline_dag.py       254  0.01s             1           0  0.20s           2026-09-19T21:07:24
/opt/airflow/dags/restaurant_pipeline_dag.py    251  0.02s             1           0  0.20s           2026-09-19T21:07:24
================================================================================
[2026-09-19T21:08:25.526+0000] {manager.py:878} INFO - 
================================================================================
DAG File Processing Stats

File Path                                       PID  Runtime      # DAGs    # Errors  Last Runtime    Last Run
--------------------------------------------  -----  ---------  --------  ----------  --------------  -------------------
/opt/airflow/dags/restaurant_pipeline_dag.py    261  0.02s             1           0  0.18s           2026-09-19T21:07:55
/opt/airflow/dags/weather_pipeline_dag.py       264  0.01s             1           0  0.17s           2026-09-19T21:07:55
================================================================================
[2026-09-19T21:08:55.895+0000] {manager.py:878} INFO - 
================================================================================
DAG File Processing Stats

File Path                                       PID  Runtime      # DAGs    # Errors  Last Runtime    Last Run
--------------------------------------------  -----  ---------  --------  ----------  --------------  -------------------
/opt/airflow/dags/restaurant_pipeline_dag.py    271  0.02s             1           0  0.17s           2026-09-19T21:08:25
/opt/airflow/dags/weather_pipeline_dag.py       274  0.01s             1           0  0.16s           2026-09-19T21:08:25
================================================================================
[2026-09-19T21:09:26.293+0000] {manager.py:878} INFO - 
================================================================================
DAG File Processing Stats

File Path                                       PID  Runtime      # DAGs    # Errors  Last Runtime    Last Run
--------------------------------------------  -----  ---------  --------  ----------  --------------  -------------------
/opt/airflow/dags/restaurant_pipeline_dag.py    281  0.02s             1           0  0.17s           2026-09-19T21:08:56
/opt/airflow/dags/weather_pipeline_dag.py       284  0.01s             1           0  0.17s           2026-09-19T21:08:56
================================================================================
[2026-09-19T21:09:56.688+0000] {manager.py:878} INFO - 
================================================================================
DAG File Processing Stats

File Path                                       PID  Runtime      # DAGs    # Errors  Last Runtime    Last Run
--------------------------------------------  -----  ---------  --------  ----------  --------------  -------------------
/opt/airflow/dags/restaurant_pipeline_dag.py    291  0.02s             1           0  0.19s           2026-09-19T21:09:26
/opt/airflow/dags/weather_pipeline_dag.py       294  0.01s             1           0  0.18s           2026-09-19T21:09:26
================================================================================
[2026-09-19T21:10:27.092+0000] {manager.py:878} INFO - 
================================================================================
DAG File Processing Stats

File Path                                       PID  Runtime      # DAGs    # Errors  Last Runtime    Last Run
--------------------------------------------  -----  ---------  --------  ----------  --------------  -------------------
/opt/airflow/dags/restaurant_pipeline_dag.py    301  0.02s             1           0  0.18s           2026-09-19T21:09:56
/opt/airflow/dags/weather_pipeline_dag.py       304  0.01s             1           0  0.18s           2026-09-19T21:09:56
================================================================================
[2026-09-19T21:10:57.462+0000] {manager.py:878} INFO - 
================================================================================
DAG File Processing Stats

File Path                                       PID  Runtime      # DAGs    # Errors  Last Runtime    Last Run
--------------------------------------------  -----  ---------  --------  ----------  --------------  -------------------
/opt/airflow/dags/weather_pipeline_dag.py       314  0.01s             1           0  0.17s           2026-09-19T21:10:27
/opt/airflow/dags/restaurant_pipeline_dag.py    311  0.02s             1           0  0.17s           2026-09-19T21:10:27
================================================================================
[2026-09-19T21:11:23.912+0000] {manager.py:737} INFO - Searching for files in /opt/airflow/dags
[2026-09-19T21:11:23.916+0000] {manager.py:740} INFO - There are 2 files in /opt/airflow/dags
[2026-09-19T21:11:27.843+0000] {manager.py:878} INFO - 
================================================================================
DAG File Processing Stats

File Path                                       PID  Runtime      # DAGs    # Errors  Last Runtime    Last Run
--------------------------------------------  -----  ---------  --------  ----------  --------------  -------------------
/opt/airflow/dags/weather_pipeline_dag.py       326  0.01s             1           0  0.17s           2026-09-19T21:10:57
/opt/airflow/dags/restaurant_pipeline_dag.py                           1           0  0.15s           2026-09-19T21:11:03
================================================================================
[2026-09-19T21:11:58.183+0000] {manager.py:878} INFO - 
================================================================================
DAG File Processing Stats

File Path                                       PID  Runtime      # DAGs    # Errors  Last Runtime    Last Run
--------------------------------------------  -----  ---------  --------  ----------  --------------  -------------------
/opt/airflow/dags/restaurant_pipeline_dag.py                           1           0  0.17s           2026-09-19T21:11:34
/opt/airflow/dags/weather_pipeline_dag.py       361  0.01s             1           0  0.17s           2026-09-19T21:11:27
================================================================================
[2026-09-19T21:12:28.508+0000] {manager.py:878} INFO - 
================================================================================
DAG File Processing Stats

File Path                                       PID  Runtime      # DAGs    # Errors  Last Runtime    Last Run
--------------------------------------------  -----  ---------  --------  ----------  --------------  -------------------
/opt/airflow/dags/restaurant_pipeline_dag.py                           1           0  0.16s           2026-09-19T21:12:04
/opt/airflow/dags/weather_pipeline_dag.py       371  0.01s             1           0  0.15s           2026-09-19T21:11:58
================================================================================
[2026-09-19T21:12:58.880+0000] {manager.py:878} INFO - 
================================================================================
DAG File Processing Stats

File Path                                       PID  Runtime      # DAGs    # Errors  Last Runtime    Last Run
--------------------------------------------  -----  ---------  --------  ----------  --------------  -------------------
/opt/airflow/dags/weather_pipeline_dag.py       381  0.01s             1           0  0.20s           2026-09-19T21:12:28
/opt/airflow/dags/restaurant_pipeline_dag.py                           1           0  0.15s           2026-09-19T21:12:34
================================================================================
[2026-09-19T21:13:29.239+0000] {manager.py:878} INFO - 
================================================================================
DAG File Processing Stats

File Path                                       PID  Runtime      # DAGs    # Errors  Last Runtime    Last Run
--------------------------------------------  -----  ---------  --------  ----------  --------------  -------------------
/opt/airflow/dags/restaurant_pipeline_dag.py                           1           0  0.20s           2026-09-19T21:13:05
/opt/airflow/dags/weather_pipeline_dag.py       391  0.01s             1           0  0.19s           2026-09-19T21:12:59
================================================================================
[2026-09-19T21:13:59.492+0000] {manager.py:878} INFO - 
================================================================================
DAG File Processing Stats

File Path                                     PID    Runtime      # DAGs    # Errors  Last Runtime    Last Run
--------------------------------------------  -----  ---------  --------  ----------  --------------  -------------------
/opt/airflow/dags/weather_pipeline_dag.py                              1           0  0.26s           2026-09-19T21:13:29
/opt/airflow/dags/restaurant_pipeline_dag.py                           1           0  0.15s           2026-09-19T21:13:35
================================================================================
[2026-09-19T21:14:30.001+0000] {manager.py:878} INFO - 
================================================================================
DAG File Processing Stats

File Path                                       PID  Runtime      # DAGs    # Errors  Last Runtime    Last Run
--------------------------------------------  -----  ---------  --------  ----------  --------------  -------------------
/opt/airflow/dags/weather_pipeline_dag.py       411  0.01s             1           0  0.15s           2026-09-19T21:13:59
/opt/airflow/dags/restaurant_pipeline_dag.py                           1           0  0.14s           2026-09-19T21:14:05
================================================================================
[2026-09-19T21:15:00.361+0000] {manager.py:878} INFO - 
================================================================================
DAG File Processing Stats

File Path                                       PID  Runtime      # DAGs    # Errors  Last Runtime    Last Run
--------------------------------------------  -----  ---------  --------  ----------  --------------  -------------------
/opt/airflow/dags/weather_pipeline_dag.py       421  0.01s             1           0  0.15s           2026-09-19T21:14:30
/opt/airflow/dags/restaurant_pipeline_dag.py                           1           0  0.14s           2026-09-19T21:14:36
================================================================================
[2026-09-19T21:15:30.727+0000] {manager.py:878} INFO - 
================================================================================
DAG File Processing Stats

File Path                                       PID  Runtime      # DAGs    # Errors  Last Runtime    Last Run
--------------------------------------------  -----  ---------  --------  ----------  --------------  -------------------
/opt/airflow/dags/weather_pipeline_dag.py       431  0.01s             1           0  0.15s           2026-09-19T21:15:00
/opt/airflow/dags/restaurant_pipeline_dag.py                           1           0  0.14s           2026-09-19T21:15:06
================================================================================
[2026-09-19T21:16:01.071+0000] {manager.py:878} INFO - 
================================================================================
DAG File Processing Stats

File Path                                       PID  Runtime      # DAGs    # Errors  Last Runtime    Last Run
--------------------------------------------  -----  ---------  --------  ----------  --------------  -------------------
/opt/airflow/dags/weather_pipeline_dag.py       441  0.01s             1           0  0.15s           2026-09-19T21:15:30
/opt/airflow/dags/restaurant_pipeline_dag.py                           1           0  0.14s           2026-09-19T21:15:36
================================================================================
[2026-09-19T21:16:24.350+0000] {manager.py:737} INFO - Searching for files in /opt/airflow/dags
[2026-09-19T21:16:24.354+0000] {manager.py:740} INFO - There are 2 files in /opt/airflow/dags
[2026-09-19T21:16:31.449+0000] {manager.py:878} INFO - 
================================================================================
DAG File Processing Stats

File Path                                       PID  Runtime      # DAGs    # Errors  Last Runtime    Last Run
--------------------------------------------  -----  ---------  --------  ----------  --------------  -------------------
/opt/airflow/dags/weather_pipeline_dag.py       451  0.01s             1           0  0.15s           2026-09-19T21:16:01
/opt/airflow/dags/restaurant_pipeline_dag.py                           1           0  0.14s           2026-09-19T21:16:07
================================================================================
[2026-09-19T21:17:01.807+0000] {manager.py:878} INFO - 
================================================================================
DAG File Processing Stats

File Path                                       PID  Runtime      # DAGs    # Errors  Last Runtime    Last Run
--------------------------------------------  -----  ---------  --------  ----------  --------------  -------------------
/opt/airflow/dags/weather_pipeline_dag.py       461  0.01s             1           0  0.15s           2026-09-19T21:16:31
/opt/airflow/dags/restaurant_pipeline_dag.py                           1           0  0.14s           2026-09-19T21:16:37
================================================================================
[2026-09-19T21:17:32.161+0000] {manager.py:878} INFO - 
================================================================================
DAG File Processing Stats

File Path                                       PID  Runtime      # DAGs    # Errors  Last Runtime    Last Run
--------------------------------------------  -----  ---------  --------  ----------  --------------  -------------------
/opt/airflow/dags/weather_pipeline_dag.py       471  0.01s             1           0  0.16s           2026-09-19T21:17:01
/opt/airflow/dags/restaurant_pipeline_dag.py                           1           0  0.15s           2026-09-19T21:17:08
================================================================================
[2026-09-19T21:18:02.501+0000] {manager.py:878} INFO - 
================================================================================
DAG File Processing Stats

File Path                                       PID  Runtime      # DAGs    # Errors  Last Runtime    Last Run
--------------------------------------------  -----  ---------  --------  ----------  --------------  -------------------
/opt/airflow/dags/weather_pipeline_dag.py       481  0.01s             1           0  0.15s           2026-09-19T21:17:32
/opt/airflow/dags/restaurant_pipeline_dag.py                           1           0  0.15s           2026-09-19T21:17:38
================================================================================
[2026-09-19T21:18:32.868+0000] {manager.py:878} INFO - 
================================================================================
DAG File Processing Stats

File Path                                       PID  Runtime      # DAGs    # Errors  Last Runtime    Last Run
--------------------------------------------  -----  ---------  --------  ----------  --------------  -------------------
/opt/airflow/dags/weather_pipeline_dag.py       491  0.01s             1           0  0.15s           2026-09-19T21:18:02
/opt/airflow/dags/restaurant_pipeline_dag.py                           1           0  0.14s           2026-09-19T21:18:08
================================================================================
[2026-09-19T21:19:03.208+0000] {manager.py:878} INFO - 
================================================================================
DAG File Processing Stats

File Path                                       PID  Runtime      # DAGs    # Errors  Last Runtime    Last Run
--------------------------------------------  -----  ---------  --------  ----------  --------------  -------------------
/opt/airflow/dags/restaurant_pipeline_dag.py                           1           0  0.15s           2026-09-19T21:18:39
/opt/airflow/dags/weather_pipeline_dag.py       501  0.01s             1           0  0.15s           2026-09-19T21:18:33
================================================================================
[2026-09-19T21:19:33.571+0000] {manager.py:878} INFO - 
================================================================================
DAG File Processing Stats

File Path                                       PID  Runtime      # DAGs    # Errors  Last Runtime    Last Run
--------------------------------------------  -----  ---------  --------  ----------  --------------  -------------------
/opt/airflow/dags/restaurant_pipeline_dag.py                           1           0  0.17s           2026-09-19T21:19:09
/opt/airflow/dags/weather_pipeline_dag.py       511  0.01s             1           0  0.17s           2026-09-19T21:19:03
================================================================================
[2026-09-19T21:20:03.924+0000] {manager.py:878} INFO - 
================================================================================
DAG File Processing Stats

File Path                                       PID  Runtime      # DAGs    # Errors  Last Runtime    Last Run
--------------------------------------------  -----  ---------  --------  ----------  --------------  -------------------
/opt/airflow/dags/restaurant_pipeline_dag.py                           1           0  0.17s           2026-09-19T21:19:39
/opt/airflow/dags/weather_pipeline_dag.py       521  0.01s             1           0  0.15s           2026-09-19T21:19:33
================================================================================
