[2026-09-19T19:48:46.570+0000] {processor.py:161} INFO - Started process (PID=1839) to work on /opt/airflow/dags/restaurant_pipeline_dag.py
[2026-09-19T19:48:46.571+0000] {processor.py:830} INFO - Processing file /opt/airflow/dags/restaurant_pipeline_dag.py for tasks to queue
[2026-09-19T19:48:46.573+0000] {logging_mixin.py:188} INFO - [2026-09-19T19:48:46.572+0000] {dagbag.py:545} INFO - Filling up the DagBag from /opt/airflow/dags/restaurant_pipeline_dag.py
[2026-09-19T19:48:46.581+0000] {logging_mixin.py:188} INFO - [2026-09-19T19:48:46.576+0000] {dagbag.py:355} ERROR - Failed to import: /opt/airflow/dags/restaurant_pipeline_dag.py
Traceback (most recent call last):
  File "/home/airflow/.local/lib/python3.12/site-packages/airflow/models/dagbag.py", line 351, in parse
    loader.exec_module(new_module)
  File "<frozen importlib._bootstrap_external>", line 991, in exec_module
  File "<frozen importlib._bootstrap_external>", line 1129, in get_code
  File "<frozen importlib._bootstrap_external>", line 1059, in source_to_code
  File "<frozen importlib._bootstrap>", line 488, in _call_with_frames_removed
  File "/opt/airflow/dags/restaurant_pipeline_dag.py", line 24
    
    ^
IndentationError: expected an indented block after 'with' statement on line 15
[2026-09-19T19:48:46.582+0000] {processor.py:842} WARNING - No viable dags retrieved from /opt/airflow/dags/restaurant_pipeline_dag.py
[2026-09-19T19:48:46.612+0000] {processor.py:183} INFO - Processing /opt/airflow/dags/restaurant_pipeline_dag.py took 0.051 seconds
[2026-09-19T19:49:16.837+0000] {processor.py:161} INFO - Started process (PID=1849) to work on /opt/airflow/dags/restaurant_pipeline_dag.py
[2026-09-19T19:49:16.837+0000] {processor.py:830} INFO - Processing file /opt/airflow/dags/restaurant_pipeline_dag.py for tasks to queue
[2026-09-19T19:49:16.838+0000] {logging_mixin.py:188} INFO - [2026-09-19T19:49:16.838+0000] {dagbag.py:545} INFO - Filling up the DagBag from /opt/airflow/dags/restaurant_pipeline_dag.py
[2026-09-19T19:49:16.842+0000] {logging_mixin.py:188} INFO - [2026-09-19T19:49:16.840+0000] {dagbag.py:355} ERROR - Failed to import: /opt/airflow/dags/restaurant_pipeline_dag.py
Traceback (most recent call last):
  File "/home/airflow/.local/lib/python3.12/site-packages/airflow/models/dagbag.py", line 351, in parse
    loader.exec_module(new_module)
  File "<frozen importlib._bootstrap_external>", line 991, in exec_module
  File "<frozen importlib._bootstrap_external>", line 1129, in get_code
  File "<frozen importlib._bootstrap_external>", line 1059, in source_to_code
  File "<frozen importlib._bootstrap>", line 488, in _call_with_frames_removed
  File "/opt/airflow/dags/restaurant_pipeline_dag.py", line 24
    
    ^
IndentationError: expected an indented block after 'with' statement on line 15
[2026-09-19T19:49:16.842+0000] {processor.py:842} WARNING - No viable dags retrieved from /opt/airflow/dags/restaurant_pipeline_dag.py
[2026-09-19T19:49:16.871+0000] {processor.py:183} INFO - Processing /opt/airflow/dags/restaurant_pipeline_dag.py took 0.041 seconds
[2026-09-19T19:49:47.130+0000] {processor.py:161} INFO - Started process (PID=1859) to work on /opt/airflow/dags/restaurant_pipeline_dag.py
[2026-09-19T19:49:47.131+0000] {processor.py:830} INFO - Processing file /opt/airflow/dags/restaurant_pipeline_dag.py for tasks to queue
[2026-09-19T19:49:47.132+0000] {logging_mixin.py:188} INFO - [2026-09-19T19:49:47.131+0000] {dagbag.py:545} INFO - Filling up the DagBag from /opt/airflow/dags/restaurant_pipeline_dag.py
[2026-09-19T19:49:47.137+0000] {logging_mixin.py:188} INFO - [2026-09-19T19:49:47.134+0000] {dagbag.py:355} ERROR - Failed to import: /opt/airflow/dags/restaurant_pipeline_dag.py
Traceback (most recent call last):
  File "/home/airflow/.local/lib/python3.12/site-packages/airflow/models/dagbag.py", line 351, in parse
    loader.exec_module(new_module)
  File "<frozen importlib._bootstrap_external>", line 991, in exec_module
  File "<frozen importlib._bootstrap_external>", line 1129, in get_code
  File "<frozen importlib._bootstrap_external>", line 1059, in source_to_code
  File "<frozen importlib._bootstrap>", line 488, in _call_with_frames_removed
  File "/opt/airflow/dags/restaurant_pipeline_dag.py", line 24
    
    ^
IndentationError: expected an indented block after 'with' statement on line 15
[2026-09-19T19:49:47.137+0000] {processor.py:842} WARNING - No viable dags retrieved from /opt/airflow/dags/restaurant_pipeline_dag.py
[2026-09-19T19:49:47.166+0000] {processor.py:183} INFO - Processing /opt/airflow/dags/restaurant_pipeline_dag.py took 0.043 seconds
[2026-09-19T19:50:17.410+0000] {processor.py:161} INFO - Started process (PID=1869) to work on /opt/airflow/dags/restaurant_pipeline_dag.py
[2026-09-19T19:50:17.410+0000] {processor.py:830} INFO - Processing file /opt/airflow/dags/restaurant_pipeline_dag.py for tasks to queue
[2026-09-19T19:50:17.411+0000] {logging_mixin.py:188} INFO - [2026-09-19T19:50:17.411+0000] {dagbag.py:545} INFO - Filling up the DagBag from /opt/airflow/dags/restaurant_pipeline_dag.py
[2026-09-19T19:50:17.415+0000] {logging_mixin.py:188} INFO - [2026-09-19T19:50:17.414+0000] {dagbag.py:355} ERROR - Failed to import: /opt/airflow/dags/restaurant_pipeline_dag.py
Traceback (most recent call last):
  File "/home/airflow/.local/lib/python3.12/site-packages/airflow/models/dagbag.py", line 351, in parse
    loader.exec_module(new_module)
  File "<frozen importlib._bootstrap_external>", line 991, in exec_module
  File "<frozen importlib._bootstrap_external>", line 1129, in get_code
  File "<frozen importlib._bootstrap_external>", line 1059, in source_to_code
  File "<frozen importlib._bootstrap>", line 488, in _call_with_frames_removed
  File "/opt/airflow/dags/restaurant_pipeline_dag.py", line 24
    
    ^
IndentationError: expected an indented block after 'with' statement on line 15
[2026-09-19T19:50:17.416+0000] {processor.py:842} WARNING - No viable dags retrieved from /opt/airflow/dags/restaurant_pipeline_dag.py
[2026-09-19T19:50:17.446+0000] {processor.py:183} INFO - Processing /opt/airflow/dags/restaurant_pipeline_dag.py took 0.043 seconds
[2026-09-19T19:50:47.678+0000] {processor.py:161} INFO - Started process (PID=1879) to work on /opt/airflow/dags/restaurant_pipeline_dag.py
[2026-09-19T19:50:47.680+0000] {processor.py:830} INFO - Processing file /opt/airflow/dags/restaurant_pipeline_dag.py for tasks to queue
[2026-09-19T19:50:47.681+0000] {logging_mixin.py:188} INFO - [2026-09-19T19:50:47.680+0000] {dagbag.py:545} INFO - Filling up the DagBag from /opt/airflow/dags/restaurant_pipeline_dag.py
[2026-09-19T19:50:47.686+0000] {logging_mixin.py:188} INFO - [2026-09-19T19:50:47.684+0000] {dagbag.py:355} ERROR - Failed to import: /opt/airflow/dags/restaurant_pipeline_dag.py
Traceback (most recent call last):
  File "/home/airflow/.local/lib/python3.12/site-packages/airflow/models/dagbag.py", line 351, in parse
    loader.exec_module(new_module)
  File "<frozen importlib._bootstrap_external>", line 991, in exec_module
  File "<frozen importlib._bootstrap_external>", line 1129, in get_code
  File "<frozen importlib._bootstrap_external>", line 1059, in source_to_code
  File "<frozen importlib._bootstrap>", line 488, in _call_with_frames_removed
  File "/opt/airflow/dags/restaurant_pipeline_dag.py", line 24
    
    ^
IndentationError: expected an indented block after 'with' statement on line 15
[2026-09-19T19:50:47.687+0000] {processor.py:842} WARNING - No viable dags retrieved from /opt/airflow/dags/restaurant_pipeline_dag.py
[2026-09-19T19:50:47.715+0000] {processor.py:183} INFO - Processing /opt/airflow/dags/restaurant_pipeline_dag.py took 0.047 seconds
[2026-09-19T19:51:17.937+0000] {processor.py:161} INFO - Started process (PID=1889) to work on /opt/airflow/dags/restaurant_pipeline_dag.py
[2026-09-19T19:51:17.938+0000] {processor.py:830} INFO - Processing file /opt/airflow/dags/restaurant_pipeline_dag.py for tasks to queue
[2026-09-19T19:51:17.939+0000] {logging_mixin.py:188} INFO - [2026-09-19T19:51:17.939+0000] {dagbag.py:545} INFO - Filling up the DagBag from /opt/airflow/dags/restaurant_pipeline_dag.py
[2026-09-19T19:51:17.942+0000] {logging_mixin.py:188} INFO - [2026-09-19T19:51:17.941+0000] {dagbag.py:355} ERROR - Failed to import: /opt/airflow/dags/restaurant_pipeline_dag.py
Traceback (most recent call last):
  File "/home/airflow/.local/lib/python3.12/site-packages/airflow/models/dagbag.py", line 351, in parse
    loader.exec_module(new_module)
  File "<frozen importlib._bootstrap_external>", line 991, in exec_module
  File "<frozen importlib._bootstrap_external>", line 1129, in get_code
  File "<frozen importlib._bootstrap_external>", line 1059, in source_to_code
  File "<frozen importlib._bootstrap>", line 488, in _call_with_frames_removed
  File "/opt/airflow/dags/restaurant_pipeline_dag.py", line 24
    
    ^
IndentationError: expected an indented block after 'with' statement on line 15
[2026-09-19T19:51:17.943+0000] {processor.py:842} WARNING - No viable dags retrieved from /opt/airflow/dags/restaurant_pipeline_dag.py
[2026-09-19T19:51:17.978+0000] {processor.py:183} INFO - Processing /opt/airflow/dags/restaurant_pipeline_dag.py took 0.048 seconds
[2026-09-19T19:51:48.214+0000] {processor.py:161} INFO - Started process (PID=1899) to work on /opt/airflow/dags/restaurant_pipeline_dag.py
[2026-09-19T19:51:48.215+0000] {processor.py:830} INFO - Processing file /opt/airflow/dags/restaurant_pipeline_dag.py for tasks to queue
[2026-09-19T19:51:48.216+0000] {logging_mixin.py:188} INFO - [2026-09-19T19:51:48.216+0000] {dagbag.py:545} INFO - Filling up the DagBag from /opt/airflow/dags/restaurant_pipeline_dag.py
[2026-09-19T19:51:48.221+0000] {logging_mixin.py:188} INFO - [2026-09-19T19:51:48.219+0000] {dagbag.py:355} ERROR - Failed to import: /opt/airflow/dags/restaurant_pipeline_dag.py
Traceback (most recent call last):
  File "/home/airflow/.local/lib/python3.12/site-packages/airflow/models/dagbag.py", line 351, in parse
    loader.exec_module(new_module)
  File "<frozen importlib._bootstrap_external>", line 991, in exec_module
  File "<frozen importlib._bootstrap_external>", line 1129, in get_code
  File "<frozen importlib._bootstrap_external>", line 1059, in source_to_code
  File "<frozen importlib._bootstrap>", line 488, in _call_with_frames_removed
  File "/opt/airflow/dags/restaurant_pipeline_dag.py", line 24
    
    ^
IndentationError: expected an indented block after 'with' statement on line 15
[2026-09-19T19:51:48.222+0000] {processor.py:842} WARNING - No viable dags retrieved from /opt/airflow/dags/restaurant_pipeline_dag.py
[2026-09-19T19:51:48.259+0000] {processor.py:183} INFO - Processing /opt/airflow/dags/restaurant_pipeline_dag.py took 0.051 seconds
[2026-09-19T19:52:18.484+0000] {processor.py:161} INFO - Started process (PID=1909) to work on /opt/airflow/dags/restaurant_pipeline_dag.py
[2026-09-19T19:52:18.484+0000] {processor.py:830} INFO - Processing file /opt/airflow/dags/restaurant_pipeline_dag.py for tasks to queue
[2026-09-19T19:52:18.485+0000] {logging_mixin.py:188} INFO - [2026-09-19T19:52:18.485+0000] {dagbag.py:545} INFO - Filling up the DagBag from /opt/airflow/dags/restaurant_pipeline_dag.py
[2026-09-19T19:52:18.489+0000] {logging_mixin.py:188} INFO - [2026-09-19T19:52:18.487+0000] {dagbag.py:355} ERROR - Failed to import: /opt/airflow/dags/restaurant_pipeline_dag.py
Traceback (most recent call last):
  File "/home/airflow/.local/lib/python3.12/site-packages/airflow/models/dagbag.py", line 351, in parse
    loader.exec_module(new_module)
  File "<frozen importlib._bootstrap_external>", line 991, in exec_module
  File "<frozen importlib._bootstrap_external>", line 1129, in get_code
  File "<frozen importlib._bootstrap_external>", line 1059, in source_to_code
  File "<frozen importlib._bootstrap>", line 488, in _call_with_frames_removed
  File "/opt/airflow/dags/restaurant_pipeline_dag.py", line 24
    
    ^
IndentationError: expected an indented block after 'with' statement on line 15
[2026-09-19T19:52:18.490+0000] {processor.py:842} WARNING - No viable dags retrieved from /opt/airflow/dags/restaurant_pipeline_dag.py
[2026-09-19T19:52:18.518+0000] {processor.py:183} INFO - Processing /opt/airflow/dags/restaurant_pipeline_dag.py took 0.041 seconds
[2026-09-19T19:52:48.751+0000] {processor.py:161} INFO - Started process (PID=1919) to work on /opt/airflow/dags/restaurant_pipeline_dag.py
[2026-09-19T19:52:48.752+0000] {processor.py:830} INFO - Processing file /opt/airflow/dags/restaurant_pipeline_dag.py for tasks to queue
[2026-09-19T19:52:48.753+0000] {logging_mixin.py:188} INFO - [2026-09-19T19:52:48.752+0000] {dagbag.py:545} INFO - Filling up the DagBag from /opt/airflow/dags/restaurant_pipeline_dag.py
[2026-09-19T19:52:48.757+0000] {logging_mixin.py:188} INFO - [2026-09-19T19:52:48.755+0000] {dagbag.py:355} ERROR - Failed to import: /opt/airflow/dags/restaurant_pipeline_dag.py
Traceback (most recent call last):
  File "/home/airflow/.local/lib/python3.12/site-packages/airflow/models/dagbag.py", line 351, in parse
    loader.exec_module(new_module)
  File "<frozen importlib._bootstrap_external>", line 991, in exec_module
  File "<frozen importlib._bootstrap_external>", line 1129, in get_code
  File "<frozen importlib._bootstrap_external>", line 1059, in source_to_code
  File "<frozen importlib._bootstrap>", line 488, in _call_with_frames_removed
  File "/opt/airflow/dags/restaurant_pipeline_dag.py", line 24
    
    ^
IndentationError: expected an indented block after 'with' statement on line 15
[2026-09-19T19:52:48.757+0000] {processor.py:842} WARNING - No viable dags retrieved from /opt/airflow/dags/restaurant_pipeline_dag.py
[2026-09-19T19:52:48.786+0000] {processor.py:183} INFO - Processing /opt/airflow/dags/restaurant_pipeline_dag.py took 0.042 seconds
[2026-09-19T19:53:05.913+0000] {processor.py:161} INFO - Started process (PID=1929) to work on /opt/airflow/dags/restaurant_pipeline_dag.py
[2026-09-19T19:53:05.913+0000] {processor.py:830} INFO - Processing file /opt/airflow/dags/restaurant_pipeline_dag.py for tasks to queue
[2026-09-19T19:53:05.914+0000] {logging_mixin.py:188} INFO - [2026-09-19T19:53:05.914+0000] {dagbag.py:545} INFO - Filling up the DagBag from /opt/airflow/dags/restaurant_pipeline_dag.py
[2026-09-19T19:53:05.917+0000] {logging_mixin.py:188} INFO - [2026-09-19T19:53:05.916+0000] {dagbag.py:355} ERROR - Failed to import: /opt/airflow/dags/restaurant_pipeline_dag.py
Traceback (most recent call last):
  File "/home/airflow/.local/lib/python3.12/site-packages/airflow/models/dagbag.py", line 351, in parse
    loader.exec_module(new_module)
  File "<frozen importlib._bootstrap_external>", line 991, in exec_module
  File "<frozen importlib._bootstrap_external>", line 1129, in get_code
  File "<frozen importlib._bootstrap_external>", line 1059, in source_to_code
  File "<frozen importlib._bootstrap>", line 488, in _call_with_frames_removed
  File "/opt/airflow/dags/restaurant_pipeline_dag.py", line 35
    
    ^
IndentationError: expected an indented block after 'with' statement on line 26
[2026-09-19T19:53:05.918+0000] {processor.py:842} WARNING - No viable dags retrieved from /opt/airflow/dags/restaurant_pipeline_dag.py
[2026-09-19T19:53:05.945+0000] {processor.py:183} INFO - Processing /opt/airflow/dags/restaurant_pipeline_dag.py took 0.039 seconds
[2026-09-19T19:53:36.161+0000] {processor.py:161} INFO - Started process (PID=1939) to work on /opt/airflow/dags/restaurant_pipeline_dag.py
[2026-09-19T19:53:36.162+0000] {processor.py:830} INFO - Processing file /opt/airflow/dags/restaurant_pipeline_dag.py for tasks to queue
[2026-09-19T19:53:36.164+0000] {logging_mixin.py:188} INFO - [2026-09-19T19:53:36.163+0000] {dagbag.py:545} INFO - Filling up the DagBag from /opt/airflow/dags/restaurant_pipeline_dag.py
[2026-09-19T19:53:36.167+0000] {logging_mixin.py:188} INFO - [2026-09-19T19:53:36.166+0000] {dagbag.py:355} ERROR - Failed to import: /opt/airflow/dags/restaurant_pipeline_dag.py
Traceback (most recent call last):
  File "/home/airflow/.local/lib/python3.12/site-packages/airflow/models/dagbag.py", line 351, in parse
    loader.exec_module(new_module)
  File "<frozen importlib._bootstrap_external>", line 991, in exec_module
  File "<frozen importlib._bootstrap_external>", line 1129, in get_code
  File "<frozen importlib._bootstrap_external>", line 1059, in source_to_code
  File "<frozen importlib._bootstrap>", line 488, in _call_with_frames_removed
  File "/opt/airflow/dags/restaurant_pipeline_dag.py", line 35
    
    ^
IndentationError: expected an indented block after 'with' statement on line 26
[2026-09-19T19:53:36.168+0000] {processor.py:842} WARNING - No viable dags retrieved from /opt/airflow/dags/restaurant_pipeline_dag.py
[2026-09-19T19:53:36.196+0000] {processor.py:183} INFO - Processing /opt/airflow/dags/restaurant_pipeline_dag.py took 0.042 seconds
[2026-09-19T19:54:06.384+0000] {processor.py:161} INFO - Started process (PID=1949) to work on /opt/airflow/dags/restaurant_pipeline_dag.py
[2026-09-19T19:54:06.385+0000] {processor.py:830} INFO - Processing file /opt/airflow/dags/restaurant_pipeline_dag.py for tasks to queue
[2026-09-19T19:54:06.386+0000] {logging_mixin.py:188} INFO - [2026-09-19T19:54:06.386+0000] {dagbag.py:545} INFO - Filling up the DagBag from /opt/airflow/dags/restaurant_pipeline_dag.py
[2026-09-19T19:54:06.390+0000] {logging_mixin.py:188} INFO - [2026-09-19T19:54:06.388+0000] {dagbag.py:355} ERROR - Failed to import: /opt/airflow/dags/restaurant_pipeline_dag.py
Traceback (most recent call last):
  File "/home/airflow/.local/lib/python3.12/site-packages/airflow/models/dagbag.py", line 351, in parse
    loader.exec_module(new_module)
  File "<frozen importlib._bootstrap_external>", line 991, in exec_module
  File "<frozen importlib._bootstrap_external>", line 1129, in get_code
  File "<frozen importlib._bootstrap_external>", line 1059, in source_to_code
  File "<frozen importlib._bootstrap>", line 488, in _call_with_frames_removed
  File "/opt/airflow/dags/restaurant_pipeline_dag.py", line 35
    
    ^
IndentationError: expected an indented block after 'with' statement on line 26
[2026-09-19T19:54:06.390+0000] {processor.py:842} WARNING - No viable dags retrieved from /opt/airflow/dags/restaurant_pipeline_dag.py
[2026-09-19T19:54:06.420+0000] {processor.py:183} INFO - Processing /opt/airflow/dags/restaurant_pipeline_dag.py took 0.045 seconds
[2026-09-19T19:54:36.645+0000] {processor.py:161} INFO - Started process (PID=1959) to work on /opt/airflow/dags/restaurant_pipeline_dag.py
[2026-09-19T19:54:36.646+0000] {processor.py:830} INFO - Processing file /opt/airflow/dags/restaurant_pipeline_dag.py for tasks to queue
[2026-09-19T19:54:36.647+0000] {logging_mixin.py:188} INFO - [2026-09-19T19:54:36.646+0000] {dagbag.py:545} INFO - Filling up the DagBag from /opt/airflow/dags/restaurant_pipeline_dag.py
[2026-09-19T19:54:36.650+0000] {logging_mixin.py:188} INFO - [2026-09-19T19:54:36.649+0000] {dagbag.py:355} ERROR - Failed to import: /opt/airflow/dags/restaurant_pipeline_dag.py
Traceback (most recent call last):
  File "/home/airflow/.local/lib/python3.12/site-packages/airflow/models/dagbag.py", line 351, in parse
    loader.exec_module(new_module)
  File "<frozen importlib._bootstrap_external>", line 991, in exec_module
  File "<frozen importlib._bootstrap_external>", line 1129, in get_code
  File "<frozen importlib._bootstrap_external>", line 1059, in source_to_code
  File "<frozen importlib._bootstrap>", line 488, in _call_with_frames_removed
  File "/opt/airflow/dags/restaurant_pipeline_dag.py", line 35
    
    ^
IndentationError: expected an indented block after 'with' statement on line 26
[2026-09-19T19:54:36.651+0000] {processor.py:842} WARNING - No viable dags retrieved from /opt/airflow/dags/restaurant_pipeline_dag.py
[2026-09-19T19:54:36.681+0000] {processor.py:183} INFO - Processing /opt/airflow/dags/restaurant_pipeline_dag.py took 0.043 seconds
[2026-09-19T19:55:06.892+0000] {processor.py:161} INFO - Started process (PID=1969) to work on /opt/airflow/dags/restaurant_pipeline_dag.py
[2026-09-19T19:55:06.893+0000] {processor.py:830} INFO - Processing file /opt/airflow/dags/restaurant_pipeline_dag.py for tasks to queue
[2026-09-19T19:55:06.894+0000] {logging_mixin.py:188} INFO - [2026-09-19T19:55:06.893+0000] {dagbag.py:545} INFO - Filling up the DagBag from /opt/airflow/dags/restaurant_pipeline_dag.py
[2026-09-19T19:55:06.897+0000] {logging_mixin.py:188} INFO - [2026-09-19T19:55:06.896+0000] {dagbag.py:355} ERROR - Failed to import: /opt/airflow/dags/restaurant_pipeline_dag.py
Traceback (most recent call last):
  File "/home/airflow/.local/lib/python3.12/site-packages/airflow/models/dagbag.py", line 351, in parse
    loader.exec_module(new_module)
  File "<frozen importlib._bootstrap_external>", line 991, in exec_module
  File "<frozen importlib._bootstrap_external>", line 1129, in get_code
  File "<frozen importlib._bootstrap_external>", line 1059, in source_to_code
  File "<frozen importlib._bootstrap>", line 488, in _call_with_frames_removed
  File "/opt/airflow/dags/restaurant_pipeline_dag.py", line 35
    
    ^
IndentationError: expected an indented block after 'with' statement on line 26
[2026-09-19T19:55:06.898+0000] {processor.py:842} WARNING - No viable dags retrieved from /opt/airflow/dags/restaurant_pipeline_dag.py
[2026-09-19T19:55:06.926+0000] {processor.py:183} INFO - Processing /opt/airflow/dags/restaurant_pipeline_dag.py took 0.042 seconds
[2026-09-19T19:55:37.144+0000] {processor.py:161} INFO - Started process (PID=1979) to work on /opt/airflow/dags/restaurant_pipeline_dag.py
[2026-09-19T19:55:37.145+0000] {processor.py:830} INFO - Processing file /opt/airflow/dags/restaurant_pipeline_dag.py for tasks to queue
[2026-09-19T19:55:37.146+0000] {logging_mixin.py:188} INFO - [2026-09-19T19:55:37.145+0000] {dagbag.py:545} INFO - Filling up the DagBag from /opt/airflow/dags/restaurant_pipeline_dag.py
[2026-09-19T19:55:37.149+0000] {logging_mixin.py:188} INFO - [2026-09-19T19:55:37.148+0000] {dagbag.py:355} ERROR - Failed to import: /opt/airflow/dags/restaurant_pipeline_dag.py
Traceback (most recent call last):
  File "/home/airflow/.local/lib/python3.12/site-packages/airflow/models/dagbag.py", line 351, in parse
    loader.exec_module(new_module)
  File "<frozen importlib._bootstrap_external>", line 991, in exec_module
  File "<frozen importlib._bootstrap_external>", line 1129, in get_code
  File "<frozen importlib._bootstrap_external>", line 1059, in source_to_code
  File "<frozen importlib._bootstrap>", line 488, in _call_with_frames_removed
  File "/opt/airflow/dags/restaurant_pipeline_dag.py", line 35
    
    ^
IndentationError: expected an indented block after 'with' statement on line 26
[2026-09-19T19:55:37.150+0000] {processor.py:842} WARNING - No viable dags retrieved from /opt/airflow/dags/restaurant_pipeline_dag.py
[2026-09-19T19:55:37.177+0000] {processor.py:183} INFO - Processing /opt/airflow/dags/restaurant_pipeline_dag.py took 0.041 seconds
[2026-09-19T19:56:07.401+0000] {processor.py:161} INFO - Started process (PID=1989) to work on /opt/airflow/dags/restaurant_pipeline_dag.py
[2026-09-19T19:56:07.401+0000] {processor.py:830} INFO - Processing file /opt/airflow/dags/restaurant_pipeline_dag.py for tasks to queue
[2026-09-19T19:56:07.402+0000] {logging_mixin.py:188} INFO - [2026-09-19T19:56:07.402+0000] {dagbag.py:545} INFO - Filling up the DagBag from /opt/airflow/dags/restaurant_pipeline_dag.py
[2026-09-19T19:56:07.406+0000] {logging_mixin.py:188} INFO - [2026-09-19T19:56:07.405+0000] {dagbag.py:355} ERROR - Failed to import: /opt/airflow/dags/restaurant_pipeline_dag.py
Traceback (most recent call last):
  File "/home/airflow/.local/lib/python3.12/site-packages/airflow/models/dagbag.py", line 351, in parse
    loader.exec_module(new_module)
  File "<frozen importlib._bootstrap_external>", line 991, in exec_module
  File "<frozen importlib._bootstrap_external>", line 1129, in get_code
  File "<frozen importlib._bootstrap_external>", line 1059, in source_to_code
  File "<frozen importlib._bootstrap>", line 488, in _call_with_frames_removed
  File "/opt/airflow/dags/restaurant_pipeline_dag.py", line 35
    
    ^
IndentationError: expected an indented block after 'with' statement on line 26
[2026-09-19T19:56:07.406+0000] {processor.py:842} WARNING - No viable dags retrieved from /opt/airflow/dags/restaurant_pipeline_dag.py
[2026-09-19T19:56:07.435+0000] {processor.py:183} INFO - Processing /opt/airflow/dags/restaurant_pipeline_dag.py took 0.041 seconds
[2026-09-19T19:56:37.643+0000] {processor.py:161} INFO - Started process (PID=1999) to work on /opt/airflow/dags/restaurant_pipeline_dag.py
[2026-09-19T19:56:37.644+0000] {processor.py:830} INFO - Processing file /opt/airflow/dags/restaurant_pipeline_dag.py for tasks to queue
[2026-09-19T19:56:37.645+0000] {logging_mixin.py:188} INFO - [2026-09-19T19:56:37.645+0000] {dagbag.py:545} INFO - Filling up the DagBag from /opt/airflow/dags/restaurant_pipeline_dag.py
[2026-09-19T19:56:37.649+0000] {logging_mixin.py:188} INFO - [2026-09-19T19:56:37.647+0000] {dagbag.py:355} ERROR - Failed to import: /opt/airflow/dags/restaurant_pipeline_dag.py
Traceback (most recent call last):
  File "/home/airflow/.local/lib/python3.12/site-packages/airflow/models/dagbag.py", line 351, in parse
    loader.exec_module(new_module)
  File "<frozen importlib._bootstrap_external>", line 991, in exec_module
  File "<frozen importlib._bootstrap_external>", line 1129, in get_code
  File "<frozen importlib._bootstrap_external>", line 1059, in source_to_code
  File "<frozen importlib._bootstrap>", line 488, in _call_with_frames_removed
  File "/opt/airflow/dags/restaurant_pipeline_dag.py", line 35
    
    ^
IndentationError: expected an indented block after 'with' statement on line 26
[2026-09-19T19:56:37.649+0000] {processor.py:842} WARNING - No viable dags retrieved from /opt/airflow/dags/restaurant_pipeline_dag.py
[2026-09-19T19:56:37.678+0000] {processor.py:183} INFO - Processing /opt/airflow/dags/restaurant_pipeline_dag.py took 0.042 seconds
[2026-09-19T19:57:07.895+0000] {processor.py:161} INFO - Started process (PID=2009) to work on /opt/airflow/dags/restaurant_pipeline_dag.py
[2026-09-19T19:57:07.896+0000] {processor.py:830} INFO - Processing file /opt/airflow/dags/restaurant_pipeline_dag.py for tasks to queue
[2026-09-19T19:57:07.897+0000] {logging_mixin.py:188} INFO - [2026-09-19T19:57:07.897+0000] {dagbag.py:545} INFO - Filling up the DagBag from /opt/airflow/dags/restaurant_pipeline_dag.py
[2026-09-19T19:57:07.900+0000] {logging_mixin.py:188} INFO - [2026-09-19T19:57:07.899+0000] {dagbag.py:355} ERROR - Failed to import: /opt/airflow/dags/restaurant_pipeline_dag.py
Traceback (most recent call last):
  File "/home/airflow/.local/lib/python3.12/site-packages/airflow/models/dagbag.py", line 351, in parse
    loader.exec_module(new_module)
  File "<frozen importlib._bootstrap_external>", line 991, in exec_module
  File "<frozen importlib._bootstrap_external>", line 1129, in get_code
  File "<frozen importlib._bootstrap_external>", line 1059, in source_to_code
  File "<frozen importlib._bootstrap>", line 488, in _call_with_frames_removed
  File "/opt/airflow/dags/restaurant_pipeline_dag.py", line 35
    
    ^
IndentationError: expected an indented block after 'with' statement on line 26
[2026-09-19T19:57:07.901+0000] {processor.py:842} WARNING - No viable dags retrieved from /opt/airflow/dags/restaurant_pipeline_dag.py
[2026-09-19T19:57:07.930+0000] {processor.py:183} INFO - Processing /opt/airflow/dags/restaurant_pipeline_dag.py took 0.042 seconds
[2026-09-19T19:57:38.150+0000] {processor.py:161} INFO - Started process (PID=2019) to work on /opt/airflow/dags/restaurant_pipeline_dag.py
[2026-09-19T19:57:38.151+0000] {processor.py:830} INFO - Processing file /opt/airflow/dags/restaurant_pipeline_dag.py for tasks to queue
[2026-09-19T19:57:38.152+0000] {logging_mixin.py:188} INFO - [2026-09-19T19:57:38.152+0000] {dagbag.py:545} INFO - Filling up the DagBag from /opt/airflow/dags/restaurant_pipeline_dag.py
[2026-09-19T19:57:38.156+0000] {logging_mixin.py:188} INFO - [2026-09-19T19:57:38.155+0000] {dagbag.py:355} ERROR - Failed to import: /opt/airflow/dags/restaurant_pipeline_dag.py
Traceback (most recent call last):
  File "/home/airflow/.local/lib/python3.12/site-packages/airflow/models/dagbag.py", line 351, in parse
    loader.exec_module(new_module)
  File "<frozen importlib._bootstrap_external>", line 991, in exec_module
  File "<frozen importlib._bootstrap_external>", line 1129, in get_code
  File "<frozen importlib._bootstrap_external>", line 1059, in source_to_code
  File "<frozen importlib._bootstrap>", line 488, in _call_with_frames_removed
  File "/opt/airflow/dags/restaurant_pipeline_dag.py", line 35
    
    ^
IndentationError: expected an indented block after 'with' statement on line 26
[2026-09-19T19:57:38.156+0000] {processor.py:842} WARNING - No viable dags retrieved from /opt/airflow/dags/restaurant_pipeline_dag.py
[2026-09-19T19:57:38.185+0000] {processor.py:183} INFO - Processing /opt/airflow/dags/restaurant_pipeline_dag.py took 0.042 seconds
[2026-09-19T19:58:08.412+0000] {processor.py:161} INFO - Started process (PID=2029) to work on /opt/airflow/dags/restaurant_pipeline_dag.py
[2026-09-19T19:58:08.413+0000] {processor.py:830} INFO - Processing file /opt/airflow/dags/restaurant_pipeline_dag.py for tasks to queue
[2026-09-19T19:58:08.414+0000] {logging_mixin.py:188} INFO - [2026-09-19T19:58:08.414+0000] {dagbag.py:545} INFO - Filling up the DagBag from /opt/airflow/dags/restaurant_pipeline_dag.py
[2026-09-19T19:58:08.419+0000] {logging_mixin.py:188} INFO - [2026-09-19T19:58:08.417+0000] {dagbag.py:355} ERROR - Failed to import: /opt/airflow/dags/restaurant_pipeline_dag.py
Traceback (most recent call last):
  File "/home/airflow/.local/lib/python3.12/site-packages/airflow/models/dagbag.py", line 351, in parse
    loader.exec_module(new_module)
  File "<frozen importlib._bootstrap_external>", line 991, in exec_module
  File "<frozen importlib._bootstrap_external>", line 1129, in get_code
  File "<frozen importlib._bootstrap_external>", line 1059, in source_to_code
  File "<frozen importlib._bootstrap>", line 488, in _call_with_frames_removed
  File "/opt/airflow/dags/restaurant_pipeline_dag.py", line 35
    
    ^
IndentationError: expected an indented block after 'with' statement on line 26
[2026-09-19T19:58:08.419+0000] {processor.py:842} WARNING - No viable dags retrieved from /opt/airflow/dags/restaurant_pipeline_dag.py
[2026-09-19T19:58:08.449+0000] {processor.py:183} INFO - Processing /opt/airflow/dags/restaurant_pipeline_dag.py took 0.044 seconds
[2026-09-19T19:58:38.669+0000] {processor.py:161} INFO - Started process (PID=2039) to work on /opt/airflow/dags/restaurant_pipeline_dag.py
[2026-09-19T19:58:38.670+0000] {processor.py:830} INFO - Processing file /opt/airflow/dags/restaurant_pipeline_dag.py for tasks to queue
[2026-09-19T19:58:38.671+0000] {logging_mixin.py:188} INFO - [2026-09-19T19:58:38.671+0000] {dagbag.py:545} INFO - Filling up the DagBag from /opt/airflow/dags/restaurant_pipeline_dag.py
[2026-09-19T19:58:38.675+0000] {logging_mixin.py:188} INFO - [2026-09-19T19:58:38.674+0000] {dagbag.py:355} ERROR - Failed to import: /opt/airflow/dags/restaurant_pipeline_dag.py
Traceback (most recent call last):
  File "/home/airflow/.local/lib/python3.12/site-packages/airflow/models/dagbag.py", line 351, in parse
    loader.exec_module(new_module)
  File "<frozen importlib._bootstrap_external>", line 991, in exec_module
  File "<frozen importlib._bootstrap_external>", line 1129, in get_code
  File "<frozen importlib._bootstrap_external>", line 1059, in source_to_code
  File "<frozen importlib._bootstrap>", line 488, in _call_with_frames_removed
  File "/opt/airflow/dags/restaurant_pipeline_dag.py", line 35
    
    ^
IndentationError: expected an indented block after 'with' statement on line 26
[2026-09-19T19:58:38.675+0000] {processor.py:842} WARNING - No viable dags retrieved from /opt/airflow/dags/restaurant_pipeline_dag.py
[2026-09-19T19:58:38.705+0000] {processor.py:183} INFO - Processing /opt/airflow/dags/restaurant_pipeline_dag.py took 0.043 seconds
[2026-09-19T19:59:08.942+0000] {processor.py:161} INFO - Started process (PID=2049) to work on /opt/airflow/dags/restaurant_pipeline_dag.py
[2026-09-19T19:59:08.943+0000] {processor.py:830} INFO - Processing file /opt/airflow/dags/restaurant_pipeline_dag.py for tasks to queue
[2026-09-19T19:59:08.944+0000] {logging_mixin.py:188} INFO - [2026-09-19T19:59:08.944+0000] {dagbag.py:545} INFO - Filling up the DagBag from /opt/airflow/dags/restaurant_pipeline_dag.py
[2026-09-19T19:59:08.948+0000] {logging_mixin.py:188} INFO - [2026-09-19T19:59:08.946+0000] {dagbag.py:355} ERROR - Failed to import: /opt/airflow/dags/restaurant_pipeline_dag.py
Traceback (most recent call last):
  File "/home/airflow/.local/lib/python3.12/site-packages/airflow/models/dagbag.py", line 351, in parse
    loader.exec_module(new_module)
  File "<frozen importlib._bootstrap_external>", line 991, in exec_module
  File "<frozen importlib._bootstrap_external>", line 1129, in get_code
  File "<frozen importlib._bootstrap_external>", line 1059, in source_to_code
  File "<frozen importlib._bootstrap>", line 488, in _call_with_frames_removed
  File "/opt/airflow/dags/restaurant_pipeline_dag.py", line 35
    
    ^
IndentationError: expected an indented block after 'with' statement on line 26
[2026-09-19T19:59:08.948+0000] {processor.py:842} WARNING - No viable dags retrieved from /opt/airflow/dags/restaurant_pipeline_dag.py
[2026-09-19T19:59:08.976+0000] {processor.py:183} INFO - Processing /opt/airflow/dags/restaurant_pipeline_dag.py took 0.041 seconds
[2026-09-19T19:59:39.199+0000] {processor.py:161} INFO - Started process (PID=2059) to work on /opt/airflow/dags/restaurant_pipeline_dag.py
[2026-09-19T19:59:39.200+0000] {processor.py:830} INFO - Processing file /opt/airflow/dags/restaurant_pipeline_dag.py for tasks to queue
[2026-09-19T19:59:39.201+0000] {logging_mixin.py:188} INFO - [2026-09-19T19:59:39.200+0000] {dagbag.py:545} INFO - Filling up the DagBag from /opt/airflow/dags/restaurant_pipeline_dag.py
[2026-09-19T19:59:39.204+0000] {logging_mixin.py:188} INFO - [2026-09-19T19:59:39.203+0000] {dagbag.py:355} ERROR - Failed to import: /opt/airflow/dags/restaurant_pipeline_dag.py
Traceback (most recent call last):
  File "/home/airflow/.local/lib/python3.12/site-packages/airflow/models/dagbag.py", line 351, in parse
    loader.exec_module(new_module)
  File "<frozen importlib._bootstrap_external>", line 991, in exec_module
  File "<frozen importlib._bootstrap_external>", line 1129, in get_code
  File "<frozen importlib._bootstrap_external>", line 1059, in source_to_code
  File "<frozen importlib._bootstrap>", line 488, in _call_with_frames_removed
  File "/opt/airflow/dags/restaurant_pipeline_dag.py", line 35
    
    ^
IndentationError: expected an indented block after 'with' statement on line 26
[2026-09-19T19:59:39.205+0000] {processor.py:842} WARNING - No viable dags retrieved from /opt/airflow/dags/restaurant_pipeline_dag.py
[2026-09-19T19:59:39.233+0000] {processor.py:183} INFO - Processing /opt/airflow/dags/restaurant_pipeline_dag.py took 0.041 seconds
[2026-09-19T20:00:09.472+0000] {processor.py:161} INFO - Started process (PID=2069) to work on /opt/airflow/dags/restaurant_pipeline_dag.py
[2026-09-19T20:00:09.473+0000] {processor.py:830} INFO - Processing file /opt/airflow/dags/restaurant_pipeline_dag.py for tasks to queue
[2026-09-19T20:00:09.475+0000] {logging_mixin.py:188} INFO - [2026-09-19T20:00:09.474+0000] {dagbag.py:545} INFO - Filling up the DagBag from /opt/airflow/dags/restaurant_pipeline_dag.py
[2026-09-19T20:00:09.479+0000] {logging_mixin.py:188} INFO - [2026-09-19T20:00:09.477+0000] {dagbag.py:355} ERROR - Failed to import: /opt/airflow/dags/restaurant_pipeline_dag.py
Traceback (most recent call last):
  File "/home/airflow/.local/lib/python3.12/site-packages/airflow/models/dagbag.py", line 351, in parse
    loader.exec_module(new_module)
  File "<frozen importlib._bootstrap_external>", line 991, in exec_module
  File "<frozen importlib._bootstrap_external>", line 1129, in get_code
  File "<frozen importlib._bootstrap_external>", line 1059, in source_to_code
  File "<frozen importlib._bootstrap>", line 488, in _call_with_frames_removed
  File "/opt/airflow/dags/restaurant_pipeline_dag.py", line 35
    
    ^
IndentationError: expected an indented block after 'with' statement on line 26
[2026-09-19T20:00:09.479+0000] {processor.py:842} WARNING - No viable dags retrieved from /opt/airflow/dags/restaurant_pipeline_dag.py
[2026-09-19T20:00:09.508+0000] {processor.py:183} INFO - Processing /opt/airflow/dags/restaurant_pipeline_dag.py took 0.048 seconds
[2026-09-19T20:00:39.735+0000] {processor.py:161} INFO - Started process (PID=2079) to work on /opt/airflow/dags/restaurant_pipeline_dag.py
[2026-09-19T20:00:39.736+0000] {processor.py:830} INFO - Processing file /opt/airflow/dags/restaurant_pipeline_dag.py for tasks to queue
[2026-09-19T20:00:39.737+0000] {logging_mixin.py:188} INFO - [2026-09-19T20:00:39.737+0000] {dagbag.py:545} INFO - Filling up the DagBag from /opt/airflow/dags/restaurant_pipeline_dag.py
[2026-09-19T20:00:39.740+0000] {logging_mixin.py:188} INFO - [2026-09-19T20:00:39.739+0000] {dagbag.py:355} ERROR - Failed to import: /opt/airflow/dags/restaurant_pipeline_dag.py
Traceback (most recent call last):
  File "/home/airflow/.local/lib/python3.12/site-packages/airflow/models/dagbag.py", line 351, in parse
    loader.exec_module(new_module)
  File "<frozen importlib._bootstrap_external>", line 991, in exec_module
  File "<frozen importlib._bootstrap_external>", line 1129, in get_code
  File "<frozen importlib._bootstrap_external>", line 1059, in source_to_code
  File "<frozen importlib._bootstrap>", line 488, in _call_with_frames_removed
  File "/opt/airflow/dags/restaurant_pipeline_dag.py", line 35
    
    ^
IndentationError: expected an indented block after 'with' statement on line 26
[2026-09-19T20:00:39.741+0000] {processor.py:842} WARNING - No viable dags retrieved from /opt/airflow/dags/restaurant_pipeline_dag.py
[2026-09-19T20:00:39.771+0000] {processor.py:183} INFO - Processing /opt/airflow/dags/restaurant_pipeline_dag.py took 0.043 seconds
[2026-09-19T20:01:08.976+0000] {processor.py:161} INFO - Started process (PID=2089) to work on /opt/airflow/dags/restaurant_pipeline_dag.py
[2026-09-19T20:01:08.977+0000] {processor.py:830} INFO - Processing file /opt/airflow/dags/restaurant_pipeline_dag.py for tasks to queue
[2026-09-19T20:01:08.978+0000] {logging_mixin.py:188} INFO - [2026-09-19T20:01:08.977+0000] {dagbag.py:545} INFO - Filling up the DagBag from /opt/airflow/dags/restaurant_pipeline_dag.py
[2026-09-19T20:01:08.982+0000] {logging_mixin.py:188} INFO - [2026-09-19T20:01:08.980+0000] {dagbag.py:355} ERROR - Failed to import: /opt/airflow/dags/restaurant_pipeline_dag.py
Traceback (most recent call last):
  File "/home/airflow/.local/lib/python3.12/site-packages/airflow/models/dagbag.py", line 351, in parse
    loader.exec_module(new_module)
  File "<frozen importlib._bootstrap_external>", line 991, in exec_module
  File "<frozen importlib._bootstrap_external>", line 1129, in get_code
  File "<frozen importlib._bootstrap_external>", line 1059, in source_to_code
  File "<frozen importlib._bootstrap>", line 488, in _call_with_frames_removed
  File "/opt/airflow/dags/restaurant_pipeline_dag.py", line 50
    
    ^
IndentationError: expected an indented block after 'with' statement on line 41
[2026-09-19T20:01:08.982+0000] {processor.py:842} WARNING - No viable dags retrieved from /opt/airflow/dags/restaurant_pipeline_dag.py
[2026-09-19T20:01:09.011+0000] {processor.py:183} INFO - Processing /opt/airflow/dags/restaurant_pipeline_dag.py took 0.042 seconds
[2026-09-19T20:01:39.237+0000] {processor.py:161} INFO - Started process (PID=2099) to work on /opt/airflow/dags/restaurant_pipeline_dag.py
[2026-09-19T20:01:39.238+0000] {processor.py:830} INFO - Processing file /opt/airflow/dags/restaurant_pipeline_dag.py for tasks to queue
[2026-09-19T20:01:39.239+0000] {logging_mixin.py:188} INFO - [2026-09-19T20:01:39.238+0000] {dagbag.py:545} INFO - Filling up the DagBag from /opt/airflow/dags/restaurant_pipeline_dag.py
[2026-09-19T20:01:39.242+0000] {logging_mixin.py:188} INFO - [2026-09-19T20:01:39.241+0000] {dagbag.py:355} ERROR - Failed to import: /opt/airflow/dags/restaurant_pipeline_dag.py
Traceback (most recent call last):
  File "/home/airflow/.local/lib/python3.12/site-packages/airflow/models/dagbag.py", line 351, in parse
    loader.exec_module(new_module)
  File "<frozen importlib._bootstrap_external>", line 991, in exec_module
  File "<frozen importlib._bootstrap_external>", line 1129, in get_code
  File "<frozen importlib._bootstrap_external>", line 1059, in source_to_code
  File "<frozen importlib._bootstrap>", line 488, in _call_with_frames_removed
  File "/opt/airflow/dags/restaurant_pipeline_dag.py", line 50
    
    ^
IndentationError: expected an indented block after 'with' statement on line 41
[2026-09-19T20:01:39.243+0000] {processor.py:842} WARNING - No viable dags retrieved from /opt/airflow/dags/restaurant_pipeline_dag.py
[2026-09-19T20:01:39.273+0000] {processor.py:183} INFO - Processing /opt/airflow/dags/restaurant_pipeline_dag.py took 0.043 seconds
[2026-09-19T20:02:09.491+0000] {processor.py:161} INFO - Started process (PID=2109) to work on /opt/airflow/dags/restaurant_pipeline_dag.py
[2026-09-19T20:02:09.492+0000] {processor.py:830} INFO - Processing file /opt/airflow/dags/restaurant_pipeline_dag.py for tasks to queue
[2026-09-19T20:02:09.493+0000] {logging_mixin.py:188} INFO - [2026-09-19T20:02:09.493+0000] {dagbag.py:545} INFO - Filling up the DagBag from /opt/airflow/dags/restaurant_pipeline_dag.py
[2026-09-19T20:02:09.497+0000] {logging_mixin.py:188} INFO - [2026-09-19T20:02:09.496+0000] {dagbag.py:355} ERROR - Failed to import: /opt/airflow/dags/restaurant_pipeline_dag.py
Traceback (most recent call last):
  File "/home/airflow/.local/lib/python3.12/site-packages/airflow/models/dagbag.py", line 351, in parse
    loader.exec_module(new_module)
  File "<frozen importlib._bootstrap_external>", line 991, in exec_module
  File "<frozen importlib._bootstrap_external>", line 1129, in get_code
  File "<frozen importlib._bootstrap_external>", line 1059, in source_to_code
  File "<frozen importlib._bootstrap>", line 488, in _call_with_frames_removed
  File "/opt/airflow/dags/restaurant_pipeline_dag.py", line 50
    
    ^
IndentationError: expected an indented block after 'with' statement on line 41
[2026-09-19T20:02:09.497+0000] {processor.py:842} WARNING - No viable dags retrieved from /opt/airflow/dags/restaurant_pipeline_dag.py
[2026-09-19T20:02:09.523+0000] {processor.py:183} INFO - Processing /opt/airflow/dags/restaurant_pipeline_dag.py took 0.040 seconds
[2026-09-19T20:02:11.521+0000] {processor.py:161} INFO - Started process (PID=2114) to work on /opt/airflow/dags/restaurant_pipeline_dag.py
[2026-09-19T20:02:11.523+0000] {processor.py:830} INFO - Processing file /opt/airflow/dags/restaurant_pipeline_dag.py for tasks to queue
[2026-09-19T20:02:11.524+0000] {logging_mixin.py:188} INFO - [2026-09-19T20:02:11.524+0000] {dagbag.py:545} INFO - Filling up the DagBag from /opt/airflow/dags/restaurant_pipeline_dag.py
[2026-09-19T20:02:11.529+0000] {logging_mixin.py:188} INFO - [2026-09-19T20:02:11.528+0000] {dagbag.py:355} ERROR - Failed to import: /opt/airflow/dags/restaurant_pipeline_dag.py
Traceback (most recent call last):
  File "/home/airflow/.local/lib/python3.12/site-packages/airflow/models/dagbag.py", line 351, in parse
    loader.exec_module(new_module)
  File "<frozen importlib._bootstrap_external>", line 991, in exec_module
  File "<frozen importlib._bootstrap_external>", line 1129, in get_code
  File "<frozen importlib._bootstrap_external>", line 1059, in source_to_code
  File "<frozen importlib._bootstrap>", line 488, in _call_with_frames_removed
  File "/opt/airflow/dags/restaurant_pipeline_dag.py", line 50
    
    ^
IndentationError: expected an indented block after 'with' statement on line 41
[2026-09-19T20:02:11.530+0000] {processor.py:842} WARNING - No viable dags retrieved from /opt/airflow/dags/restaurant_pipeline_dag.py
[2026-09-19T20:02:11.558+0000] {processor.py:183} INFO - Processing /opt/airflow/dags/restaurant_pipeline_dag.py took 0.049 seconds
[2026-09-19T20:02:21.629+0000] {processor.py:161} INFO - Started process (PID=2119) to work on /opt/airflow/dags/restaurant_pipeline_dag.py
[2026-09-19T20:02:21.631+0000] {processor.py:830} INFO - Processing file /opt/airflow/dags/restaurant_pipeline_dag.py for tasks to queue
[2026-09-19T20:02:21.632+0000] {logging_mixin.py:188} INFO - [2026-09-19T20:02:21.631+0000] {dagbag.py:545} INFO - Filling up the DagBag from /opt/airflow/dags/restaurant_pipeline_dag.py
[2026-09-19T20:02:21.637+0000] {logging_mixin.py:188} INFO - [2026-09-19T20:02:21.635+0000] {dagbag.py:355} ERROR - Failed to import: /opt/airflow/dags/restaurant_pipeline_dag.py
Traceback (most recent call last):
  File "/home/airflow/.local/lib/python3.12/site-packages/airflow/models/dagbag.py", line 351, in parse
    loader.exec_module(new_module)
  File "<frozen importlib._bootstrap_external>", line 991, in exec_module
  File "<frozen importlib._bootstrap_external>", line 1129, in get_code
  File "<frozen importlib._bootstrap_external>", line 1059, in source_to_code
  File "<frozen importlib._bootstrap>", line 488, in _call_with_frames_removed
  File "/opt/airflow/dags/restaurant_pipeline_dag.py", line 50
    
    ^
IndentationError: expected an indented block after 'with' statement on line 41
[2026-09-19T20:02:21.639+0000] {processor.py:842} WARNING - No viable dags retrieved from /opt/airflow/dags/restaurant_pipeline_dag.py
[2026-09-19T20:02:21.672+0000] {processor.py:183} INFO - Processing /opt/airflow/dags/restaurant_pipeline_dag.py took 0.057 seconds
[2026-09-19T20:02:51.895+0000] {processor.py:161} INFO - Started process (PID=2129) to work on /opt/airflow/dags/restaurant_pipeline_dag.py
[2026-09-19T20:02:51.895+0000] {processor.py:830} INFO - Processing file /opt/airflow/dags/restaurant_pipeline_dag.py for tasks to queue
[2026-09-19T20:02:51.896+0000] {logging_mixin.py:188} INFO - [2026-09-19T20:02:51.896+0000] {dagbag.py:545} INFO - Filling up the DagBag from /opt/airflow/dags/restaurant_pipeline_dag.py
[2026-09-19T20:02:51.900+0000] {logging_mixin.py:188} INFO - [2026-09-19T20:02:51.899+0000] {dagbag.py:355} ERROR - Failed to import: /opt/airflow/dags/restaurant_pipeline_dag.py
Traceback (most recent call last):
  File "/home/airflow/.local/lib/python3.12/site-packages/airflow/models/dagbag.py", line 351, in parse
    loader.exec_module(new_module)
  File "<frozen importlib._bootstrap_external>", line 991, in exec_module
  File "<frozen importlib._bootstrap_external>", line 1129, in get_code
  File "<frozen importlib._bootstrap_external>", line 1059, in source_to_code
  File "<frozen importlib._bootstrap>", line 488, in _call_with_frames_removed
  File "/opt/airflow/dags/restaurant_pipeline_dag.py", line 50
    
    ^
IndentationError: expected an indented block after 'with' statement on line 41
[2026-09-19T20:02:51.901+0000] {processor.py:842} WARNING - No viable dags retrieved from /opt/airflow/dags/restaurant_pipeline_dag.py
[2026-09-19T20:02:51.931+0000] {processor.py:183} INFO - Processing /opt/airflow/dags/restaurant_pipeline_dag.py took 0.043 seconds
[2026-09-19T20:02:57.939+0000] {processor.py:161} INFO - Started process (PID=2134) to work on /opt/airflow/dags/restaurant_pipeline_dag.py
[2026-09-19T20:02:57.940+0000] {processor.py:830} INFO - Processing file /opt/airflow/dags/restaurant_pipeline_dag.py for tasks to queue
[2026-09-19T20:02:57.942+0000] {logging_mixin.py:188} INFO - [2026-09-19T20:02:57.941+0000] {dagbag.py:545} INFO - Filling up the DagBag from /opt/airflow/dags/restaurant_pipeline_dag.py
[2026-09-19T20:02:57.946+0000] {logging_mixin.py:188} INFO - [2026-09-19T20:02:57.945+0000] {dagbag.py:355} ERROR - Failed to import: /opt/airflow/dags/restaurant_pipeline_dag.py
Traceback (most recent call last):
  File "/home/airflow/.local/lib/python3.12/site-packages/airflow/models/dagbag.py", line 351, in parse
    loader.exec_module(new_module)
  File "<frozen importlib._bootstrap_external>", line 991, in exec_module
  File "<frozen importlib._bootstrap_external>", line 1129, in get_code
  File "<frozen importlib._bootstrap_external>", line 1059, in source_to_code
  File "<frozen importlib._bootstrap>", line 488, in _call_with_frames_removed
  File "/opt/airflow/dags/restaurant_pipeline_dag.py", line 51
    
    ^
IndentationError: expected an indented block after 'with' statement on line 42
[2026-09-19T20:02:57.947+0000] {processor.py:842} WARNING - No viable dags retrieved from /opt/airflow/dags/restaurant_pipeline_dag.py
[2026-09-19T20:02:57.979+0000] {processor.py:183} INFO - Processing /opt/airflow/dags/restaurant_pipeline_dag.py took 0.050 seconds
[2026-09-19T20:03:28.211+0000] {processor.py:161} INFO - Started process (PID=2144) to work on /opt/airflow/dags/restaurant_pipeline_dag.py
[2026-09-19T20:03:28.212+0000] {processor.py:830} INFO - Processing file /opt/airflow/dags/restaurant_pipeline_dag.py for tasks to queue
[2026-09-19T20:03:28.213+0000] {logging_mixin.py:188} INFO - [2026-09-19T20:03:28.213+0000] {dagbag.py:545} INFO - Filling up the DagBag from /opt/airflow/dags/restaurant_pipeline_dag.py
[2026-09-19T20:03:28.218+0000] {logging_mixin.py:188} INFO - [2026-09-19T20:03:28.216+0000] {dagbag.py:355} ERROR - Failed to import: /opt/airflow/dags/restaurant_pipeline_dag.py
Traceback (most recent call last):
  File "/home/airflow/.local/lib/python3.12/site-packages/airflow/models/dagbag.py", line 351, in parse
    loader.exec_module(new_module)
  File "<frozen importlib._bootstrap_external>", line 991, in exec_module
  File "<frozen importlib._bootstrap_external>", line 1129, in get_code
  File "<frozen importlib._bootstrap_external>", line 1059, in source_to_code
  File "<frozen importlib._bootstrap>", line 488, in _call_with_frames_removed
  File "/opt/airflow/dags/restaurant_pipeline_dag.py", line 51
    
    ^
IndentationError: expected an indented block after 'with' statement on line 42
[2026-09-19T20:03:28.218+0000] {processor.py:842} WARNING - No viable dags retrieved from /opt/airflow/dags/restaurant_pipeline_dag.py
[2026-09-19T20:03:28.255+0000] {processor.py:183} INFO - Processing /opt/airflow/dags/restaurant_pipeline_dag.py took 0.053 seconds
[2026-09-19T20:03:58.533+0000] {processor.py:161} INFO - Started process (PID=2154) to work on /opt/airflow/dags/restaurant_pipeline_dag.py
[2026-09-19T20:03:58.534+0000] {processor.py:830} INFO - Processing file /opt/airflow/dags/restaurant_pipeline_dag.py for tasks to queue
[2026-09-19T20:03:58.535+0000] {logging_mixin.py:188} INFO - [2026-09-19T20:03:58.535+0000] {dagbag.py:545} INFO - Filling up the DagBag from /opt/airflow/dags/restaurant_pipeline_dag.py
[2026-09-19T20:03:58.542+0000] {logging_mixin.py:188} INFO - [2026-09-19T20:03:58.540+0000] {dagbag.py:355} ERROR - Failed to import: /opt/airflow/dags/restaurant_pipeline_dag.py
Traceback (most recent call last):
  File "/home/airflow/.local/lib/python3.12/site-packages/airflow/models/dagbag.py", line 351, in parse
    loader.exec_module(new_module)
  File "<frozen importlib._bootstrap_external>", line 991, in exec_module
  File "<frozen importlib._bootstrap_external>", line 1129, in get_code
  File "<frozen importlib._bootstrap_external>", line 1059, in source_to_code
  File "<frozen importlib._bootstrap>", line 488, in _call_with_frames_removed
  File "/opt/airflow/dags/restaurant_pipeline_dag.py", line 51
    
    ^
IndentationError: expected an indented block after 'with' statement on line 42
[2026-09-19T20:03:58.543+0000] {processor.py:842} WARNING - No viable dags retrieved from /opt/airflow/dags/restaurant_pipeline_dag.py
[2026-09-19T20:03:58.574+0000] {processor.py:183} INFO - Processing /opt/airflow/dags/restaurant_pipeline_dag.py took 0.049 seconds
[2026-09-19T20:04:28.826+0000] {processor.py:161} INFO - Started process (PID=2164) to work on /opt/airflow/dags/restaurant_pipeline_dag.py
[2026-09-19T20:04:28.828+0000] {processor.py:830} INFO - Processing file /opt/airflow/dags/restaurant_pipeline_dag.py for tasks to queue
[2026-09-19T20:04:28.829+0000] {logging_mixin.py:188} INFO - [2026-09-19T20:04:28.829+0000] {dagbag.py:545} INFO - Filling up the DagBag from /opt/airflow/dags/restaurant_pipeline_dag.py
[2026-09-19T20:04:28.835+0000] {logging_mixin.py:188} INFO - [2026-09-19T20:04:28.833+0000] {dagbag.py:355} ERROR - Failed to import: /opt/airflow/dags/restaurant_pipeline_dag.py
Traceback (most recent call last):
  File "/home/airflow/.local/lib/python3.12/site-packages/airflow/models/dagbag.py", line 351, in parse
    loader.exec_module(new_module)
  File "<frozen importlib._bootstrap_external>", line 991, in exec_module
  File "<frozen importlib._bootstrap_external>", line 1129, in get_code
  File "<frozen importlib._bootstrap_external>", line 1059, in source_to_code
  File "<frozen importlib._bootstrap>", line 488, in _call_with_frames_removed
  File "/opt/airflow/dags/restaurant_pipeline_dag.py", line 51
    
    ^
IndentationError: expected an indented block after 'with' statement on line 42
[2026-09-19T20:04:28.836+0000] {processor.py:842} WARNING - No viable dags retrieved from /opt/airflow/dags/restaurant_pipeline_dag.py
[2026-09-19T20:04:28.873+0000] {processor.py:183} INFO - Processing /opt/airflow/dags/restaurant_pipeline_dag.py took 0.057 seconds
[2026-09-19T20:04:59.117+0000] {processor.py:161} INFO - Started process (PID=2174) to work on /opt/airflow/dags/restaurant_pipeline_dag.py
[2026-09-19T20:04:59.118+0000] {processor.py:830} INFO - Processing file /opt/airflow/dags/restaurant_pipeline_dag.py for tasks to queue
[2026-09-19T20:04:59.119+0000] {logging_mixin.py:188} INFO - [2026-09-19T20:04:59.119+0000] {dagbag.py:545} INFO - Filling up the DagBag from /opt/airflow/dags/restaurant_pipeline_dag.py
[2026-09-19T20:04:59.125+0000] {logging_mixin.py:188} INFO - [2026-09-19T20:04:59.123+0000] {dagbag.py:355} ERROR - Failed to import: /opt/airflow/dags/restaurant_pipeline_dag.py
Traceback (most recent call last):
  File "/home/airflow/.local/lib/python3.12/site-packages/airflow/models/dagbag.py", line 351, in parse
    loader.exec_module(new_module)
  File "<frozen importlib._bootstrap_external>", line 991, in exec_module
  File "<frozen importlib._bootstrap_external>", line 1129, in get_code
  File "<frozen importlib._bootstrap_external>", line 1059, in source_to_code
  File "<frozen importlib._bootstrap>", line 488, in _call_with_frames_removed
  File "/opt/airflow/dags/restaurant_pipeline_dag.py", line 51
    
    ^
IndentationError: expected an indented block after 'with' statement on line 42
[2026-09-19T20:04:59.126+0000] {processor.py:842} WARNING - No viable dags retrieved from /opt/airflow/dags/restaurant_pipeline_dag.py
[2026-09-19T20:04:59.163+0000] {processor.py:183} INFO - Processing /opt/airflow/dags/restaurant_pipeline_dag.py took 0.055 seconds
[2026-09-19T20:05:29.403+0000] {processor.py:161} INFO - Started process (PID=2184) to work on /opt/airflow/dags/restaurant_pipeline_dag.py
[2026-09-19T20:05:29.404+0000] {processor.py:830} INFO - Processing file /opt/airflow/dags/restaurant_pipeline_dag.py for tasks to queue
[2026-09-19T20:05:29.405+0000] {logging_mixin.py:188} INFO - [2026-09-19T20:05:29.405+0000] {dagbag.py:545} INFO - Filling up the DagBag from /opt/airflow/dags/restaurant_pipeline_dag.py
[2026-09-19T20:05:29.411+0000] {logging_mixin.py:188} INFO - [2026-09-19T20:05:29.409+0000] {dagbag.py:355} ERROR - Failed to import: /opt/airflow/dags/restaurant_pipeline_dag.py
Traceback (most recent call last):
  File "/home/airflow/.local/lib/python3.12/site-packages/airflow/models/dagbag.py", line 351, in parse
    loader.exec_module(new_module)
  File "<frozen importlib._bootstrap_external>", line 991, in exec_module
  File "<frozen importlib._bootstrap_external>", line 1129, in get_code
  File "<frozen importlib._bootstrap_external>", line 1059, in source_to_code
  File "<frozen importlib._bootstrap>", line 488, in _call_with_frames_removed
  File "/opt/airflow/dags/restaurant_pipeline_dag.py", line 51
    
    ^
IndentationError: expected an indented block after 'with' statement on line 42
[2026-09-19T20:05:29.412+0000] {processor.py:842} WARNING - No viable dags retrieved from /opt/airflow/dags/restaurant_pipeline_dag.py
[2026-09-19T20:05:29.449+0000] {processor.py:183} INFO - Processing /opt/airflow/dags/restaurant_pipeline_dag.py took 0.056 seconds
[2026-09-19T20:05:59.710+0000] {processor.py:161} INFO - Started process (PID=2194) to work on /opt/airflow/dags/restaurant_pipeline_dag.py
[2026-09-19T20:05:59.711+0000] {processor.py:830} INFO - Processing file /opt/airflow/dags/restaurant_pipeline_dag.py for tasks to queue
[2026-09-19T20:05:59.713+0000] {logging_mixin.py:188} INFO - [2026-09-19T20:05:59.712+0000] {dagbag.py:545} INFO - Filling up the DagBag from /opt/airflow/dags/restaurant_pipeline_dag.py
[2026-09-19T20:05:59.719+0000] {logging_mixin.py:188} INFO - [2026-09-19T20:05:59.717+0000] {dagbag.py:355} ERROR - Failed to import: /opt/airflow/dags/restaurant_pipeline_dag.py
Traceback (most recent call last):
  File "/home/airflow/.local/lib/python3.12/site-packages/airflow/models/dagbag.py", line 351, in parse
    loader.exec_module(new_module)
  File "<frozen importlib._bootstrap_external>", line 991, in exec_module
  File "<frozen importlib._bootstrap_external>", line 1129, in get_code
  File "<frozen importlib._bootstrap_external>", line 1059, in source_to_code
  File "<frozen importlib._bootstrap>", line 488, in _call_with_frames_removed
  File "/opt/airflow/dags/restaurant_pipeline_dag.py", line 51
    
    ^
IndentationError: expected an indented block after 'with' statement on line 42
[2026-09-19T20:05:59.720+0000] {processor.py:842} WARNING - No viable dags retrieved from /opt/airflow/dags/restaurant_pipeline_dag.py
[2026-09-19T20:05:59.756+0000] {processor.py:183} INFO - Processing /opt/airflow/dags/restaurant_pipeline_dag.py took 0.055 seconds
[2026-09-19T20:06:29.999+0000] {processor.py:161} INFO - Started process (PID=2204) to work on /opt/airflow/dags/restaurant_pipeline_dag.py
[2026-09-19T20:06:30.001+0000] {processor.py:830} INFO - Processing file /opt/airflow/dags/restaurant_pipeline_dag.py for tasks to queue
[2026-09-19T20:06:30.002+0000] {logging_mixin.py:188} INFO - [2026-09-19T20:06:30.002+0000] {dagbag.py:545} INFO - Filling up the DagBag from /opt/airflow/dags/restaurant_pipeline_dag.py
[2026-09-19T20:06:30.006+0000] {logging_mixin.py:188} INFO - [2026-09-19T20:06:30.005+0000] {dagbag.py:355} ERROR - Failed to import: /opt/airflow/dags/restaurant_pipeline_dag.py
Traceback (most recent call last):
  File "/home/airflow/.local/lib/python3.12/site-packages/airflow/models/dagbag.py", line 351, in parse
    loader.exec_module(new_module)
  File "<frozen importlib._bootstrap_external>", line 991, in exec_module
  File "<frozen importlib._bootstrap_external>", line 1129, in get_code
  File "<frozen importlib._bootstrap_external>", line 1059, in source_to_code
  File "<frozen importlib._bootstrap>", line 488, in _call_with_frames_removed
  File "/opt/airflow/dags/restaurant_pipeline_dag.py", line 51
    
    ^
IndentationError: expected an indented block after 'with' statement on line 42
[2026-09-19T20:06:30.007+0000] {processor.py:842} WARNING - No viable dags retrieved from /opt/airflow/dags/restaurant_pipeline_dag.py
[2026-09-19T20:06:30.044+0000] {processor.py:183} INFO - Processing /opt/airflow/dags/restaurant_pipeline_dag.py took 0.053 seconds
[2026-09-19T20:07:00.290+0000] {processor.py:161} INFO - Started process (PID=2214) to work on /opt/airflow/dags/restaurant_pipeline_dag.py
[2026-09-19T20:07:00.291+0000] {processor.py:830} INFO - Processing file /opt/airflow/dags/restaurant_pipeline_dag.py for tasks to queue
[2026-09-19T20:07:00.292+0000] {logging_mixin.py:188} INFO - [2026-09-19T20:07:00.292+0000] {dagbag.py:545} INFO - Filling up the DagBag from /opt/airflow/dags/restaurant_pipeline_dag.py
[2026-09-19T20:07:00.299+0000] {logging_mixin.py:188} INFO - [2026-09-19T20:07:00.297+0000] {dagbag.py:355} ERROR - Failed to import: /opt/airflow/dags/restaurant_pipeline_dag.py
Traceback (most recent call last):
  File "/home/airflow/.local/lib/python3.12/site-packages/airflow/models/dagbag.py", line 351, in parse
    loader.exec_module(new_module)
  File "<frozen importlib._bootstrap_external>", line 991, in exec_module
  File "<frozen importlib._bootstrap_external>", line 1129, in get_code
  File "<frozen importlib._bootstrap_external>", line 1059, in source_to_code
  File "<frozen importlib._bootstrap>", line 488, in _call_with_frames_removed
  File "/opt/airflow/dags/restaurant_pipeline_dag.py", line 51
    
    ^
IndentationError: expected an indented block after 'with' statement on line 42
[2026-09-19T20:07:00.300+0000] {processor.py:842} WARNING - No viable dags retrieved from /opt/airflow/dags/restaurant_pipeline_dag.py
[2026-09-19T20:07:00.333+0000] {processor.py:183} INFO - Processing /opt/airflow/dags/restaurant_pipeline_dag.py took 0.053 seconds
[2026-09-19T20:07:30.573+0000] {processor.py:161} INFO - Started process (PID=2224) to work on /opt/airflow/dags/restaurant_pipeline_dag.py
[2026-09-19T20:07:30.574+0000] {processor.py:830} INFO - Processing file /opt/airflow/dags/restaurant_pipeline_dag.py for tasks to queue
[2026-09-19T20:07:30.576+0000] {logging_mixin.py:188} INFO - [2026-09-19T20:07:30.575+0000] {dagbag.py:545} INFO - Filling up the DagBag from /opt/airflow/dags/restaurant_pipeline_dag.py
[2026-09-19T20:07:30.581+0000] {logging_mixin.py:188} INFO - [2026-09-19T20:07:30.579+0000] {dagbag.py:355} ERROR - Failed to import: /opt/airflow/dags/restaurant_pipeline_dag.py
Traceback (most recent call last):
  File "/home/airflow/.local/lib/python3.12/site-packages/airflow/models/dagbag.py", line 351, in parse
    loader.exec_module(new_module)
  File "<frozen importlib._bootstrap_external>", line 991, in exec_module
  File "<frozen importlib._bootstrap_external>", line 1129, in get_code
  File "<frozen importlib._bootstrap_external>", line 1059, in source_to_code
  File "<frozen importlib._bootstrap>", line 488, in _call_with_frames_removed
  File "/opt/airflow/dags/restaurant_pipeline_dag.py", line 51
    
    ^
IndentationError: expected an indented block after 'with' statement on line 42
[2026-09-19T20:07:30.583+0000] {processor.py:842} WARNING - No viable dags retrieved from /opt/airflow/dags/restaurant_pipeline_dag.py
[2026-09-19T20:07:30.620+0000] {processor.py:183} INFO - Processing /opt/airflow/dags/restaurant_pipeline_dag.py took 0.055 seconds
[2026-09-19T20:08:00.865+0000] {processor.py:161} INFO - Started process (PID=2234) to work on /opt/airflow/dags/restaurant_pipeline_dag.py
[2026-09-19T20:08:00.867+0000] {processor.py:830} INFO - Processing file /opt/airflow/dags/restaurant_pipeline_dag.py for tasks to queue
[2026-09-19T20:08:00.868+0000] {logging_mixin.py:188} INFO - [2026-09-19T20:08:00.868+0000] {dagbag.py:545} INFO - Filling up the DagBag from /opt/airflow/dags/restaurant_pipeline_dag.py
[2026-09-19T20:08:00.874+0000] {logging_mixin.py:188} INFO - [2026-09-19T20:08:00.872+0000] {dagbag.py:355} ERROR - Failed to import: /opt/airflow/dags/restaurant_pipeline_dag.py
Traceback (most recent call last):
  File "/home/airflow/.local/lib/python3.12/site-packages/airflow/models/dagbag.py", line 351, in parse
    loader.exec_module(new_module)
  File "<frozen importlib._bootstrap_external>", line 991, in exec_module
  File "<frozen importlib._bootstrap_external>", line 1129, in get_code
  File "<frozen importlib._bootstrap_external>", line 1059, in source_to_code
  File "<frozen importlib._bootstrap>", line 488, in _call_with_frames_removed
  File "/opt/airflow/dags/restaurant_pipeline_dag.py", line 51
    
    ^
IndentationError: expected an indented block after 'with' statement on line 42
[2026-09-19T20:08:00.875+0000] {processor.py:842} WARNING - No viable dags retrieved from /opt/airflow/dags/restaurant_pipeline_dag.py
[2026-09-19T20:08:00.911+0000] {processor.py:183} INFO - Processing /opt/airflow/dags/restaurant_pipeline_dag.py took 0.053 seconds
[2026-09-19T20:08:31.156+0000] {processor.py:161} INFO - Started process (PID=2244) to work on /opt/airflow/dags/restaurant_pipeline_dag.py
[2026-09-19T20:08:31.158+0000] {processor.py:830} INFO - Processing file /opt/airflow/dags/restaurant_pipeline_dag.py for tasks to queue
[2026-09-19T20:08:31.159+0000] {logging_mixin.py:188} INFO - [2026-09-19T20:08:31.159+0000] {dagbag.py:545} INFO - Filling up the DagBag from /opt/airflow/dags/restaurant_pipeline_dag.py
[2026-09-19T20:08:31.165+0000] {logging_mixin.py:188} INFO - [2026-09-19T20:08:31.163+0000] {dagbag.py:355} ERROR - Failed to import: /opt/airflow/dags/restaurant_pipeline_dag.py
Traceback (most recent call last):
  File "/home/airflow/.local/lib/python3.12/site-packages/airflow/models/dagbag.py", line 351, in parse
    loader.exec_module(new_module)
  File "<frozen importlib._bootstrap_external>", line 991, in exec_module
  File "<frozen importlib._bootstrap_external>", line 1129, in get_code
  File "<frozen importlib._bootstrap_external>", line 1059, in source_to_code
  File "<frozen importlib._bootstrap>", line 488, in _call_with_frames_removed
  File "/opt/airflow/dags/restaurant_pipeline_dag.py", line 51
    
    ^
IndentationError: expected an indented block after 'with' statement on line 42
[2026-09-19T20:08:31.166+0000] {processor.py:842} WARNING - No viable dags retrieved from /opt/airflow/dags/restaurant_pipeline_dag.py
[2026-09-19T20:08:31.204+0000] {processor.py:183} INFO - Processing /opt/airflow/dags/restaurant_pipeline_dag.py took 0.056 seconds
[2026-09-19T20:09:01.483+0000] {processor.py:161} INFO - Started process (PID=2254) to work on /opt/airflow/dags/restaurant_pipeline_dag.py
[2026-09-19T20:09:01.484+0000] {processor.py:830} INFO - Processing file /opt/airflow/dags/restaurant_pipeline_dag.py for tasks to queue
[2026-09-19T20:09:01.485+0000] {logging_mixin.py:188} INFO - [2026-09-19T20:09:01.485+0000] {dagbag.py:545} INFO - Filling up the DagBag from /opt/airflow/dags/restaurant_pipeline_dag.py
[2026-09-19T20:09:01.491+0000] {logging_mixin.py:188} INFO - [2026-09-19T20:09:01.489+0000] {dagbag.py:355} ERROR - Failed to import: /opt/airflow/dags/restaurant_pipeline_dag.py
Traceback (most recent call last):
  File "/home/airflow/.local/lib/python3.12/site-packages/airflow/models/dagbag.py", line 351, in parse
    loader.exec_module(new_module)
  File "<frozen importlib._bootstrap_external>", line 991, in exec_module
  File "<frozen importlib._bootstrap_external>", line 1129, in get_code
  File "<frozen importlib._bootstrap_external>", line 1059, in source_to_code
  File "<frozen importlib._bootstrap>", line 488, in _call_with_frames_removed
  File "/opt/airflow/dags/restaurant_pipeline_dag.py", line 51
    
    ^
IndentationError: expected an indented block after 'with' statement on line 42
[2026-09-19T20:09:01.493+0000] {processor.py:842} WARNING - No viable dags retrieved from /opt/airflow/dags/restaurant_pipeline_dag.py
[2026-09-19T20:09:01.525+0000] {processor.py:183} INFO - Processing /opt/airflow/dags/restaurant_pipeline_dag.py took 0.054 seconds
[2026-09-19T20:09:22.693+0000] {processor.py:161} INFO - Started process (PID=2264) to work on /opt/airflow/dags/restaurant_pipeline_dag.py
[2026-09-19T20:09:22.695+0000] {processor.py:830} INFO - Processing file /opt/airflow/dags/restaurant_pipeline_dag.py for tasks to queue
[2026-09-19T20:09:22.696+0000] {logging_mixin.py:188} INFO - [2026-09-19T20:09:22.695+0000] {dagbag.py:545} INFO - Filling up the DagBag from /opt/airflow/dags/restaurant_pipeline_dag.py
[2026-09-19T20:09:22.700+0000] {logging_mixin.py:188} INFO - [2026-09-19T20:09:22.699+0000] {dagbag.py:355} ERROR - Failed to import: /opt/airflow/dags/restaurant_pipeline_dag.py
Traceback (most recent call last):
  File "/home/airflow/.local/lib/python3.12/site-packages/airflow/models/dagbag.py", line 351, in parse
    loader.exec_module(new_module)
  File "<frozen importlib._bootstrap_external>", line 991, in exec_module
  File "<frozen importlib._bootstrap_external>", line 1129, in get_code
  File "<frozen importlib._bootstrap_external>", line 1059, in source_to_code
  File "<frozen importlib._bootstrap>", line 488, in _call_with_frames_removed
  File "/opt/airflow/dags/restaurant_pipeline_dag.py", line 60
    
    ^
IndentationError: expected an indented block after 'with' statement on line 51
[2026-09-19T20:09:22.701+0000] {processor.py:842} WARNING - No viable dags retrieved from /opt/airflow/dags/restaurant_pipeline_dag.py
[2026-09-19T20:09:22.736+0000] {processor.py:183} INFO - Processing /opt/airflow/dags/restaurant_pipeline_dag.py took 0.049 seconds
[2026-09-19T20:09:52.967+0000] {processor.py:161} INFO - Started process (PID=2274) to work on /opt/airflow/dags/restaurant_pipeline_dag.py
[2026-09-19T20:09:52.968+0000] {processor.py:830} INFO - Processing file /opt/airflow/dags/restaurant_pipeline_dag.py for tasks to queue
[2026-09-19T20:09:52.969+0000] {logging_mixin.py:188} INFO - [2026-09-19T20:09:52.969+0000] {dagbag.py:545} INFO - Filling up the DagBag from /opt/airflow/dags/restaurant_pipeline_dag.py
[2026-09-19T20:09:52.973+0000] {logging_mixin.py:188} INFO - [2026-09-19T20:09:52.972+0000] {dagbag.py:355} ERROR - Failed to import: /opt/airflow/dags/restaurant_pipeline_dag.py
Traceback (most recent call last):
  File "/home/airflow/.local/lib/python3.12/site-packages/airflow/models/dagbag.py", line 351, in parse
    loader.exec_module(new_module)
  File "<frozen importlib._bootstrap_external>", line 991, in exec_module
  File "<frozen importlib._bootstrap_external>", line 1129, in get_code
  File "<frozen importlib._bootstrap_external>", line 1059, in source_to_code
  File "<frozen importlib._bootstrap>", line 488, in _call_with_frames_removed
  File "/opt/airflow/dags/restaurant_pipeline_dag.py", line 60
    
    ^
IndentationError: expected an indented block after 'with' statement on line 51
[2026-09-19T20:09:52.974+0000] {processor.py:842} WARNING - No viable dags retrieved from /opt/airflow/dags/restaurant_pipeline_dag.py
[2026-09-19T20:09:53.003+0000] {processor.py:183} INFO - Processing /opt/airflow/dags/restaurant_pipeline_dag.py took 0.042 seconds
[2026-09-19T20:10:23.223+0000] {processor.py:161} INFO - Started process (PID=2284) to work on /opt/airflow/dags/restaurant_pipeline_dag.py
[2026-09-19T20:10:23.224+0000] {processor.py:830} INFO - Processing file /opt/airflow/dags/restaurant_pipeline_dag.py for tasks to queue
[2026-09-19T20:10:23.225+0000] {logging_mixin.py:188} INFO - [2026-09-19T20:10:23.225+0000] {dagbag.py:545} INFO - Filling up the DagBag from /opt/airflow/dags/restaurant_pipeline_dag.py
[2026-09-19T20:10:23.230+0000] {logging_mixin.py:188} INFO - [2026-09-19T20:10:23.229+0000] {dagbag.py:355} ERROR - Failed to import: /opt/airflow/dags/restaurant_pipeline_dag.py
Traceback (most recent call last):
  File "/home/airflow/.local/lib/python3.12/site-packages/airflow/models/dagbag.py", line 351, in parse
    loader.exec_module(new_module)
  File "<frozen importlib._bootstrap_external>", line 991, in exec_module
  File "<frozen importlib._bootstrap_external>", line 1129, in get_code
  File "<frozen importlib._bootstrap_external>", line 1059, in source_to_code
  File "<frozen importlib._bootstrap>", line 488, in _call_with_frames_removed
  File "/opt/airflow/dags/restaurant_pipeline_dag.py", line 60
    
    ^
IndentationError: expected an indented block after 'with' statement on line 51
[2026-09-19T20:10:23.231+0000] {processor.py:842} WARNING - No viable dags retrieved from /opt/airflow/dags/restaurant_pipeline_dag.py
[2026-09-19T20:10:23.284+0000] {processor.py:183} INFO - Processing /opt/airflow/dags/restaurant_pipeline_dag.py took 0.068 seconds
[2026-09-19T20:10:53.515+0000] {processor.py:161} INFO - Started process (PID=2294) to work on /opt/airflow/dags/restaurant_pipeline_dag.py
[2026-09-19T20:10:53.516+0000] {processor.py:830} INFO - Processing file /opt/airflow/dags/restaurant_pipeline_dag.py for tasks to queue
[2026-09-19T20:10:53.518+0000] {logging_mixin.py:188} INFO - [2026-09-19T20:10:53.517+0000] {dagbag.py:545} INFO - Filling up the DagBag from /opt/airflow/dags/restaurant_pipeline_dag.py
[2026-09-19T20:10:53.525+0000] {logging_mixin.py:188} INFO - [2026-09-19T20:10:53.523+0000] {dagbag.py:355} ERROR - Failed to import: /opt/airflow/dags/restaurant_pipeline_dag.py
Traceback (most recent call last):
  File "/home/airflow/.local/lib/python3.12/site-packages/airflow/models/dagbag.py", line 351, in parse
    loader.exec_module(new_module)
  File "<frozen importlib._bootstrap_external>", line 991, in exec_module
  File "<frozen importlib._bootstrap_external>", line 1129, in get_code
  File "<frozen importlib._bootstrap_external>", line 1059, in source_to_code
  File "<frozen importlib._bootstrap>", line 488, in _call_with_frames_removed
  File "/opt/airflow/dags/restaurant_pipeline_dag.py", line 60
    
    ^
IndentationError: expected an indented block after 'with' statement on line 51
[2026-09-19T20:10:53.525+0000] {processor.py:842} WARNING - No viable dags retrieved from /opt/airflow/dags/restaurant_pipeline_dag.py
[2026-09-19T20:10:53.556+0000] {processor.py:183} INFO - Processing /opt/airflow/dags/restaurant_pipeline_dag.py took 0.052 seconds
[2026-09-19T20:11:23.776+0000] {processor.py:161} INFO - Started process (PID=2304) to work on /opt/airflow/dags/restaurant_pipeline_dag.py
[2026-09-19T20:11:23.777+0000] {processor.py:830} INFO - Processing file /opt/airflow/dags/restaurant_pipeline_dag.py for tasks to queue
[2026-09-19T20:11:23.778+0000] {logging_mixin.py:188} INFO - [2026-09-19T20:11:23.778+0000] {dagbag.py:545} INFO - Filling up the DagBag from /opt/airflow/dags/restaurant_pipeline_dag.py
[2026-09-19T20:11:23.782+0000] {logging_mixin.py:188} INFO - [2026-09-19T20:11:23.781+0000] {dagbag.py:355} ERROR - Failed to import: /opt/airflow/dags/restaurant_pipeline_dag.py
Traceback (most recent call last):
  File "/home/airflow/.local/lib/python3.12/site-packages/airflow/models/dagbag.py", line 351, in parse
    loader.exec_module(new_module)
  File "<frozen importlib._bootstrap_external>", line 991, in exec_module
  File "<frozen importlib._bootstrap_external>", line 1129, in get_code
  File "<frozen importlib._bootstrap_external>", line 1059, in source_to_code
  File "<frozen importlib._bootstrap>", line 488, in _call_with_frames_removed
  File "/opt/airflow/dags/restaurant_pipeline_dag.py", line 60
    
    ^
IndentationError: expected an indented block after 'with' statement on line 51
[2026-09-19T20:11:23.783+0000] {processor.py:842} WARNING - No viable dags retrieved from /opt/airflow/dags/restaurant_pipeline_dag.py
[2026-09-19T20:11:23.812+0000] {processor.py:183} INFO - Processing /opt/airflow/dags/restaurant_pipeline_dag.py took 0.043 seconds
[2026-09-19T20:11:54.025+0000] {processor.py:161} INFO - Started process (PID=2314) to work on /opt/airflow/dags/restaurant_pipeline_dag.py
[2026-09-19T20:11:54.026+0000] {processor.py:830} INFO - Processing file /opt/airflow/dags/restaurant_pipeline_dag.py for tasks to queue
[2026-09-19T20:11:54.027+0000] {logging_mixin.py:188} INFO - [2026-09-19T20:11:54.027+0000] {dagbag.py:545} INFO - Filling up the DagBag from /opt/airflow/dags/restaurant_pipeline_dag.py
[2026-09-19T20:11:54.031+0000] {logging_mixin.py:188} INFO - [2026-09-19T20:11:54.030+0000] {dagbag.py:355} ERROR - Failed to import: /opt/airflow/dags/restaurant_pipeline_dag.py
Traceback (most recent call last):
  File "/home/airflow/.local/lib/python3.12/site-packages/airflow/models/dagbag.py", line 351, in parse
    loader.exec_module(new_module)
  File "<frozen importlib._bootstrap_external>", line 991, in exec_module
  File "<frozen importlib._bootstrap_external>", line 1129, in get_code
  File "<frozen importlib._bootstrap_external>", line 1059, in source_to_code
  File "<frozen importlib._bootstrap>", line 488, in _call_with_frames_removed
  File "/opt/airflow/dags/restaurant_pipeline_dag.py", line 60
    
    ^
IndentationError: expected an indented block after 'with' statement on line 51
[2026-09-19T20:11:54.032+0000] {processor.py:842} WARNING - No viable dags retrieved from /opt/airflow/dags/restaurant_pipeline_dag.py
[2026-09-19T20:11:54.089+0000] {processor.py:183} INFO - Processing /opt/airflow/dags/restaurant_pipeline_dag.py took 0.071 seconds
[2026-09-19T20:12:10.234+0000] {processor.py:161} INFO - Started process (PID=2324) to work on /opt/airflow/dags/restaurant_pipeline_dag.py
[2026-09-19T20:12:10.235+0000] {processor.py:830} INFO - Processing file /opt/airflow/dags/restaurant_pipeline_dag.py for tasks to queue
[2026-09-19T20:12:10.236+0000] {logging_mixin.py:188} INFO - [2026-09-19T20:12:10.235+0000] {dagbag.py:545} INFO - Filling up the DagBag from /opt/airflow/dags/restaurant_pipeline_dag.py
[2026-09-19T20:12:10.241+0000] {logging_mixin.py:188} INFO - [2026-09-19T20:12:10.239+0000] {dagbag.py:355} ERROR - Failed to import: /opt/airflow/dags/restaurant_pipeline_dag.py
Traceback (most recent call last):
  File "/home/airflow/.local/lib/python3.12/site-packages/airflow/models/dagbag.py", line 351, in parse
    loader.exec_module(new_module)
  File "<frozen importlib._bootstrap_external>", line 991, in exec_module
  File "<frozen importlib._bootstrap_external>", line 1129, in get_code
  File "<frozen importlib._bootstrap_external>", line 1059, in source_to_code
  File "<frozen importlib._bootstrap>", line 488, in _call_with_frames_removed
  File "/opt/airflow/dags/restaurant_pipeline_dag.py", line 62
    
    ^
IndentationError: expected an indented block after 'with' statement on line 53
[2026-09-19T20:12:10.241+0000] {processor.py:842} WARNING - No viable dags retrieved from /opt/airflow/dags/restaurant_pipeline_dag.py
[2026-09-19T20:12:10.267+0000] {processor.py:183} INFO - Processing /opt/airflow/dags/restaurant_pipeline_dag.py took 0.040 seconds
[2026-09-19T20:12:40.488+0000] {processor.py:161} INFO - Started process (PID=2334) to work on /opt/airflow/dags/restaurant_pipeline_dag.py
[2026-09-19T20:12:40.489+0000] {processor.py:830} INFO - Processing file /opt/airflow/dags/restaurant_pipeline_dag.py for tasks to queue
[2026-09-19T20:12:40.490+0000] {logging_mixin.py:188} INFO - [2026-09-19T20:12:40.490+0000] {dagbag.py:545} INFO - Filling up the DagBag from /opt/airflow/dags/restaurant_pipeline_dag.py
[2026-09-19T20:12:40.494+0000] {logging_mixin.py:188} INFO - [2026-09-19T20:12:40.493+0000] {dagbag.py:355} ERROR - Failed to import: /opt/airflow/dags/restaurant_pipeline_dag.py
Traceback (most recent call last):
  File "/home/airflow/.local/lib/python3.12/site-packages/airflow/models/dagbag.py", line 351, in parse
    loader.exec_module(new_module)
  File "<frozen importlib._bootstrap_external>", line 991, in exec_module
  File "<frozen importlib._bootstrap_external>", line 1129, in get_code
  File "<frozen importlib._bootstrap_external>", line 1059, in source_to_code
  File "<frozen importlib._bootstrap>", line 488, in _call_with_frames_removed
  File "/opt/airflow/dags/restaurant_pipeline_dag.py", line 62
    
    ^
IndentationError: expected an indented block after 'with' statement on line 53
[2026-09-19T20:12:40.495+0000] {processor.py:842} WARNING - No viable dags retrieved from /opt/airflow/dags/restaurant_pipeline_dag.py
[2026-09-19T20:12:40.525+0000] {processor.py:183} INFO - Processing /opt/airflow/dags/restaurant_pipeline_dag.py took 0.043 seconds
[2026-09-19T20:13:10.709+0000] {processor.py:161} INFO - Started process (PID=2344) to work on /opt/airflow/dags/restaurant_pipeline_dag.py
[2026-09-19T20:13:10.710+0000] {processor.py:830} INFO - Processing file /opt/airflow/dags/restaurant_pipeline_dag.py for tasks to queue
[2026-09-19T20:13:10.712+0000] {logging_mixin.py:188} INFO - [2026-09-19T20:13:10.712+0000] {dagbag.py:545} INFO - Filling up the DagBag from /opt/airflow/dags/restaurant_pipeline_dag.py
[2026-09-19T20:13:10.717+0000] {logging_mixin.py:188} INFO - [2026-09-19T20:13:10.716+0000] {dagbag.py:355} ERROR - Failed to import: /opt/airflow/dags/restaurant_pipeline_dag.py
Traceback (most recent call last):
  File "/home/airflow/.local/lib/python3.12/site-packages/airflow/models/dagbag.py", line 351, in parse
    loader.exec_module(new_module)
  File "<frozen importlib._bootstrap_external>", line 991, in exec_module
  File "<frozen importlib._bootstrap_external>", line 1129, in get_code
  File "<frozen importlib._bootstrap_external>", line 1059, in source_to_code
  File "<frozen importlib._bootstrap>", line 488, in _call_with_frames_removed
  File "/opt/airflow/dags/restaurant_pipeline_dag.py", line 62
    
    ^
IndentationError: expected an indented block after 'with' statement on line 53
[2026-09-19T20:13:10.718+0000] {processor.py:842} WARNING - No viable dags retrieved from /opt/airflow/dags/restaurant_pipeline_dag.py
[2026-09-19T20:13:10.748+0000] {processor.py:183} INFO - Processing /opt/airflow/dags/restaurant_pipeline_dag.py took 0.046 seconds
[2026-09-19T20:13:40.945+0000] {processor.py:161} INFO - Started process (PID=2354) to work on /opt/airflow/dags/restaurant_pipeline_dag.py
[2026-09-19T20:13:40.945+0000] {processor.py:830} INFO - Processing file /opt/airflow/dags/restaurant_pipeline_dag.py for tasks to queue
[2026-09-19T20:13:40.946+0000] {logging_mixin.py:188} INFO - [2026-09-19T20:13:40.946+0000] {dagbag.py:545} INFO - Filling up the DagBag from /opt/airflow/dags/restaurant_pipeline_dag.py
[2026-09-19T20:13:40.951+0000] {logging_mixin.py:188} INFO - [2026-09-19T20:13:40.950+0000] {dagbag.py:355} ERROR - Failed to import: /opt/airflow/dags/restaurant_pipeline_dag.py
Traceback (most recent call last):
  File "/home/airflow/.local/lib/python3.12/site-packages/airflow/models/dagbag.py", line 351, in parse
    loader.exec_module(new_module)
  File "<frozen importlib._bootstrap_external>", line 991, in exec_module
  File "<frozen importlib._bootstrap_external>", line 1129, in get_code
  File "<frozen importlib._bootstrap_external>", line 1059, in source_to_code
  File "<frozen importlib._bootstrap>", line 488, in _call_with_frames_removed
  File "/opt/airflow/dags/restaurant_pipeline_dag.py", line 62
    
    ^
IndentationError: expected an indented block after 'with' statement on line 53
[2026-09-19T20:13:40.952+0000] {processor.py:842} WARNING - No viable dags retrieved from /opt/airflow/dags/restaurant_pipeline_dag.py
[2026-09-19T20:13:40.982+0000] {processor.py:183} INFO - Processing /opt/airflow/dags/restaurant_pipeline_dag.py took 0.049 seconds
[2026-09-19T20:13:42.952+0000] {processor.py:161} INFO - Started process (PID=2359) to work on /opt/airflow/dags/restaurant_pipeline_dag.py
[2026-09-19T20:13:42.953+0000] {processor.py:830} INFO - Processing file /opt/airflow/dags/restaurant_pipeline_dag.py for tasks to queue
[2026-09-19T20:13:42.954+0000] {logging_mixin.py:188} INFO - [2026-09-19T20:13:42.953+0000] {dagbag.py:545} INFO - Filling up the DagBag from /opt/airflow/dags/restaurant_pipeline_dag.py
[2026-09-19T20:13:42.958+0000] {logging_mixin.py:188} INFO - [2026-09-19T20:13:42.957+0000] {dagbag.py:355} ERROR - Failed to import: /opt/airflow/dags/restaurant_pipeline_dag.py
Traceback (most recent call last):
  File "/home/airflow/.local/lib/python3.12/site-packages/airflow/models/dagbag.py", line 351, in parse
    loader.exec_module(new_module)
  File "<frozen importlib._bootstrap_external>", line 991, in exec_module
  File "<frozen importlib._bootstrap_external>", line 1129, in get_code
  File "<frozen importlib._bootstrap_external>", line 1059, in source_to_code
  File "<frozen importlib._bootstrap>", line 488, in _call_with_frames_removed
  File "/opt/airflow/dags/restaurant_pipeline_dag.py", line 48
    elif any(list(records["order_id"])) or
                                          ^
SyntaxError: invalid syntax
[2026-09-19T20:13:42.959+0000] {processor.py:842} WARNING - No viable dags retrieved from /opt/airflow/dags/restaurant_pipeline_dag.py
[2026-09-19T20:13:42.989+0000] {processor.py:183} INFO - Processing /opt/airflow/dags/restaurant_pipeline_dag.py took 0.044 seconds
[2026-09-19T20:14:13.200+0000] {processor.py:161} INFO - Started process (PID=2369) to work on /opt/airflow/dags/restaurant_pipeline_dag.py
[2026-09-19T20:14:13.201+0000] {processor.py:830} INFO - Processing file /opt/airflow/dags/restaurant_pipeline_dag.py for tasks to queue
[2026-09-19T20:14:13.202+0000] {logging_mixin.py:188} INFO - [2026-09-19T20:14:13.201+0000] {dagbag.py:545} INFO - Filling up the DagBag from /opt/airflow/dags/restaurant_pipeline_dag.py
[2026-09-19T20:14:13.206+0000] {logging_mixin.py:188} INFO - [2026-09-19T20:14:13.204+0000] {dagbag.py:355} ERROR - Failed to import: /opt/airflow/dags/restaurant_pipeline_dag.py
Traceback (most recent call last):
  File "/home/airflow/.local/lib/python3.12/site-packages/airflow/models/dagbag.py", line 351, in parse
    loader.exec_module(new_module)
  File "<frozen importlib._bootstrap_external>", line 991, in exec_module
  File "<frozen importlib._bootstrap_external>", line 1129, in get_code
  File "<frozen importlib._bootstrap_external>", line 1059, in source_to_code
  File "<frozen importlib._bootstrap>", line 488, in _call_with_frames_removed
  File "/opt/airflow/dags/restaurant_pipeline_dag.py", line 48
    elif any(list(records["order_id"])) or
                                          ^
SyntaxError: invalid syntax
[2026-09-19T20:14:13.206+0000] {processor.py:842} WARNING - No viable dags retrieved from /opt/airflow/dags/restaurant_pipeline_dag.py
[2026-09-19T20:14:13.235+0000] {processor.py:183} INFO - Processing /opt/airflow/dags/restaurant_pipeline_dag.py took 0.042 seconds
[2026-09-19T20:14:43.466+0000] {processor.py:161} INFO - Started process (PID=2379) to work on /opt/airflow/dags/restaurant_pipeline_dag.py
[2026-09-19T20:14:43.467+0000] {processor.py:830} INFO - Processing file /opt/airflow/dags/restaurant_pipeline_dag.py for tasks to queue
[2026-09-19T20:14:43.468+0000] {logging_mixin.py:188} INFO - [2026-09-19T20:14:43.467+0000] {dagbag.py:545} INFO - Filling up the DagBag from /opt/airflow/dags/restaurant_pipeline_dag.py
[2026-09-19T20:14:43.472+0000] {logging_mixin.py:188} INFO - [2026-09-19T20:14:43.470+0000] {dagbag.py:355} ERROR - Failed to import: /opt/airflow/dags/restaurant_pipeline_dag.py
Traceback (most recent call last):
  File "/home/airflow/.local/lib/python3.12/site-packages/airflow/models/dagbag.py", line 351, in parse
    loader.exec_module(new_module)
  File "<frozen importlib._bootstrap_external>", line 991, in exec_module
  File "<frozen importlib._bootstrap_external>", line 1129, in get_code
  File "<frozen importlib._bootstrap_external>", line 1059, in source_to_code
  File "<frozen importlib._bootstrap>", line 488, in _call_with_frames_removed
  File "/opt/airflow/dags/restaurant_pipeline_dag.py", line 48
    elif any(list(records["order_id"])) or
                                          ^
SyntaxError: invalid syntax
[2026-09-19T20:14:43.472+0000] {processor.py:842} WARNING - No viable dags retrieved from /opt/airflow/dags/restaurant_pipeline_dag.py
[2026-09-19T20:14:43.501+0000] {processor.py:183} INFO - Processing /opt/airflow/dags/restaurant_pipeline_dag.py took 0.042 seconds
[2026-09-19T20:15:13.723+0000] {processor.py:161} INFO - Started process (PID=2389) to work on /opt/airflow/dags/restaurant_pipeline_dag.py
[2026-09-19T20:15:13.724+0000] {processor.py:830} INFO - Processing file /opt/airflow/dags/restaurant_pipeline_dag.py for tasks to queue
[2026-09-19T20:15:13.725+0000] {logging_mixin.py:188} INFO - [2026-09-19T20:15:13.725+0000] {dagbag.py:545} INFO - Filling up the DagBag from /opt/airflow/dags/restaurant_pipeline_dag.py
[2026-09-19T20:15:13.729+0000] {logging_mixin.py:188} INFO - [2026-09-19T20:15:13.728+0000] {dagbag.py:355} ERROR - Failed to import: /opt/airflow/dags/restaurant_pipeline_dag.py
Traceback (most recent call last):
  File "/home/airflow/.local/lib/python3.12/site-packages/airflow/models/dagbag.py", line 351, in parse
    loader.exec_module(new_module)
  File "<frozen importlib._bootstrap_external>", line 991, in exec_module
  File "<frozen importlib._bootstrap_external>", line 1129, in get_code
  File "<frozen importlib._bootstrap_external>", line 1059, in source_to_code
  File "<frozen importlib._bootstrap>", line 488, in _call_with_frames_removed
  File "/opt/airflow/dags/restaurant_pipeline_dag.py", line 48
    elif any(list(records["order_id"])) or
                                          ^
SyntaxError: invalid syntax
[2026-09-19T20:15:13.730+0000] {processor.py:842} WARNING - No viable dags retrieved from /opt/airflow/dags/restaurant_pipeline_dag.py
[2026-09-19T20:15:13.759+0000] {processor.py:183} INFO - Processing /opt/airflow/dags/restaurant_pipeline_dag.py took 0.042 seconds
[2026-09-19T20:15:43.963+0000] {processor.py:161} INFO - Started process (PID=2399) to work on /opt/airflow/dags/restaurant_pipeline_dag.py
[2026-09-19T20:15:43.964+0000] {processor.py:830} INFO - Processing file /opt/airflow/dags/restaurant_pipeline_dag.py for tasks to queue
[2026-09-19T20:15:43.965+0000] {logging_mixin.py:188} INFO - [2026-09-19T20:15:43.964+0000] {dagbag.py:545} INFO - Filling up the DagBag from /opt/airflow/dags/restaurant_pipeline_dag.py
[2026-09-19T20:15:43.969+0000] {logging_mixin.py:188} INFO - [2026-09-19T20:15:43.967+0000] {dagbag.py:355} ERROR - Failed to import: /opt/airflow/dags/restaurant_pipeline_dag.py
Traceback (most recent call last):
  File "/home/airflow/.local/lib/python3.12/site-packages/airflow/models/dagbag.py", line 351, in parse
    loader.exec_module(new_module)
  File "<frozen importlib._bootstrap_external>", line 991, in exec_module
  File "<frozen importlib._bootstrap_external>", line 1129, in get_code
  File "<frozen importlib._bootstrap_external>", line 1059, in source_to_code
  File "<frozen importlib._bootstrap>", line 488, in _call_with_frames_removed
  File "/opt/airflow/dags/restaurant_pipeline_dag.py", line 48
    elif any(list(records["order_id"])) or
                                          ^
SyntaxError: invalid syntax
[2026-09-19T20:15:43.969+0000] {processor.py:842} WARNING - No viable dags retrieved from /opt/airflow/dags/restaurant_pipeline_dag.py
[2026-09-19T20:15:43.998+0000] {processor.py:183} INFO - Processing /opt/airflow/dags/restaurant_pipeline_dag.py took 0.042 seconds
[2026-09-19T20:16:14.177+0000] {processor.py:161} INFO - Started process (PID=2409) to work on /opt/airflow/dags/restaurant_pipeline_dag.py
[2026-09-19T20:16:14.178+0000] {processor.py:830} INFO - Processing file /opt/airflow/dags/restaurant_pipeline_dag.py for tasks to queue
[2026-09-19T20:16:14.179+0000] {logging_mixin.py:188} INFO - [2026-09-19T20:16:14.179+0000] {dagbag.py:545} INFO - Filling up the DagBag from /opt/airflow/dags/restaurant_pipeline_dag.py
[2026-09-19T20:16:14.183+0000] {logging_mixin.py:188} INFO - [2026-09-19T20:16:14.182+0000] {dagbag.py:355} ERROR - Failed to import: /opt/airflow/dags/restaurant_pipeline_dag.py
Traceback (most recent call last):
  File "/home/airflow/.local/lib/python3.12/site-packages/airflow/models/dagbag.py", line 351, in parse
    loader.exec_module(new_module)
  File "<frozen importlib._bootstrap_external>", line 991, in exec_module
  File "<frozen importlib._bootstrap_external>", line 1129, in get_code
  File "<frozen importlib._bootstrap_external>", line 1059, in source_to_code
  File "<frozen importlib._bootstrap>", line 488, in _call_with_frames_removed
  File "/opt/airflow/dags/restaurant_pipeline_dag.py", line 48
    elif any(list(records["order_id"])) or
                                          ^
SyntaxError: invalid syntax
[2026-09-19T20:16:14.184+0000] {processor.py:842} WARNING - No viable dags retrieved from /opt/airflow/dags/restaurant_pipeline_dag.py
[2026-09-19T20:16:14.215+0000] {processor.py:183} INFO - Processing /opt/airflow/dags/restaurant_pipeline_dag.py took 0.044 seconds
[2026-09-19T20:16:18.221+0000] {processor.py:161} INFO - Started process (PID=2414) to work on /opt/airflow/dags/restaurant_pipeline_dag.py
[2026-09-19T20:16:18.222+0000] {processor.py:830} INFO - Processing file /opt/airflow/dags/restaurant_pipeline_dag.py for tasks to queue
[2026-09-19T20:16:18.223+0000] {logging_mixin.py:188} INFO - [2026-09-19T20:16:18.223+0000] {dagbag.py:545} INFO - Filling up the DagBag from /opt/airflow/dags/restaurant_pipeline_dag.py
[2026-09-19T20:16:18.228+0000] {logging_mixin.py:188} INFO - [2026-09-19T20:16:18.226+0000] {dagbag.py:355} ERROR - Failed to import: /opt/airflow/dags/restaurant_pipeline_dag.py
Traceback (most recent call last):
  File "/home/airflow/.local/lib/python3.12/site-packages/airflow/models/dagbag.py", line 351, in parse
    loader.exec_module(new_module)
  File "<frozen importlib._bootstrap_external>", line 991, in exec_module
  File "<frozen importlib._bootstrap_external>", line 1129, in get_code
  File "<frozen importlib._bootstrap_external>", line 1059, in source_to_code
  File "<frozen importlib._bootstrap>", line 488, in _call_with_frames_removed
  File "/opt/airflow/dags/restaurant_pipeline_dag.py", line 50
    elif any(list(records["order_id"])) or
                                          ^
SyntaxError: invalid syntax
[2026-09-19T20:16:18.228+0000] {processor.py:842} WARNING - No viable dags retrieved from /opt/airflow/dags/restaurant_pipeline_dag.py
[2026-09-19T20:16:18.261+0000] {processor.py:183} INFO - Processing /opt/airflow/dags/restaurant_pipeline_dag.py took 0.051 seconds
[2026-09-19T20:16:48.459+0000] {processor.py:161} INFO - Started process (PID=2424) to work on /opt/airflow/dags/restaurant_pipeline_dag.py
[2026-09-19T20:16:48.459+0000] {processor.py:830} INFO - Processing file /opt/airflow/dags/restaurant_pipeline_dag.py for tasks to queue
[2026-09-19T20:16:48.461+0000] {logging_mixin.py:188} INFO - [2026-09-19T20:16:48.460+0000] {dagbag.py:545} INFO - Filling up the DagBag from /opt/airflow/dags/restaurant_pipeline_dag.py
[2026-09-19T20:16:48.465+0000] {logging_mixin.py:188} INFO - [2026-09-19T20:16:48.464+0000] {dagbag.py:355} ERROR - Failed to import: /opt/airflow/dags/restaurant_pipeline_dag.py
Traceback (most recent call last):
  File "/home/airflow/.local/lib/python3.12/site-packages/airflow/models/dagbag.py", line 351, in parse
    loader.exec_module(new_module)
  File "<frozen importlib._bootstrap_external>", line 991, in exec_module
  File "<frozen importlib._bootstrap_external>", line 1129, in get_code
  File "<frozen importlib._bootstrap_external>", line 1059, in source_to_code
  File "<frozen importlib._bootstrap>", line 488, in _call_with_frames_removed
  File "/opt/airflow/dags/restaurant_pipeline_dag.py", line 50
    elif any(list(records["order_id"])) or
                                          ^
SyntaxError: invalid syntax
[2026-09-19T20:16:48.466+0000] {processor.py:842} WARNING - No viable dags retrieved from /opt/airflow/dags/restaurant_pipeline_dag.py
[2026-09-19T20:16:48.503+0000] {processor.py:183} INFO - Processing /opt/airflow/dags/restaurant_pipeline_dag.py took 0.052 seconds
[2026-09-19T20:17:18.699+0000] {processor.py:161} INFO - Started process (PID=2434) to work on /opt/airflow/dags/restaurant_pipeline_dag.py
[2026-09-19T20:17:18.700+0000] {processor.py:830} INFO - Processing file /opt/airflow/dags/restaurant_pipeline_dag.py for tasks to queue
[2026-09-19T20:17:18.701+0000] {logging_mixin.py:188} INFO - [2026-09-19T20:17:18.701+0000] {dagbag.py:545} INFO - Filling up the DagBag from /opt/airflow/dags/restaurant_pipeline_dag.py
[2026-09-19T20:17:18.705+0000] {logging_mixin.py:188} INFO - [2026-09-19T20:17:18.704+0000] {dagbag.py:355} ERROR - Failed to import: /opt/airflow/dags/restaurant_pipeline_dag.py
Traceback (most recent call last):
  File "/home/airflow/.local/lib/python3.12/site-packages/airflow/models/dagbag.py", line 351, in parse
    loader.exec_module(new_module)
  File "<frozen importlib._bootstrap_external>", line 991, in exec_module
  File "<frozen importlib._bootstrap_external>", line 1129, in get_code
  File "<frozen importlib._bootstrap_external>", line 1059, in source_to_code
  File "<frozen importlib._bootstrap>", line 488, in _call_with_frames_removed
  File "/opt/airflow/dags/restaurant_pipeline_dag.py", line 50
    elif any(list(records["order_id"])) or
                                          ^
SyntaxError: invalid syntax
[2026-09-19T20:17:18.706+0000] {processor.py:842} WARNING - No viable dags retrieved from /opt/airflow/dags/restaurant_pipeline_dag.py
[2026-09-19T20:17:18.736+0000] {processor.py:183} INFO - Processing /opt/airflow/dags/restaurant_pipeline_dag.py took 0.044 seconds
[2026-09-19T20:17:48.926+0000] {processor.py:161} INFO - Started process (PID=2444) to work on /opt/airflow/dags/restaurant_pipeline_dag.py
[2026-09-19T20:17:48.927+0000] {processor.py:830} INFO - Processing file /opt/airflow/dags/restaurant_pipeline_dag.py for tasks to queue
[2026-09-19T20:17:48.928+0000] {logging_mixin.py:188} INFO - [2026-09-19T20:17:48.928+0000] {dagbag.py:545} INFO - Filling up the DagBag from /opt/airflow/dags/restaurant_pipeline_dag.py
[2026-09-19T20:17:48.933+0000] {logging_mixin.py:188} INFO - [2026-09-19T20:17:48.931+0000] {dagbag.py:355} ERROR - Failed to import: /opt/airflow/dags/restaurant_pipeline_dag.py
Traceback (most recent call last):
  File "/home/airflow/.local/lib/python3.12/site-packages/airflow/models/dagbag.py", line 351, in parse
    loader.exec_module(new_module)
  File "<frozen importlib._bootstrap_external>", line 991, in exec_module
  File "<frozen importlib._bootstrap_external>", line 1129, in get_code
  File "<frozen importlib._bootstrap_external>", line 1059, in source_to_code
  File "<frozen importlib._bootstrap>", line 488, in _call_with_frames_removed
  File "/opt/airflow/dags/restaurant_pipeline_dag.py", line 50
    elif any(list(records["order_id"])) or
                                          ^
SyntaxError: invalid syntax
[2026-09-19T20:17:48.933+0000] {processor.py:842} WARNING - No viable dags retrieved from /opt/airflow/dags/restaurant_pipeline_dag.py
[2026-09-19T20:17:48.967+0000] {processor.py:183} INFO - Processing /opt/airflow/dags/restaurant_pipeline_dag.py took 0.049 seconds
[2026-09-19T20:18:19.183+0000] {processor.py:161} INFO - Started process (PID=2454) to work on /opt/airflow/dags/restaurant_pipeline_dag.py
[2026-09-19T20:18:19.184+0000] {processor.py:830} INFO - Processing file /opt/airflow/dags/restaurant_pipeline_dag.py for tasks to queue
[2026-09-19T20:18:19.185+0000] {logging_mixin.py:188} INFO - [2026-09-19T20:18:19.184+0000] {dagbag.py:545} INFO - Filling up the DagBag from /opt/airflow/dags/restaurant_pipeline_dag.py
[2026-09-19T20:18:19.189+0000] {logging_mixin.py:188} INFO - [2026-09-19T20:18:19.187+0000] {dagbag.py:355} ERROR - Failed to import: /opt/airflow/dags/restaurant_pipeline_dag.py
Traceback (most recent call last):
  File "/home/airflow/.local/lib/python3.12/site-packages/airflow/models/dagbag.py", line 351, in parse
    loader.exec_module(new_module)
  File "<frozen importlib._bootstrap_external>", line 991, in exec_module
  File "<frozen importlib._bootstrap_external>", line 1129, in get_code
  File "<frozen importlib._bootstrap_external>", line 1059, in source_to_code
  File "<frozen importlib._bootstrap>", line 488, in _call_with_frames_removed
  File "/opt/airflow/dags/restaurant_pipeline_dag.py", line 50
    elif any(list(records["order_id"])) or
                                          ^
SyntaxError: invalid syntax
[2026-09-19T20:18:19.189+0000] {processor.py:842} WARNING - No viable dags retrieved from /opt/airflow/dags/restaurant_pipeline_dag.py
[2026-09-19T20:18:19.218+0000] {processor.py:183} INFO - Processing /opt/airflow/dags/restaurant_pipeline_dag.py took 0.042 seconds
[2026-09-19T20:18:22.217+0000] {processor.py:161} INFO - Started process (PID=2459) to work on /opt/airflow/dags/restaurant_pipeline_dag.py
[2026-09-19T20:18:22.218+0000] {processor.py:830} INFO - Processing file /opt/airflow/dags/restaurant_pipeline_dag.py for tasks to queue
[2026-09-19T20:18:22.219+0000] {logging_mixin.py:188} INFO - [2026-09-19T20:18:22.218+0000] {dagbag.py:545} INFO - Filling up the DagBag from /opt/airflow/dags/restaurant_pipeline_dag.py
[2026-09-19T20:18:22.223+0000] {logging_mixin.py:188} INFO - [2026-09-19T20:18:22.221+0000] {dagbag.py:355} ERROR - Failed to import: /opt/airflow/dags/restaurant_pipeline_dag.py
Traceback (most recent call last):
  File "/home/airflow/.local/lib/python3.12/site-packages/airflow/models/dagbag.py", line 351, in parse
    loader.exec_module(new_module)
  File "<frozen importlib._bootstrap_external>", line 991, in exec_module
  File "<frozen importlib._bootstrap_external>", line 1129, in get_code
  File "<frozen importlib._bootstrap_external>", line 1059, in source_to_code
  File "<frozen importlib._bootstrap>", line 488, in _call_with_frames_removed
  File "/opt/airflow/dags/restaurant_pipeline_dag.py", line 67
    
    ^
IndentationError: expected an indented block after 'with' statement on line 58
[2026-09-19T20:18:22.223+0000] {processor.py:842} WARNING - No viable dags retrieved from /opt/airflow/dags/restaurant_pipeline_dag.py
[2026-09-19T20:18:22.252+0000] {processor.py:183} INFO - Processing /opt/airflow/dags/restaurant_pipeline_dag.py took 0.042 seconds
[2026-09-19T20:18:43.432+0000] {processor.py:161} INFO - Started process (PID=2469) to work on /opt/airflow/dags/restaurant_pipeline_dag.py
[2026-09-19T20:18:43.433+0000] {processor.py:830} INFO - Processing file /opt/airflow/dags/restaurant_pipeline_dag.py for tasks to queue
[2026-09-19T20:18:43.434+0000] {logging_mixin.py:188} INFO - [2026-09-19T20:18:43.434+0000] {dagbag.py:545} INFO - Filling up the DagBag from /opt/airflow/dags/restaurant_pipeline_dag.py
[2026-09-19T20:18:43.439+0000] {logging_mixin.py:188} INFO - [2026-09-19T20:18:43.438+0000] {dagbag.py:355} ERROR - Failed to import: /opt/airflow/dags/restaurant_pipeline_dag.py
Traceback (most recent call last):
  File "/home/airflow/.local/lib/python3.12/site-packages/airflow/models/dagbag.py", line 351, in parse
    loader.exec_module(new_module)
  File "<frozen importlib._bootstrap_external>", line 991, in exec_module
  File "<frozen importlib._bootstrap_external>", line 1129, in get_code
  File "<frozen importlib._bootstrap_external>", line 1059, in source_to_code
  File "<frozen importlib._bootstrap>", line 488, in _call_with_frames_removed
  File "/opt/airflow/dags/restaurant_pipeline_dag.py", line 67
    
    ^
IndentationError: expected an indented block after 'with' statement on line 58
[2026-09-19T20:18:43.440+0000] {processor.py:842} WARNING - No viable dags retrieved from /opt/airflow/dags/restaurant_pipeline_dag.py
[2026-09-19T20:18:43.471+0000] {processor.py:183} INFO - Processing /opt/airflow/dags/restaurant_pipeline_dag.py took 0.051 seconds
[2026-09-19T20:19:13.687+0000] {processor.py:161} INFO - Started process (PID=2479) to work on /opt/airflow/dags/restaurant_pipeline_dag.py
[2026-09-19T20:19:13.689+0000] {processor.py:830} INFO - Processing file /opt/airflow/dags/restaurant_pipeline_dag.py for tasks to queue
[2026-09-19T20:19:13.690+0000] {logging_mixin.py:188} INFO - [2026-09-19T20:19:13.689+0000] {dagbag.py:545} INFO - Filling up the DagBag from /opt/airflow/dags/restaurant_pipeline_dag.py
[2026-09-19T20:19:13.694+0000] {logging_mixin.py:188} INFO - [2026-09-19T20:19:13.693+0000] {dagbag.py:355} ERROR - Failed to import: /opt/airflow/dags/restaurant_pipeline_dag.py
Traceback (most recent call last):
  File "/home/airflow/.local/lib/python3.12/site-packages/airflow/models/dagbag.py", line 351, in parse
    loader.exec_module(new_module)
  File "<frozen importlib._bootstrap_external>", line 991, in exec_module
  File "<frozen importlib._bootstrap_external>", line 1129, in get_code
  File "<frozen importlib._bootstrap_external>", line 1059, in source_to_code
  File "<frozen importlib._bootstrap>", line 488, in _call_with_frames_removed
  File "/opt/airflow/dags/restaurant_pipeline_dag.py", line 67
    
    ^
IndentationError: expected an indented block after 'with' statement on line 58
[2026-09-19T20:19:13.695+0000] {processor.py:842} WARNING - No viable dags retrieved from /opt/airflow/dags/restaurant_pipeline_dag.py
[2026-09-19T20:19:13.725+0000] {processor.py:183} INFO - Processing /opt/airflow/dags/restaurant_pipeline_dag.py took 0.050 seconds
[2026-09-19T20:19:43.939+0000] {processor.py:161} INFO - Started process (PID=2489) to work on /opt/airflow/dags/restaurant_pipeline_dag.py
[2026-09-19T20:19:43.939+0000] {processor.py:830} INFO - Processing file /opt/airflow/dags/restaurant_pipeline_dag.py for tasks to queue
[2026-09-19T20:19:43.940+0000] {logging_mixin.py:188} INFO - [2026-09-19T20:19:43.940+0000] {dagbag.py:545} INFO - Filling up the DagBag from /opt/airflow/dags/restaurant_pipeline_dag.py
[2026-09-19T20:19:43.945+0000] {logging_mixin.py:188} INFO - [2026-09-19T20:19:43.943+0000] {dagbag.py:355} ERROR - Failed to import: /opt/airflow/dags/restaurant_pipeline_dag.py
Traceback (most recent call last):
  File "/home/airflow/.local/lib/python3.12/site-packages/airflow/models/dagbag.py", line 351, in parse
    loader.exec_module(new_module)
  File "<frozen importlib._bootstrap_external>", line 991, in exec_module
  File "<frozen importlib._bootstrap_external>", line 1129, in get_code
  File "<frozen importlib._bootstrap_external>", line 1059, in source_to_code
  File "<frozen importlib._bootstrap>", line 488, in _call_with_frames_removed
  File "/opt/airflow/dags/restaurant_pipeline_dag.py", line 67
    
    ^
IndentationError: expected an indented block after 'with' statement on line 58
[2026-09-19T20:19:43.945+0000] {processor.py:842} WARNING - No viable dags retrieved from /opt/airflow/dags/restaurant_pipeline_dag.py
[2026-09-19T20:19:43.974+0000] {processor.py:183} INFO - Processing /opt/airflow/dags/restaurant_pipeline_dag.py took 0.042 seconds
[2026-09-19T20:20:14.172+0000] {processor.py:161} INFO - Started process (PID=2499) to work on /opt/airflow/dags/restaurant_pipeline_dag.py
[2026-09-19T20:20:14.174+0000] {processor.py:830} INFO - Processing file /opt/airflow/dags/restaurant_pipeline_dag.py for tasks to queue
[2026-09-19T20:20:14.175+0000] {logging_mixin.py:188} INFO - [2026-09-19T20:20:14.174+0000] {dagbag.py:545} INFO - Filling up the DagBag from /opt/airflow/dags/restaurant_pipeline_dag.py
[2026-09-19T20:20:14.182+0000] {logging_mixin.py:188} INFO - [2026-09-19T20:20:14.180+0000] {dagbag.py:355} ERROR - Failed to import: /opt/airflow/dags/restaurant_pipeline_dag.py
Traceback (most recent call last):
  File "/home/airflow/.local/lib/python3.12/site-packages/airflow/models/dagbag.py", line 351, in parse
    loader.exec_module(new_module)
  File "<frozen importlib._bootstrap_external>", line 991, in exec_module
  File "<frozen importlib._bootstrap_external>", line 1129, in get_code
  File "<frozen importlib._bootstrap_external>", line 1059, in source_to_code
  File "<frozen importlib._bootstrap>", line 488, in _call_with_frames_removed
  File "/opt/airflow/dags/restaurant_pipeline_dag.py", line 67
    
    ^
IndentationError: expected an indented block after 'with' statement on line 58
[2026-09-19T20:20:14.183+0000] {processor.py:842} WARNING - No viable dags retrieved from /opt/airflow/dags/restaurant_pipeline_dag.py
[2026-09-19T20:20:14.219+0000] {processor.py:183} INFO - Processing /opt/airflow/dags/restaurant_pipeline_dag.py took 0.055 seconds
[2026-09-19T20:20:44.415+0000] {processor.py:161} INFO - Started process (PID=2509) to work on /opt/airflow/dags/restaurant_pipeline_dag.py
[2026-09-19T20:20:44.416+0000] {processor.py:830} INFO - Processing file /opt/airflow/dags/restaurant_pipeline_dag.py for tasks to queue
[2026-09-19T20:20:44.417+0000] {logging_mixin.py:188} INFO - [2026-09-19T20:20:44.416+0000] {dagbag.py:545} INFO - Filling up the DagBag from /opt/airflow/dags/restaurant_pipeline_dag.py
[2026-09-19T20:20:44.425+0000] {logging_mixin.py:188} INFO - [2026-09-19T20:20:44.422+0000] {dagbag.py:355} ERROR - Failed to import: /opt/airflow/dags/restaurant_pipeline_dag.py
Traceback (most recent call last):
  File "/home/airflow/.local/lib/python3.12/site-packages/airflow/models/dagbag.py", line 351, in parse
    loader.exec_module(new_module)
  File "<frozen importlib._bootstrap_external>", line 991, in exec_module
  File "<frozen importlib._bootstrap_external>", line 1129, in get_code
  File "<frozen importlib._bootstrap_external>", line 1059, in source_to_code
  File "<frozen importlib._bootstrap>", line 488, in _call_with_frames_removed
  File "/opt/airflow/dags/restaurant_pipeline_dag.py", line 67
    
    ^
IndentationError: expected an indented block after 'with' statement on line 58
[2026-09-19T20:20:44.426+0000] {processor.py:842} WARNING - No viable dags retrieved from /opt/airflow/dags/restaurant_pipeline_dag.py
[2026-09-19T20:20:44.463+0000] {processor.py:183} INFO - Processing /opt/airflow/dags/restaurant_pipeline_dag.py took 0.059 seconds
[2026-09-19T20:20:46.439+0000] {processor.py:161} INFO - Started process (PID=2514) to work on /opt/airflow/dags/restaurant_pipeline_dag.py
[2026-09-19T20:20:46.440+0000] {processor.py:830} INFO - Processing file /opt/airflow/dags/restaurant_pipeline_dag.py for tasks to queue
[2026-09-19T20:20:46.441+0000] {logging_mixin.py:188} INFO - [2026-09-19T20:20:46.441+0000] {dagbag.py:545} INFO - Filling up the DagBag from /opt/airflow/dags/restaurant_pipeline_dag.py
[2026-09-19T20:20:46.446+0000] {logging_mixin.py:188} INFO - [2026-09-19T20:20:46.445+0000] {dagbag.py:355} ERROR - Failed to import: /opt/airflow/dags/restaurant_pipeline_dag.py
Traceback (most recent call last):
  File "/home/airflow/.local/lib/python3.12/site-packages/airflow/models/dagbag.py", line 351, in parse
    loader.exec_module(new_module)
  File "<frozen importlib._bootstrap_external>", line 991, in exec_module
  File "<frozen importlib._bootstrap_external>", line 1129, in get_code
  File "<frozen importlib._bootstrap_external>", line 1059, in source_to_code
  File "<frozen importlib._bootstrap>", line 488, in _call_with_frames_removed
  File "/opt/airflow/dags/restaurant_pipeline_dag.py", line 97
    
    ^
IndentationError: expected an indented block after 'with' statement on line 88
[2026-09-19T20:20:46.447+0000] {processor.py:842} WARNING - No viable dags retrieved from /opt/airflow/dags/restaurant_pipeline_dag.py
[2026-09-19T20:20:46.482+0000] {processor.py:183} INFO - Processing /opt/airflow/dags/restaurant_pipeline_dag.py took 0.050 seconds
[2026-09-19T20:21:12.724+0000] {processor.py:161} INFO - Started process (PID=2524) to work on /opt/airflow/dags/restaurant_pipeline_dag.py
[2026-09-19T20:21:12.725+0000] {processor.py:830} INFO - Processing file /opt/airflow/dags/restaurant_pipeline_dag.py for tasks to queue
[2026-09-19T20:21:12.726+0000] {logging_mixin.py:188} INFO - [2026-09-19T20:21:12.725+0000] {dagbag.py:545} INFO - Filling up the DagBag from /opt/airflow/dags/restaurant_pipeline_dag.py
[2026-09-19T20:21:12.733+0000] {logging_mixin.py:188} INFO - [2026-09-19T20:21:12.731+0000] {dagbag.py:355} ERROR - Failed to import: /opt/airflow/dags/restaurant_pipeline_dag.py
Traceback (most recent call last):
  File "/home/airflow/.local/lib/python3.12/site-packages/airflow/models/dagbag.py", line 351, in parse
    loader.exec_module(new_module)
  File "<frozen importlib._bootstrap_external>", line 991, in exec_module
  File "<frozen importlib._bootstrap_external>", line 1129, in get_code
  File "<frozen importlib._bootstrap_external>", line 1059, in source_to_code
  File "<frozen importlib._bootstrap>", line 488, in _call_with_frames_removed
  File "/opt/airflow/dags/restaurant_pipeline_dag.py", line 97
    
    ^
IndentationError: expected an indented block after 'with' statement on line 88
[2026-09-19T20:21:12.734+0000] {processor.py:842} WARNING - No viable dags retrieved from /opt/airflow/dags/restaurant_pipeline_dag.py
[2026-09-19T20:21:12.769+0000] {processor.py:183} INFO - Processing /opt/airflow/dags/restaurant_pipeline_dag.py took 0.055 seconds
[2026-09-19T20:21:42.973+0000] {processor.py:161} INFO - Started process (PID=2534) to work on /opt/airflow/dags/restaurant_pipeline_dag.py
[2026-09-19T20:21:42.974+0000] {processor.py:830} INFO - Processing file /opt/airflow/dags/restaurant_pipeline_dag.py for tasks to queue
[2026-09-19T20:21:42.975+0000] {logging_mixin.py:188} INFO - [2026-09-19T20:21:42.974+0000] {dagbag.py:545} INFO - Filling up the DagBag from /opt/airflow/dags/restaurant_pipeline_dag.py
[2026-09-19T20:21:42.979+0000] {logging_mixin.py:188} INFO - [2026-09-19T20:21:42.978+0000] {dagbag.py:355} ERROR - Failed to import: /opt/airflow/dags/restaurant_pipeline_dag.py
Traceback (most recent call last):
  File "/home/airflow/.local/lib/python3.12/site-packages/airflow/models/dagbag.py", line 351, in parse
    loader.exec_module(new_module)
  File "<frozen importlib._bootstrap_external>", line 991, in exec_module
  File "<frozen importlib._bootstrap_external>", line 1129, in get_code
  File "<frozen importlib._bootstrap_external>", line 1059, in source_to_code
  File "<frozen importlib._bootstrap>", line 488, in _call_with_frames_removed
  File "/opt/airflow/dags/restaurant_pipeline_dag.py", line 97
    
    ^
IndentationError: expected an indented block after 'with' statement on line 88
[2026-09-19T20:21:42.980+0000] {processor.py:842} WARNING - No viable dags retrieved from /opt/airflow/dags/restaurant_pipeline_dag.py
[2026-09-19T20:21:43.009+0000] {processor.py:183} INFO - Processing /opt/airflow/dags/restaurant_pipeline_dag.py took 0.043 seconds
[2026-09-19T20:22:13.204+0000] {processor.py:161} INFO - Started process (PID=2544) to work on /opt/airflow/dags/restaurant_pipeline_dag.py
[2026-09-19T20:22:13.205+0000] {processor.py:830} INFO - Processing file /opt/airflow/dags/restaurant_pipeline_dag.py for tasks to queue
[2026-09-19T20:22:13.206+0000] {logging_mixin.py:188} INFO - [2026-09-19T20:22:13.205+0000] {dagbag.py:545} INFO - Filling up the DagBag from /opt/airflow/dags/restaurant_pipeline_dag.py
[2026-09-19T20:22:13.211+0000] {logging_mixin.py:188} INFO - [2026-09-19T20:22:13.210+0000] {dagbag.py:355} ERROR - Failed to import: /opt/airflow/dags/restaurant_pipeline_dag.py
Traceback (most recent call last):
  File "/home/airflow/.local/lib/python3.12/site-packages/airflow/models/dagbag.py", line 351, in parse
    loader.exec_module(new_module)
  File "<frozen importlib._bootstrap_external>", line 991, in exec_module
  File "<frozen importlib._bootstrap_external>", line 1129, in get_code
  File "<frozen importlib._bootstrap_external>", line 1059, in source_to_code
  File "<frozen importlib._bootstrap>", line 488, in _call_with_frames_removed
  File "/opt/airflow/dags/restaurant_pipeline_dag.py", line 97
    
    ^
IndentationError: expected an indented block after 'with' statement on line 88
[2026-09-19T20:22:13.212+0000] {processor.py:842} WARNING - No viable dags retrieved from /opt/airflow/dags/restaurant_pipeline_dag.py
[2026-09-19T20:22:13.243+0000] {processor.py:183} INFO - Processing /opt/airflow/dags/restaurant_pipeline_dag.py took 0.046 seconds
[2026-09-19T20:22:43.425+0000] {processor.py:161} INFO - Started process (PID=2554) to work on /opt/airflow/dags/restaurant_pipeline_dag.py
[2026-09-19T20:22:43.426+0000] {processor.py:830} INFO - Processing file /opt/airflow/dags/restaurant_pipeline_dag.py for tasks to queue
[2026-09-19T20:22:43.427+0000] {logging_mixin.py:188} INFO - [2026-09-19T20:22:43.426+0000] {dagbag.py:545} INFO - Filling up the DagBag from /opt/airflow/dags/restaurant_pipeline_dag.py
[2026-09-19T20:22:43.435+0000] {logging_mixin.py:188} INFO - [2026-09-19T20:22:43.432+0000] {dagbag.py:355} ERROR - Failed to import: /opt/airflow/dags/restaurant_pipeline_dag.py
Traceback (most recent call last):
  File "/home/airflow/.local/lib/python3.12/site-packages/airflow/models/dagbag.py", line 351, in parse
    loader.exec_module(new_module)
  File "<frozen importlib._bootstrap_external>", line 991, in exec_module
  File "<frozen importlib._bootstrap_external>", line 1129, in get_code
  File "<frozen importlib._bootstrap_external>", line 1059, in source_to_code
  File "<frozen importlib._bootstrap>", line 488, in _call_with_frames_removed
  File "/opt/airflow/dags/restaurant_pipeline_dag.py", line 97
    
    ^
IndentationError: expected an indented block after 'with' statement on line 88
[2026-09-19T20:22:43.436+0000] {processor.py:842} WARNING - No viable dags retrieved from /opt/airflow/dags/restaurant_pipeline_dag.py
[2026-09-19T20:22:43.486+0000] {processor.py:183} INFO - Processing /opt/airflow/dags/restaurant_pipeline_dag.py took 0.069 seconds
[2026-09-19T20:23:13.709+0000] {processor.py:161} INFO - Started process (PID=2564) to work on /opt/airflow/dags/restaurant_pipeline_dag.py
[2026-09-19T20:23:13.709+0000] {processor.py:830} INFO - Processing file /opt/airflow/dags/restaurant_pipeline_dag.py for tasks to queue
[2026-09-19T20:23:13.710+0000] {logging_mixin.py:188} INFO - [2026-09-19T20:23:13.710+0000] {dagbag.py:545} INFO - Filling up the DagBag from /opt/airflow/dags/restaurant_pipeline_dag.py
[2026-09-19T20:23:13.715+0000] {logging_mixin.py:188} INFO - [2026-09-19T20:23:13.713+0000] {dagbag.py:355} ERROR - Failed to import: /opt/airflow/dags/restaurant_pipeline_dag.py
Traceback (most recent call last):
  File "/home/airflow/.local/lib/python3.12/site-packages/airflow/models/dagbag.py", line 351, in parse
    loader.exec_module(new_module)
  File "<frozen importlib._bootstrap_external>", line 991, in exec_module
  File "<frozen importlib._bootstrap_external>", line 1129, in get_code
  File "<frozen importlib._bootstrap_external>", line 1059, in source_to_code
  File "<frozen importlib._bootstrap>", line 488, in _call_with_frames_removed
  File "/opt/airflow/dags/restaurant_pipeline_dag.py", line 97
    
    ^
IndentationError: expected an indented block after 'with' statement on line 88
[2026-09-19T20:23:13.715+0000] {processor.py:842} WARNING - No viable dags retrieved from /opt/airflow/dags/restaurant_pipeline_dag.py
[2026-09-19T20:23:13.744+0000] {processor.py:183} INFO - Processing /opt/airflow/dags/restaurant_pipeline_dag.py took 0.042 seconds
[2026-09-19T20:23:43.953+0000] {processor.py:161} INFO - Started process (PID=2574) to work on /opt/airflow/dags/restaurant_pipeline_dag.py
[2026-09-19T20:23:43.954+0000] {processor.py:830} INFO - Processing file /opt/airflow/dags/restaurant_pipeline_dag.py for tasks to queue
[2026-09-19T20:23:43.955+0000] {logging_mixin.py:188} INFO - [2026-09-19T20:23:43.954+0000] {dagbag.py:545} INFO - Filling up the DagBag from /opt/airflow/dags/restaurant_pipeline_dag.py
[2026-09-19T20:23:43.959+0000] {logging_mixin.py:188} INFO - [2026-09-19T20:23:43.958+0000] {dagbag.py:355} ERROR - Failed to import: /opt/airflow/dags/restaurant_pipeline_dag.py
Traceback (most recent call last):
  File "/home/airflow/.local/lib/python3.12/site-packages/airflow/models/dagbag.py", line 351, in parse
    loader.exec_module(new_module)
  File "<frozen importlib._bootstrap_external>", line 991, in exec_module
  File "<frozen importlib._bootstrap_external>", line 1129, in get_code
  File "<frozen importlib._bootstrap_external>", line 1059, in source_to_code
  File "<frozen importlib._bootstrap>", line 488, in _call_with_frames_removed
  File "/opt/airflow/dags/restaurant_pipeline_dag.py", line 97
    
    ^
IndentationError: expected an indented block after 'with' statement on line 88
[2026-09-19T20:23:43.960+0000] {processor.py:842} WARNING - No viable dags retrieved from /opt/airflow/dags/restaurant_pipeline_dag.py
[2026-09-19T20:23:43.989+0000] {processor.py:183} INFO - Processing /opt/airflow/dags/restaurant_pipeline_dag.py took 0.043 seconds
[2026-09-19T20:24:14.192+0000] {processor.py:161} INFO - Started process (PID=2584) to work on /opt/airflow/dags/restaurant_pipeline_dag.py
[2026-09-19T20:24:14.193+0000] {processor.py:830} INFO - Processing file /opt/airflow/dags/restaurant_pipeline_dag.py for tasks to queue
[2026-09-19T20:24:14.194+0000] {logging_mixin.py:188} INFO - [2026-09-19T20:24:14.193+0000] {dagbag.py:545} INFO - Filling up the DagBag from /opt/airflow/dags/restaurant_pipeline_dag.py
[2026-09-19T20:24:14.202+0000] {logging_mixin.py:188} INFO - [2026-09-19T20:24:14.199+0000] {dagbag.py:355} ERROR - Failed to import: /opt/airflow/dags/restaurant_pipeline_dag.py
Traceback (most recent call last):
  File "/home/airflow/.local/lib/python3.12/site-packages/airflow/models/dagbag.py", line 351, in parse
    loader.exec_module(new_module)
  File "<frozen importlib._bootstrap_external>", line 991, in exec_module
  File "<frozen importlib._bootstrap_external>", line 1129, in get_code
  File "<frozen importlib._bootstrap_external>", line 1059, in source_to_code
  File "<frozen importlib._bootstrap>", line 488, in _call_with_frames_removed
  File "/opt/airflow/dags/restaurant_pipeline_dag.py", line 97
    
    ^
IndentationError: expected an indented block after 'with' statement on line 88
[2026-09-19T20:24:14.203+0000] {processor.py:842} WARNING - No viable dags retrieved from /opt/airflow/dags/restaurant_pipeline_dag.py
[2026-09-19T20:24:14.253+0000] {processor.py:183} INFO - Processing /opt/airflow/dags/restaurant_pipeline_dag.py took 0.067 seconds
[2026-09-19T20:24:44.470+0000] {processor.py:161} INFO - Started process (PID=2594) to work on /opt/airflow/dags/restaurant_pipeline_dag.py
[2026-09-19T20:24:44.473+0000] {processor.py:830} INFO - Processing file /opt/airflow/dags/restaurant_pipeline_dag.py for tasks to queue
[2026-09-19T20:24:44.475+0000] {logging_mixin.py:188} INFO - [2026-09-19T20:24:44.474+0000] {dagbag.py:545} INFO - Filling up the DagBag from /opt/airflow/dags/restaurant_pipeline_dag.py
[2026-09-19T20:24:44.485+0000] {logging_mixin.py:188} INFO - [2026-09-19T20:24:44.481+0000] {dagbag.py:355} ERROR - Failed to import: /opt/airflow/dags/restaurant_pipeline_dag.py
Traceback (most recent call last):
  File "/home/airflow/.local/lib/python3.12/site-packages/airflow/models/dagbag.py", line 351, in parse
    loader.exec_module(new_module)
  File "<frozen importlib._bootstrap_external>", line 991, in exec_module
  File "<frozen importlib._bootstrap_external>", line 1129, in get_code
  File "<frozen importlib._bootstrap_external>", line 1059, in source_to_code
  File "<frozen importlib._bootstrap>", line 488, in _call_with_frames_removed
  File "/opt/airflow/dags/restaurant_pipeline_dag.py", line 97
    
    ^
IndentationError: expected an indented block after 'with' statement on line 88
[2026-09-19T20:24:44.487+0000] {processor.py:842} WARNING - No viable dags retrieved from /opt/airflow/dags/restaurant_pipeline_dag.py
[2026-09-19T20:24:44.532+0000] {processor.py:183} INFO - Processing /opt/airflow/dags/restaurant_pipeline_dag.py took 0.079 seconds
[2026-09-19T20:25:10.717+0000] {processor.py:161} INFO - Started process (PID=2599) to work on /opt/airflow/dags/restaurant_pipeline_dag.py
[2026-09-19T20:25:10.718+0000] {processor.py:830} INFO - Processing file /opt/airflow/dags/restaurant_pipeline_dag.py for tasks to queue
[2026-09-19T20:25:10.719+0000] {logging_mixin.py:188} INFO - [2026-09-19T20:25:10.719+0000] {dagbag.py:545} INFO - Filling up the DagBag from /opt/airflow/dags/restaurant_pipeline_dag.py
[2026-09-19T20:25:10.725+0000] {logging_mixin.py:188} INFO - [2026-09-19T20:25:10.723+0000] {dagbag.py:355} ERROR - Failed to import: /opt/airflow/dags/restaurant_pipeline_dag.py
Traceback (most recent call last):
  File "/home/airflow/.local/lib/python3.12/site-packages/airflow/models/dagbag.py", line 351, in parse
    loader.exec_module(new_module)
  File "<frozen importlib._bootstrap_external>", line 991, in exec_module
  File "<frozen importlib._bootstrap_external>", line 1129, in get_code
  File "<frozen importlib._bootstrap_external>", line 1059, in source_to_code
  File "<frozen importlib._bootstrap>", line 488, in _call_with_frames_removed
  File "/opt/airflow/dags/restaurant_pipeline_dag.py", line 99
    
    ^
IndentationError: expected an indented block after 'with' statement on line 90
[2026-09-19T20:25:10.725+0000] {processor.py:842} WARNING - No viable dags retrieved from /opt/airflow/dags/restaurant_pipeline_dag.py
[2026-09-19T20:25:10.756+0000] {processor.py:183} INFO - Processing /opt/airflow/dags/restaurant_pipeline_dag.py took 0.051 seconds
[2026-09-19T20:25:41.003+0000] {processor.py:161} INFO - Started process (PID=2609) to work on /opt/airflow/dags/restaurant_pipeline_dag.py
[2026-09-19T20:25:41.004+0000] {processor.py:830} INFO - Processing file /opt/airflow/dags/restaurant_pipeline_dag.py for tasks to queue
[2026-09-19T20:25:41.005+0000] {logging_mixin.py:188} INFO - [2026-09-19T20:25:41.005+0000] {dagbag.py:545} INFO - Filling up the DagBag from /opt/airflow/dags/restaurant_pipeline_dag.py
[2026-09-19T20:25:41.011+0000] {logging_mixin.py:188} INFO - [2026-09-19T20:25:41.009+0000] {dagbag.py:355} ERROR - Failed to import: /opt/airflow/dags/restaurant_pipeline_dag.py
Traceback (most recent call last):
  File "/home/airflow/.local/lib/python3.12/site-packages/airflow/models/dagbag.py", line 351, in parse
    loader.exec_module(new_module)
  File "<frozen importlib._bootstrap_external>", line 991, in exec_module
  File "<frozen importlib._bootstrap_external>", line 1129, in get_code
  File "<frozen importlib._bootstrap_external>", line 1059, in source_to_code
  File "<frozen importlib._bootstrap>", line 488, in _call_with_frames_removed
  File "/opt/airflow/dags/restaurant_pipeline_dag.py", line 99
    
    ^
IndentationError: expected an indented block after 'with' statement on line 90
[2026-09-19T20:25:41.011+0000] {processor.py:842} WARNING - No viable dags retrieved from /opt/airflow/dags/restaurant_pipeline_dag.py
[2026-09-19T20:25:41.047+0000] {processor.py:183} INFO - Processing /opt/airflow/dags/restaurant_pipeline_dag.py took 0.052 seconds
[2026-09-19T20:26:01.217+0000] {processor.py:161} INFO - Started process (PID=2619) to work on /opt/airflow/dags/restaurant_pipeline_dag.py
[2026-09-19T20:26:01.217+0000] {processor.py:830} INFO - Processing file /opt/airflow/dags/restaurant_pipeline_dag.py for tasks to queue
[2026-09-19T20:26:01.218+0000] {logging_mixin.py:188} INFO - [2026-09-19T20:26:01.218+0000] {dagbag.py:545} INFO - Filling up the DagBag from /opt/airflow/dags/restaurant_pipeline_dag.py
[2026-09-19T20:26:01.224+0000] {logging_mixin.py:188} INFO - [2026-09-19T20:26:01.222+0000] {dagbag.py:355} ERROR - Failed to import: /opt/airflow/dags/restaurant_pipeline_dag.py
Traceback (most recent call last):
  File "/home/airflow/.local/lib/python3.12/site-packages/airflow/models/dagbag.py", line 351, in parse
    loader.exec_module(new_module)
  File "<frozen importlib._bootstrap_external>", line 991, in exec_module
  File "<frozen importlib._bootstrap_external>", line 1129, in get_code
  File "<frozen importlib._bootstrap_external>", line 1059, in source_to_code
  File "<frozen importlib._bootstrap>", line 488, in _call_with_frames_removed
  File "/opt/airflow/dags/restaurant_pipeline_dag.py", line 100
    ) as dag:
             ^
IndentationError: expected an indented block after 'with' statement on line 92
[2026-09-19T20:26:01.224+0000] {processor.py:842} WARNING - No viable dags retrieved from /opt/airflow/dags/restaurant_pipeline_dag.py
[2026-09-19T20:26:01.255+0000] {processor.py:183} INFO - Processing /opt/airflow/dags/restaurant_pipeline_dag.py took 0.049 seconds
[2026-09-19T20:26:31.632+0000] {processor.py:161} INFO - Started process (PID=2634) to work on /opt/airflow/dags/restaurant_pipeline_dag.py
[2026-09-19T20:26:31.633+0000] {processor.py:830} INFO - Processing file /opt/airflow/dags/restaurant_pipeline_dag.py for tasks to queue
[2026-09-19T20:26:31.634+0000] {logging_mixin.py:188} INFO - [2026-09-19T20:26:31.634+0000] {dagbag.py:545} INFO - Filling up the DagBag from /opt/airflow/dags/restaurant_pipeline_dag.py
[2026-09-19T20:26:31.639+0000] {logging_mixin.py:188} INFO - [2026-09-19T20:26:31.638+0000] {dagbag.py:355} ERROR - Failed to import: /opt/airflow/dags/restaurant_pipeline_dag.py
Traceback (most recent call last):
  File "/home/airflow/.local/lib/python3.12/site-packages/airflow/models/dagbag.py", line 351, in parse
    loader.exec_module(new_module)
  File "<frozen importlib._bootstrap_external>", line 991, in exec_module
  File "<frozen importlib._bootstrap_external>", line 1129, in get_code
  File "<frozen importlib._bootstrap_external>", line 1059, in source_to_code
  File "<frozen importlib._bootstrap>", line 488, in _call_with_frames_removed
  File "/opt/airflow/dags/restaurant_pipeline_dag.py", line 100
    ) as dag:
             ^
IndentationError: expected an indented block after 'with' statement on line 92
[2026-09-19T20:26:31.640+0000] {processor.py:842} WARNING - No viable dags retrieved from /opt/airflow/dags/restaurant_pipeline_dag.py
[2026-09-19T20:26:31.669+0000] {processor.py:183} INFO - Processing /opt/airflow/dags/restaurant_pipeline_dag.py took 0.044 seconds
[2026-09-19T20:27:01.885+0000] {processor.py:161} INFO - Started process (PID=2644) to work on /opt/airflow/dags/restaurant_pipeline_dag.py
[2026-09-19T20:27:01.886+0000] {processor.py:830} INFO - Processing file /opt/airflow/dags/restaurant_pipeline_dag.py for tasks to queue
[2026-09-19T20:27:01.887+0000] {logging_mixin.py:188} INFO - [2026-09-19T20:27:01.886+0000] {dagbag.py:545} INFO - Filling up the DagBag from /opt/airflow/dags/restaurant_pipeline_dag.py
[2026-09-19T20:27:01.894+0000] {logging_mixin.py:188} INFO - [2026-09-19T20:27:01.891+0000] {dagbag.py:355} ERROR - Failed to import: /opt/airflow/dags/restaurant_pipeline_dag.py
Traceback (most recent call last):
  File "/home/airflow/.local/lib/python3.12/site-packages/airflow/models/dagbag.py", line 351, in parse
    loader.exec_module(new_module)
  File "<frozen importlib._bootstrap_external>", line 991, in exec_module
  File "<frozen importlib._bootstrap_external>", line 1129, in get_code
  File "<frozen importlib._bootstrap_external>", line 1059, in source_to_code
  File "<frozen importlib._bootstrap>", line 488, in _call_with_frames_removed
  File "/opt/airflow/dags/restaurant_pipeline_dag.py", line 100
    ) as dag:
             ^
IndentationError: expected an indented block after 'with' statement on line 92
[2026-09-19T20:27:01.895+0000] {processor.py:842} WARNING - No viable dags retrieved from /opt/airflow/dags/restaurant_pipeline_dag.py
[2026-09-19T20:27:01.932+0000] {processor.py:183} INFO - Processing /opt/airflow/dags/restaurant_pipeline_dag.py took 0.058 seconds
[2026-09-19T20:27:32.176+0000] {processor.py:161} INFO - Started process (PID=2654) to work on /opt/airflow/dags/restaurant_pipeline_dag.py
[2026-09-19T20:27:32.177+0000] {processor.py:830} INFO - Processing file /opt/airflow/dags/restaurant_pipeline_dag.py for tasks to queue
[2026-09-19T20:27:32.178+0000] {logging_mixin.py:188} INFO - [2026-09-19T20:27:32.178+0000] {dagbag.py:545} INFO - Filling up the DagBag from /opt/airflow/dags/restaurant_pipeline_dag.py
[2026-09-19T20:27:32.185+0000] {logging_mixin.py:188} INFO - [2026-09-19T20:27:32.184+0000] {dagbag.py:355} ERROR - Failed to import: /opt/airflow/dags/restaurant_pipeline_dag.py
Traceback (most recent call last):
  File "/home/airflow/.local/lib/python3.12/site-packages/airflow/models/dagbag.py", line 351, in parse
    loader.exec_module(new_module)
  File "<frozen importlib._bootstrap_external>", line 991, in exec_module
  File "<frozen importlib._bootstrap_external>", line 1129, in get_code
  File "<frozen importlib._bootstrap_external>", line 1059, in source_to_code
  File "<frozen importlib._bootstrap>", line 488, in _call_with_frames_removed
  File "/opt/airflow/dags/restaurant_pipeline_dag.py", line 100
    ) as dag:
             ^
IndentationError: expected an indented block after 'with' statement on line 92
[2026-09-19T20:27:32.187+0000] {processor.py:842} WARNING - No viable dags retrieved from /opt/airflow/dags/restaurant_pipeline_dag.py
[2026-09-19T20:27:32.226+0000] {processor.py:183} INFO - Processing /opt/airflow/dags/restaurant_pipeline_dag.py took 0.059 seconds
[2026-09-19T20:28:02.472+0000] {processor.py:161} INFO - Started process (PID=2664) to work on /opt/airflow/dags/restaurant_pipeline_dag.py
[2026-09-19T20:28:02.473+0000] {processor.py:830} INFO - Processing file /opt/airflow/dags/restaurant_pipeline_dag.py for tasks to queue
[2026-09-19T20:28:02.474+0000] {logging_mixin.py:188} INFO - [2026-09-19T20:28:02.473+0000] {dagbag.py:545} INFO - Filling up the DagBag from /opt/airflow/dags/restaurant_pipeline_dag.py
[2026-09-19T20:28:02.478+0000] {logging_mixin.py:188} INFO - [2026-09-19T20:28:02.477+0000] {dagbag.py:355} ERROR - Failed to import: /opt/airflow/dags/restaurant_pipeline_dag.py
Traceback (most recent call last):
  File "/home/airflow/.local/lib/python3.12/site-packages/airflow/models/dagbag.py", line 351, in parse
    loader.exec_module(new_module)
  File "<frozen importlib._bootstrap_external>", line 991, in exec_module
  File "<frozen importlib._bootstrap_external>", line 1129, in get_code
  File "<frozen importlib._bootstrap_external>", line 1059, in source_to_code
  File "<frozen importlib._bootstrap>", line 488, in _call_with_frames_removed
  File "/opt/airflow/dags/restaurant_pipeline_dag.py", line 100
    ) as dag:
             ^
IndentationError: expected an indented block after 'with' statement on line 92
[2026-09-19T20:28:02.479+0000] {processor.py:842} WARNING - No viable dags retrieved from /opt/airflow/dags/restaurant_pipeline_dag.py
[2026-09-19T20:28:02.508+0000] {processor.py:183} INFO - Processing /opt/airflow/dags/restaurant_pipeline_dag.py took 0.045 seconds
[2026-09-19T20:28:17.573+0000] {processor.py:161} INFO - Started process (PID=2669) to work on /opt/airflow/dags/restaurant_pipeline_dag.py
[2026-09-19T20:28:17.576+0000] {processor.py:830} INFO - Processing file /opt/airflow/dags/restaurant_pipeline_dag.py for tasks to queue
[2026-09-19T20:28:17.577+0000] {logging_mixin.py:188} INFO - [2026-09-19T20:28:17.577+0000] {dagbag.py:545} INFO - Filling up the DagBag from /opt/airflow/dags/restaurant_pipeline_dag.py
[2026-09-19T20:28:17.584+0000] {logging_mixin.py:188} INFO - [2026-09-19T20:28:17.582+0000] {dagbag.py:355} ERROR - Failed to import: /opt/airflow/dags/restaurant_pipeline_dag.py
Traceback (most recent call last):
  File "/home/airflow/.local/lib/python3.12/site-packages/airflow/models/dagbag.py", line 351, in parse
    loader.exec_module(new_module)
  File "<frozen importlib._bootstrap_external>", line 991, in exec_module
  File "<frozen importlib._bootstrap_external>", line 1129, in get_code
  File "<frozen importlib._bootstrap_external>", line 1059, in source_to_code
  File "<frozen importlib._bootstrap>", line 488, in _call_with_frames_removed
  File "/opt/airflow/dags/restaurant_pipeline_dag.py", line 110
    ) as dag:
             ^
IndentationError: expected an indented block after 'with' statement on line 102
[2026-09-19T20:28:17.585+0000] {processor.py:842} WARNING - No viable dags retrieved from /opt/airflow/dags/restaurant_pipeline_dag.py
[2026-09-19T20:28:17.620+0000] {processor.py:183} INFO - Processing /opt/airflow/dags/restaurant_pipeline_dag.py took 0.057 seconds
[2026-09-19T20:28:21.680+0000] {processor.py:161} INFO - Started process (PID=2679) to work on /opt/airflow/dags/restaurant_pipeline_dag.py
[2026-09-19T20:28:21.681+0000] {processor.py:830} INFO - Processing file /opt/airflow/dags/restaurant_pipeline_dag.py for tasks to queue
[2026-09-19T20:28:21.682+0000] {logging_mixin.py:188} INFO - [2026-09-19T20:28:21.681+0000] {dagbag.py:545} INFO - Filling up the DagBag from /opt/airflow/dags/restaurant_pipeline_dag.py
[2026-09-19T20:28:21.687+0000] {logging_mixin.py:188} INFO - [2026-09-19T20:28:21.685+0000] {dagbag.py:355} ERROR - Failed to import: /opt/airflow/dags/restaurant_pipeline_dag.py
Traceback (most recent call last):
  File "/home/airflow/.local/lib/python3.12/site-packages/airflow/models/dagbag.py", line 351, in parse
    loader.exec_module(new_module)
  File "<frozen importlib._bootstrap_external>", line 991, in exec_module
  File "<frozen importlib._bootstrap_external>", line 1129, in get_code
  File "<frozen importlib._bootstrap_external>", line 1059, in source_to_code
  File "<frozen importlib._bootstrap>", line 488, in _call_with_frames_removed
  File "/opt/airflow/dags/restaurant_pipeline_dag.py", line 109
    ) as dag:
             ^
IndentationError: expected an indented block after 'with' statement on line 101
[2026-09-19T20:28:21.687+0000] {processor.py:842} WARNING - No viable dags retrieved from /opt/airflow/dags/restaurant_pipeline_dag.py
[2026-09-19T20:28:21.717+0000] {processor.py:183} INFO - Processing /opt/airflow/dags/restaurant_pipeline_dag.py took 0.044 seconds
[2026-09-19T20:28:51.948+0000] {processor.py:161} INFO - Started process (PID=2689) to work on /opt/airflow/dags/restaurant_pipeline_dag.py
[2026-09-19T20:28:51.949+0000] {processor.py:830} INFO - Processing file /opt/airflow/dags/restaurant_pipeline_dag.py for tasks to queue
[2026-09-19T20:28:51.950+0000] {logging_mixin.py:188} INFO - [2026-09-19T20:28:51.949+0000] {dagbag.py:545} INFO - Filling up the DagBag from /opt/airflow/dags/restaurant_pipeline_dag.py
[2026-09-19T20:28:51.956+0000] {logging_mixin.py:188} INFO - [2026-09-19T20:28:51.954+0000] {dagbag.py:355} ERROR - Failed to import: /opt/airflow/dags/restaurant_pipeline_dag.py
Traceback (most recent call last):
  File "/home/airflow/.local/lib/python3.12/site-packages/airflow/models/dagbag.py", line 351, in parse
    loader.exec_module(new_module)
  File "<frozen importlib._bootstrap_external>", line 991, in exec_module
  File "<frozen importlib._bootstrap_external>", line 1129, in get_code
  File "<frozen importlib._bootstrap_external>", line 1059, in source_to_code
  File "<frozen importlib._bootstrap>", line 488, in _call_with_frames_removed
  File "/opt/airflow/dags/restaurant_pipeline_dag.py", line 109
    ) as dag:
             ^
IndentationError: expected an indented block after 'with' statement on line 101
[2026-09-19T20:28:51.957+0000] {processor.py:842} WARNING - No viable dags retrieved from /opt/airflow/dags/restaurant_pipeline_dag.py
[2026-09-19T20:28:51.987+0000] {processor.py:183} INFO - Processing /opt/airflow/dags/restaurant_pipeline_dag.py took 0.048 seconds
[2026-09-19T20:29:22.207+0000] {processor.py:161} INFO - Started process (PID=2699) to work on /opt/airflow/dags/restaurant_pipeline_dag.py
[2026-09-19T20:29:22.208+0000] {processor.py:830} INFO - Processing file /opt/airflow/dags/restaurant_pipeline_dag.py for tasks to queue
[2026-09-19T20:29:22.209+0000] {logging_mixin.py:188} INFO - [2026-09-19T20:29:22.209+0000] {dagbag.py:545} INFO - Filling up the DagBag from /opt/airflow/dags/restaurant_pipeline_dag.py
[2026-09-19T20:29:22.215+0000] {logging_mixin.py:188} INFO - [2026-09-19T20:29:22.213+0000] {dagbag.py:355} ERROR - Failed to import: /opt/airflow/dags/restaurant_pipeline_dag.py
Traceback (most recent call last):
  File "/home/airflow/.local/lib/python3.12/site-packages/airflow/models/dagbag.py", line 351, in parse
    loader.exec_module(new_module)
  File "<frozen importlib._bootstrap_external>", line 991, in exec_module
  File "<frozen importlib._bootstrap_external>", line 1129, in get_code
  File "<frozen importlib._bootstrap_external>", line 1059, in source_to_code
  File "<frozen importlib._bootstrap>", line 488, in _call_with_frames_removed
  File "/opt/airflow/dags/restaurant_pipeline_dag.py", line 109
    ) as dag:
             ^
IndentationError: expected an indented block after 'with' statement on line 101
[2026-09-19T20:29:22.215+0000] {processor.py:842} WARNING - No viable dags retrieved from /opt/airflow/dags/restaurant_pipeline_dag.py
[2026-09-19T20:29:22.241+0000] {processor.py:183} INFO - Processing /opt/airflow/dags/restaurant_pipeline_dag.py took 0.041 seconds
[2026-09-19T20:29:52.441+0000] {processor.py:161} INFO - Started process (PID=2709) to work on /opt/airflow/dags/restaurant_pipeline_dag.py
[2026-09-19T20:29:52.442+0000] {processor.py:830} INFO - Processing file /opt/airflow/dags/restaurant_pipeline_dag.py for tasks to queue
[2026-09-19T20:29:52.443+0000] {logging_mixin.py:188} INFO - [2026-09-19T20:29:52.442+0000] {dagbag.py:545} INFO - Filling up the DagBag from /opt/airflow/dags/restaurant_pipeline_dag.py
[2026-09-19T20:29:52.448+0000] {logging_mixin.py:188} INFO - [2026-09-19T20:29:52.447+0000] {dagbag.py:355} ERROR - Failed to import: /opt/airflow/dags/restaurant_pipeline_dag.py
Traceback (most recent call last):
  File "/home/airflow/.local/lib/python3.12/site-packages/airflow/models/dagbag.py", line 351, in parse
    loader.exec_module(new_module)
  File "<frozen importlib._bootstrap_external>", line 991, in exec_module
  File "<frozen importlib._bootstrap_external>", line 1129, in get_code
  File "<frozen importlib._bootstrap_external>", line 1059, in source_to_code
  File "<frozen importlib._bootstrap>", line 488, in _call_with_frames_removed
  File "/opt/airflow/dags/restaurant_pipeline_dag.py", line 109
    ) as dag:
             ^
IndentationError: expected an indented block after 'with' statement on line 101
[2026-09-19T20:29:52.449+0000] {processor.py:842} WARNING - No viable dags retrieved from /opt/airflow/dags/restaurant_pipeline_dag.py
[2026-09-19T20:29:52.478+0000] {processor.py:183} INFO - Processing /opt/airflow/dags/restaurant_pipeline_dag.py took 0.045 seconds
[2026-09-19T20:30:22.670+0000] {processor.py:161} INFO - Started process (PID=2719) to work on /opt/airflow/dags/restaurant_pipeline_dag.py
[2026-09-19T20:30:22.671+0000] {processor.py:830} INFO - Processing file /opt/airflow/dags/restaurant_pipeline_dag.py for tasks to queue
[2026-09-19T20:30:22.672+0000] {logging_mixin.py:188} INFO - [2026-09-19T20:30:22.671+0000] {dagbag.py:545} INFO - Filling up the DagBag from /opt/airflow/dags/restaurant_pipeline_dag.py
[2026-09-19T20:30:22.677+0000] {logging_mixin.py:188} INFO - [2026-09-19T20:30:22.676+0000] {dagbag.py:355} ERROR - Failed to import: /opt/airflow/dags/restaurant_pipeline_dag.py
Traceback (most recent call last):
  File "/home/airflow/.local/lib/python3.12/site-packages/airflow/models/dagbag.py", line 351, in parse
    loader.exec_module(new_module)
  File "<frozen importlib._bootstrap_external>", line 991, in exec_module
  File "<frozen importlib._bootstrap_external>", line 1129, in get_code
  File "<frozen importlib._bootstrap_external>", line 1059, in source_to_code
  File "<frozen importlib._bootstrap>", line 488, in _call_with_frames_removed
  File "/opt/airflow/dags/restaurant_pipeline_dag.py", line 109
    ) as dag:
             ^
IndentationError: expected an indented block after 'with' statement on line 101
[2026-09-19T20:30:22.677+0000] {processor.py:842} WARNING - No viable dags retrieved from /opt/airflow/dags/restaurant_pipeline_dag.py
[2026-09-19T20:30:22.707+0000] {processor.py:183} INFO - Processing /opt/airflow/dags/restaurant_pipeline_dag.py took 0.044 seconds
[2026-09-19T20:30:33.750+0000] {processor.py:161} INFO - Started process (PID=2724) to work on /opt/airflow/dags/restaurant_pipeline_dag.py
[2026-09-19T20:30:33.751+0000] {processor.py:830} INFO - Processing file /opt/airflow/dags/restaurant_pipeline_dag.py for tasks to queue
[2026-09-19T20:30:33.752+0000] {logging_mixin.py:188} INFO - [2026-09-19T20:30:33.752+0000] {dagbag.py:545} INFO - Filling up the DagBag from /opt/airflow/dags/restaurant_pipeline_dag.py
[2026-09-19T20:30:33.763+0000] {logging_mixin.py:188} INFO - [2026-09-19T20:30:33.760+0000] {dagbag.py:355} ERROR - Failed to import: /opt/airflow/dags/restaurant_pipeline_dag.py
Traceback (most recent call last):
  File "/home/airflow/.local/lib/python3.12/site-packages/airflow/models/dagbag.py", line 351, in parse
    loader.exec_module(new_module)
  File "<frozen importlib._bootstrap_external>", line 995, in exec_module
  File "<frozen importlib._bootstrap>", line 488, in _call_with_frames_removed
  File "/opt/airflow/dags/restaurant_pipeline_dag.py", line 110, in <module>
    generate_task = PythonOperator(
                    ^^^^^^^^^^^^^^^
  File "/home/airflow/.local/lib/python3.12/site-packages/airflow/models/baseoperator.py", line 468, in apply_defaults
    raise AirflowException(f"missing keyword argument {missing_args.pop()!r}")
airflow.exceptions.AirflowException: missing keyword argument 'python_callable'
[2026-09-19T20:30:33.764+0000] {processor.py:842} WARNING - No viable dags retrieved from /opt/airflow/dags/restaurant_pipeline_dag.py
[2026-09-19T20:30:33.792+0000] {processor.py:183} INFO - Processing /opt/airflow/dags/restaurant_pipeline_dag.py took 0.049 seconds
[2026-09-19T20:31:04.014+0000] {processor.py:161} INFO - Started process (PID=2734) to work on /opt/airflow/dags/restaurant_pipeline_dag.py
[2026-09-19T20:31:04.015+0000] {processor.py:830} INFO - Processing file /opt/airflow/dags/restaurant_pipeline_dag.py for tasks to queue
[2026-09-19T20:31:04.016+0000] {logging_mixin.py:188} INFO - [2026-09-19T20:31:04.015+0000] {dagbag.py:545} INFO - Filling up the DagBag from /opt/airflow/dags/restaurant_pipeline_dag.py
[2026-09-19T20:31:04.028+0000] {logging_mixin.py:188} INFO - [2026-09-19T20:31:04.025+0000] {dagbag.py:355} ERROR - Failed to import: /opt/airflow/dags/restaurant_pipeline_dag.py
Traceback (most recent call last):
  File "/home/airflow/.local/lib/python3.12/site-packages/airflow/models/dagbag.py", line 351, in parse
    loader.exec_module(new_module)
  File "<frozen importlib._bootstrap_external>", line 995, in exec_module
  File "<frozen importlib._bootstrap>", line 488, in _call_with_frames_removed
  File "/opt/airflow/dags/restaurant_pipeline_dag.py", line 110, in <module>
    generate_task = PythonOperator(
                    ^^^^^^^^^^^^^^^
  File "/home/airflow/.local/lib/python3.12/site-packages/airflow/models/baseoperator.py", line 468, in apply_defaults
    raise AirflowException(f"missing keyword argument {missing_args.pop()!r}")
airflow.exceptions.AirflowException: missing keyword argument 'python_callable'
[2026-09-19T20:31:04.029+0000] {processor.py:842} WARNING - No viable dags retrieved from /opt/airflow/dags/restaurant_pipeline_dag.py
[2026-09-19T20:31:04.064+0000] {processor.py:183} INFO - Processing /opt/airflow/dags/restaurant_pipeline_dag.py took 0.057 seconds
[2026-09-19T20:31:34.296+0000] {processor.py:161} INFO - Started process (PID=2744) to work on /opt/airflow/dags/restaurant_pipeline_dag.py
[2026-09-19T20:31:34.297+0000] {processor.py:830} INFO - Processing file /opt/airflow/dags/restaurant_pipeline_dag.py for tasks to queue
[2026-09-19T20:31:34.298+0000] {logging_mixin.py:188} INFO - [2026-09-19T20:31:34.297+0000] {dagbag.py:545} INFO - Filling up the DagBag from /opt/airflow/dags/restaurant_pipeline_dag.py
[2026-09-19T20:31:34.309+0000] {logging_mixin.py:188} INFO - [2026-09-19T20:31:34.306+0000] {dagbag.py:355} ERROR - Failed to import: /opt/airflow/dags/restaurant_pipeline_dag.py
Traceback (most recent call last):
  File "/home/airflow/.local/lib/python3.12/site-packages/airflow/models/dagbag.py", line 351, in parse
    loader.exec_module(new_module)
  File "<frozen importlib._bootstrap_external>", line 995, in exec_module
  File "<frozen importlib._bootstrap>", line 488, in _call_with_frames_removed
  File "/opt/airflow/dags/restaurant_pipeline_dag.py", line 110, in <module>
    generate_task = PythonOperator(
                    ^^^^^^^^^^^^^^^
  File "/home/airflow/.local/lib/python3.12/site-packages/airflow/models/baseoperator.py", line 468, in apply_defaults
    raise AirflowException(f"missing keyword argument {missing_args.pop()!r}")
airflow.exceptions.AirflowException: missing keyword argument 'python_callable'
[2026-09-19T20:31:34.310+0000] {processor.py:842} WARNING - No viable dags retrieved from /opt/airflow/dags/restaurant_pipeline_dag.py
[2026-09-19T20:31:34.340+0000] {processor.py:183} INFO - Processing /opt/airflow/dags/restaurant_pipeline_dag.py took 0.050 seconds
[2026-09-19T20:32:04.544+0000] {processor.py:161} INFO - Started process (PID=2754) to work on /opt/airflow/dags/restaurant_pipeline_dag.py
[2026-09-19T20:32:04.545+0000] {processor.py:830} INFO - Processing file /opt/airflow/dags/restaurant_pipeline_dag.py for tasks to queue
[2026-09-19T20:32:04.546+0000] {logging_mixin.py:188} INFO - [2026-09-19T20:32:04.546+0000] {dagbag.py:545} INFO - Filling up the DagBag from /opt/airflow/dags/restaurant_pipeline_dag.py
[2026-09-19T20:32:04.558+0000] {processor.py:840} INFO - DAG(s) 'restaurant_pipeline' retrieved from /opt/airflow/dags/restaurant_pipeline_dag.py
[2026-09-19T20:32:04.869+0000] {logging_mixin.py:188} INFO - [2026-09-19T20:32:04.868+0000] {override.py:1858} INFO - Created Permission View: can read on DAG:restaurant_pipeline
[2026-09-19T20:32:04.884+0000] {logging_mixin.py:188} INFO - [2026-09-19T20:32:04.883+0000] {override.py:1858} INFO - Created Permission View: can delete on DAG:restaurant_pipeline
[2026-09-19T20:32:04.895+0000] {logging_mixin.py:188} INFO - [2026-09-19T20:32:04.895+0000] {override.py:1858} INFO - Created Permission View: can edit on DAG:restaurant_pipeline
[2026-09-19T20:32:04.896+0000] {logging_mixin.py:188} INFO - [2026-09-19T20:32:04.896+0000] {dag.py:3089} INFO - Sync 1 DAGs
[2026-09-19T20:32:04.926+0000] {logging_mixin.py:188} INFO - [2026-09-19T20:32:04.925+0000] {dag.py:3111} INFO - Creating ORM DAG for restaurant_pipeline
[2026-09-19T20:32:04.943+0000] {logging_mixin.py:188} INFO - [2026-09-19T20:32:04.943+0000] {dag.py:3947} INFO - Setting next_dagrun for restaurant_pipeline to 2026-09-18 00:00:00+00:00, run_after=2026-09-19 00:00:00+00:00
[2026-09-19T20:32:04.972+0000] {processor.py:183} INFO - Processing /opt/airflow/dags/restaurant_pipeline_dag.py took 0.435 seconds
[2026-09-19T20:32:35.049+0000] {processor.py:161} INFO - Started process (PID=2764) to work on /opt/airflow/dags/restaurant_pipeline_dag.py
[2026-09-19T20:32:35.050+0000] {processor.py:830} INFO - Processing file /opt/airflow/dags/restaurant_pipeline_dag.py for tasks to queue
[2026-09-19T20:32:35.051+0000] {logging_mixin.py:188} INFO - [2026-09-19T20:32:35.050+0000] {dagbag.py:545} INFO - Filling up the DagBag from /opt/airflow/dags/restaurant_pipeline_dag.py
[2026-09-19T20:32:35.062+0000] {processor.py:840} INFO - DAG(s) 'restaurant_pipeline' retrieved from /opt/airflow/dags/restaurant_pipeline_dag.py
[2026-09-19T20:32:35.103+0000] {logging_mixin.py:188} INFO - [2026-09-19T20:32:35.103+0000] {dag.py:3089} INFO - Sync 1 DAGs
[2026-09-19T20:32:35.131+0000] {logging_mixin.py:188} INFO - [2026-09-19T20:32:35.131+0000] {dag.py:3947} INFO - Setting next_dagrun for restaurant_pipeline to 2026-09-18 00:00:00+00:00, run_after=2026-09-19 00:00:00+00:00
[2026-09-19T20:32:35.157+0000] {processor.py:183} INFO - Processing /opt/airflow/dags/restaurant_pipeline_dag.py took 0.114 seconds
[2026-09-19T20:33:05.393+0000] {processor.py:161} INFO - Started process (PID=2774) to work on /opt/airflow/dags/restaurant_pipeline_dag.py
[2026-09-19T20:33:05.394+0000] {processor.py:830} INFO - Processing file /opt/airflow/dags/restaurant_pipeline_dag.py for tasks to queue
[2026-09-19T20:33:05.395+0000] {logging_mixin.py:188} INFO - [2026-09-19T20:33:05.395+0000] {dagbag.py:545} INFO - Filling up the DagBag from /opt/airflow/dags/restaurant_pipeline_dag.py
[2026-09-19T20:33:05.407+0000] {processor.py:840} INFO - DAG(s) 'restaurant_pipeline' retrieved from /opt/airflow/dags/restaurant_pipeline_dag.py
[2026-09-19T20:33:05.448+0000] {logging_mixin.py:188} INFO - [2026-09-19T20:33:05.447+0000] {dag.py:3089} INFO - Sync 1 DAGs
[2026-09-19T20:33:05.478+0000] {logging_mixin.py:188} INFO - [2026-09-19T20:33:05.477+0000] {dag.py:3947} INFO - Setting next_dagrun for restaurant_pipeline to 2026-09-18 00:00:00+00:00, run_after=2026-09-19 00:00:00+00:00
[2026-09-19T20:33:05.503+0000] {processor.py:183} INFO - Processing /opt/airflow/dags/restaurant_pipeline_dag.py took 0.117 seconds
[2026-09-19T20:33:35.726+0000] {processor.py:161} INFO - Started process (PID=2784) to work on /opt/airflow/dags/restaurant_pipeline_dag.py
[2026-09-19T20:33:35.726+0000] {processor.py:830} INFO - Processing file /opt/airflow/dags/restaurant_pipeline_dag.py for tasks to queue
[2026-09-19T20:33:35.727+0000] {logging_mixin.py:188} INFO - [2026-09-19T20:33:35.727+0000] {dagbag.py:545} INFO - Filling up the DagBag from /opt/airflow/dags/restaurant_pipeline_dag.py
[2026-09-19T20:33:35.739+0000] {processor.py:840} INFO - DAG(s) 'restaurant_pipeline' retrieved from /opt/airflow/dags/restaurant_pipeline_dag.py
[2026-09-19T20:33:35.777+0000] {logging_mixin.py:188} INFO - [2026-09-19T20:33:35.777+0000] {dag.py:3089} INFO - Sync 1 DAGs
[2026-09-19T20:33:35.804+0000] {logging_mixin.py:188} INFO - [2026-09-19T20:33:35.803+0000] {dag.py:3947} INFO - Setting next_dagrun for restaurant_pipeline to 2026-09-18 00:00:00+00:00, run_after=2026-09-19 00:00:00+00:00
[2026-09-19T20:33:35.829+0000] {processor.py:183} INFO - Processing /opt/airflow/dags/restaurant_pipeline_dag.py took 0.110 seconds
[2026-09-19T20:34:06.058+0000] {processor.py:161} INFO - Started process (PID=2794) to work on /opt/airflow/dags/restaurant_pipeline_dag.py
[2026-09-19T20:34:06.059+0000] {processor.py:830} INFO - Processing file /opt/airflow/dags/restaurant_pipeline_dag.py for tasks to queue
[2026-09-19T20:34:06.059+0000] {logging_mixin.py:188} INFO - [2026-09-19T20:34:06.059+0000] {dagbag.py:545} INFO - Filling up the DagBag from /opt/airflow/dags/restaurant_pipeline_dag.py
[2026-09-19T20:34:06.071+0000] {processor.py:840} INFO - DAG(s) 'restaurant_pipeline' retrieved from /opt/airflow/dags/restaurant_pipeline_dag.py
[2026-09-19T20:34:06.110+0000] {logging_mixin.py:188} INFO - [2026-09-19T20:34:06.109+0000] {dag.py:3089} INFO - Sync 1 DAGs
[2026-09-19T20:34:06.137+0000] {logging_mixin.py:188} INFO - [2026-09-19T20:34:06.136+0000] {dag.py:3947} INFO - Setting next_dagrun for restaurant_pipeline to 2026-09-18 00:00:00+00:00, run_after=2026-09-19 00:00:00+00:00
[2026-09-19T20:34:06.160+0000] {processor.py:183} INFO - Processing /opt/airflow/dags/restaurant_pipeline_dag.py took 0.109 seconds
[2026-09-19T20:34:36.380+0000] {processor.py:161} INFO - Started process (PID=2804) to work on /opt/airflow/dags/restaurant_pipeline_dag.py
[2026-09-19T20:34:36.381+0000] {processor.py:830} INFO - Processing file /opt/airflow/dags/restaurant_pipeline_dag.py for tasks to queue
[2026-09-19T20:34:36.382+0000] {logging_mixin.py:188} INFO - [2026-09-19T20:34:36.382+0000] {dagbag.py:545} INFO - Filling up the DagBag from /opt/airflow/dags/restaurant_pipeline_dag.py
[2026-09-19T20:34:36.393+0000] {processor.py:840} INFO - DAG(s) 'restaurant_pipeline' retrieved from /opt/airflow/dags/restaurant_pipeline_dag.py
[2026-09-19T20:34:36.434+0000] {logging_mixin.py:188} INFO - [2026-09-19T20:34:36.434+0000] {dag.py:3089} INFO - Sync 1 DAGs
[2026-09-19T20:34:36.465+0000] {logging_mixin.py:188} INFO - [2026-09-19T20:34:36.465+0000] {dag.py:3947} INFO - Setting next_dagrun for restaurant_pipeline to 2026-09-18 00:00:00+00:00, run_after=2026-09-19 00:00:00+00:00
[2026-09-19T20:34:36.491+0000] {processor.py:183} INFO - Processing /opt/airflow/dags/restaurant_pipeline_dag.py took 0.117 seconds
[2026-09-19T20:35:06.713+0000] {processor.py:161} INFO - Started process (PID=2814) to work on /opt/airflow/dags/restaurant_pipeline_dag.py
[2026-09-19T20:35:06.713+0000] {processor.py:830} INFO - Processing file /opt/airflow/dags/restaurant_pipeline_dag.py for tasks to queue
[2026-09-19T20:35:06.714+0000] {logging_mixin.py:188} INFO - [2026-09-19T20:35:06.714+0000] {dagbag.py:545} INFO - Filling up the DagBag from /opt/airflow/dags/restaurant_pipeline_dag.py
[2026-09-19T20:35:06.726+0000] {processor.py:840} INFO - DAG(s) 'restaurant_pipeline' retrieved from /opt/airflow/dags/restaurant_pipeline_dag.py
[2026-09-19T20:35:06.765+0000] {logging_mixin.py:188} INFO - [2026-09-19T20:35:06.765+0000] {dag.py:3089} INFO - Sync 1 DAGs
[2026-09-19T20:35:06.793+0000] {logging_mixin.py:188} INFO - [2026-09-19T20:35:06.793+0000] {dag.py:3947} INFO - Setting next_dagrun for restaurant_pipeline to 2026-09-18 00:00:00+00:00, run_after=2026-09-19 00:00:00+00:00
[2026-09-19T20:35:06.955+0000] {processor.py:183} INFO - Processing /opt/airflow/dags/restaurant_pipeline_dag.py took 0.249 seconds
[2026-09-19T20:35:37.184+0000] {processor.py:161} INFO - Started process (PID=2824) to work on /opt/airflow/dags/restaurant_pipeline_dag.py
[2026-09-19T20:35:37.185+0000] {processor.py:830} INFO - Processing file /opt/airflow/dags/restaurant_pipeline_dag.py for tasks to queue
[2026-09-19T20:35:37.187+0000] {logging_mixin.py:188} INFO - [2026-09-19T20:35:37.186+0000] {dagbag.py:545} INFO - Filling up the DagBag from /opt/airflow/dags/restaurant_pipeline_dag.py
[2026-09-19T20:35:37.210+0000] {processor.py:840} INFO - DAG(s) 'restaurant_pipeline' retrieved from /opt/airflow/dags/restaurant_pipeline_dag.py
[2026-09-19T20:35:37.290+0000] {logging_mixin.py:188} INFO - [2026-09-19T20:35:37.289+0000] {dag.py:3089} INFO - Sync 1 DAGs
[2026-09-19T20:35:37.347+0000] {logging_mixin.py:188} INFO - [2026-09-19T20:35:37.346+0000] {dag.py:3947} INFO - Setting next_dagrun for restaurant_pipeline to 2026-09-18 00:00:00+00:00, run_after=2026-09-19 00:00:00+00:00
[2026-09-19T20:35:37.381+0000] {processor.py:183} INFO - Processing /opt/airflow/dags/restaurant_pipeline_dag.py took 0.212 seconds
[2026-09-19T20:36:07.574+0000] {processor.py:161} INFO - Started process (PID=2834) to work on /opt/airflow/dags/restaurant_pipeline_dag.py
[2026-09-19T20:36:07.575+0000] {processor.py:830} INFO - Processing file /opt/airflow/dags/restaurant_pipeline_dag.py for tasks to queue
[2026-09-19T20:36:07.576+0000] {logging_mixin.py:188} INFO - [2026-09-19T20:36:07.575+0000] {dagbag.py:545} INFO - Filling up the DagBag from /opt/airflow/dags/restaurant_pipeline_dag.py
[2026-09-19T20:36:07.588+0000] {processor.py:840} INFO - DAG(s) 'restaurant_pipeline' retrieved from /opt/airflow/dags/restaurant_pipeline_dag.py
[2026-09-19T20:36:07.627+0000] {logging_mixin.py:188} INFO - [2026-09-19T20:36:07.627+0000] {dag.py:3089} INFO - Sync 1 DAGs
[2026-09-19T20:36:07.657+0000] {logging_mixin.py:188} INFO - [2026-09-19T20:36:07.657+0000] {dag.py:3947} INFO - Setting next_dagrun for restaurant_pipeline to 2026-09-18 00:00:00+00:00, run_after=2026-09-19 00:00:00+00:00
[2026-09-19T20:36:07.696+0000] {processor.py:183} INFO - Processing /opt/airflow/dags/restaurant_pipeline_dag.py took 0.129 seconds
[2026-09-19T20:36:08.618+0000] {processor.py:161} INFO - Started process (PID=2839) to work on /opt/airflow/dags/restaurant_pipeline_dag.py
[2026-09-19T20:36:08.619+0000] {processor.py:830} INFO - Processing file /opt/airflow/dags/restaurant_pipeline_dag.py for tasks to queue
[2026-09-19T20:36:08.619+0000] {logging_mixin.py:188} INFO - [2026-09-19T20:36:08.619+0000] {dagbag.py:545} INFO - Filling up the DagBag from /opt/airflow/dags/restaurant_pipeline_dag.py
[2026-09-19T20:36:08.631+0000] {processor.py:840} INFO - DAG(s) 'restaurant_pipeline' retrieved from /opt/airflow/dags/restaurant_pipeline_dag.py
[2026-09-19T20:36:08.917+0000] {logging_mixin.py:188} INFO - [2026-09-19T20:36:08.916+0000] {dag.py:3089} INFO - Sync 1 DAGs
[2026-09-19T20:36:08.946+0000] {logging_mixin.py:188} INFO - [2026-09-19T20:36:08.946+0000] {dag.py:3947} INFO - Setting next_dagrun for restaurant_pipeline to 2026-09-18 00:00:00+00:00, run_after=2026-09-19 00:00:00+00:00
[2026-09-19T20:36:08.976+0000] {processor.py:183} INFO - Processing /opt/airflow/dags/restaurant_pipeline_dag.py took 0.365 seconds
[2026-09-19T20:36:39.054+0000] {processor.py:161} INFO - Started process (PID=2849) to work on /opt/airflow/dags/restaurant_pipeline_dag.py
[2026-09-19T20:36:39.056+0000] {processor.py:830} INFO - Processing file /opt/airflow/dags/restaurant_pipeline_dag.py for tasks to queue
[2026-09-19T20:36:39.058+0000] {logging_mixin.py:188} INFO - [2026-09-19T20:36:39.057+0000] {dagbag.py:545} INFO - Filling up the DagBag from /opt/airflow/dags/restaurant_pipeline_dag.py
[2026-09-19T20:36:39.079+0000] {processor.py:840} INFO - DAG(s) 'restaurant_pipeline' retrieved from /opt/airflow/dags/restaurant_pipeline_dag.py
[2026-09-19T20:36:39.121+0000] {logging_mixin.py:188} INFO - [2026-09-19T20:36:39.121+0000] {dag.py:3089} INFO - Sync 1 DAGs
[2026-09-19T20:36:39.148+0000] {logging_mixin.py:188} INFO - [2026-09-19T20:36:39.147+0000] {dag.py:3947} INFO - Setting next_dagrun for restaurant_pipeline to 2026-09-18 00:00:00+00:00, run_after=2026-09-19 00:00:00+00:00
[2026-09-19T20:36:39.171+0000] {processor.py:183} INFO - Processing /opt/airflow/dags/restaurant_pipeline_dag.py took 0.129 seconds
[2026-09-19T20:37:09.375+0000] {processor.py:161} INFO - Started process (PID=2859) to work on /opt/airflow/dags/restaurant_pipeline_dag.py
[2026-09-19T20:37:09.377+0000] {processor.py:830} INFO - Processing file /opt/airflow/dags/restaurant_pipeline_dag.py for tasks to queue
[2026-09-19T20:37:09.378+0000] {logging_mixin.py:188} INFO - [2026-09-19T20:37:09.378+0000] {dagbag.py:545} INFO - Filling up the DagBag from /opt/airflow/dags/restaurant_pipeline_dag.py
[2026-09-19T20:37:09.394+0000] {processor.py:840} INFO - DAG(s) 'restaurant_pipeline' retrieved from /opt/airflow/dags/restaurant_pipeline_dag.py
[2026-09-19T20:37:09.449+0000] {logging_mixin.py:188} INFO - [2026-09-19T20:37:09.448+0000] {dag.py:3089} INFO - Sync 1 DAGs
[2026-09-19T20:37:09.671+0000] {logging_mixin.py:188} INFO - [2026-09-19T20:37:09.671+0000] {dag.py:3947} INFO - Setting next_dagrun for restaurant_pipeline to 2026-09-18 00:00:00+00:00, run_after=2026-09-19 00:00:00+00:00
[2026-09-19T20:37:09.700+0000] {processor.py:183} INFO - Processing /opt/airflow/dags/restaurant_pipeline_dag.py took 0.333 seconds
[2026-09-19T20:37:23.688+0000] {processor.py:161} INFO - Started process (PID=2864) to work on /opt/airflow/dags/restaurant_pipeline_dag.py
[2026-09-19T20:37:23.690+0000] {processor.py:830} INFO - Processing file /opt/airflow/dags/restaurant_pipeline_dag.py for tasks to queue
[2026-09-19T20:37:23.691+0000] {logging_mixin.py:188} INFO - [2026-09-19T20:37:23.690+0000] {dagbag.py:545} INFO - Filling up the DagBag from /opt/airflow/dags/restaurant_pipeline_dag.py
[2026-09-19T20:37:23.704+0000] {processor.py:840} INFO - DAG(s) 'restaurant_pipeline' retrieved from /opt/airflow/dags/restaurant_pipeline_dag.py
[2026-09-19T20:37:23.995+0000] {logging_mixin.py:188} INFO - [2026-09-19T20:37:23.995+0000] {dag.py:3089} INFO - Sync 1 DAGs
[2026-09-19T20:37:24.021+0000] {logging_mixin.py:188} INFO - [2026-09-19T20:37:24.020+0000] {dag.py:3947} INFO - Setting next_dagrun for restaurant_pipeline to 2026-09-18 00:00:00+00:00, run_after=2026-09-19 00:00:00+00:00
[2026-09-19T20:37:24.047+0000] {processor.py:183} INFO - Processing /opt/airflow/dags/restaurant_pipeline_dag.py took 0.366 seconds
[2026-09-19T20:37:54.137+0000] {processor.py:161} INFO - Started process (PID=2874) to work on /opt/airflow/dags/restaurant_pipeline_dag.py
[2026-09-19T20:37:54.138+0000] {processor.py:830} INFO - Processing file /opt/airflow/dags/restaurant_pipeline_dag.py for tasks to queue
[2026-09-19T20:37:54.140+0000] {logging_mixin.py:188} INFO - [2026-09-19T20:37:54.139+0000] {dagbag.py:545} INFO - Filling up the DagBag from /opt/airflow/dags/restaurant_pipeline_dag.py
[2026-09-19T20:37:54.153+0000] {processor.py:840} INFO - DAG(s) 'restaurant_pipeline' retrieved from /opt/airflow/dags/restaurant_pipeline_dag.py
[2026-09-19T20:37:54.196+0000] {logging_mixin.py:188} INFO - [2026-09-19T20:37:54.196+0000] {dag.py:3089} INFO - Sync 1 DAGs
[2026-09-19T20:37:54.224+0000] {logging_mixin.py:188} INFO - [2026-09-19T20:37:54.224+0000] {dag.py:3947} INFO - Setting next_dagrun for restaurant_pipeline to 2026-09-18 00:00:00+00:00, run_after=2026-09-19 00:00:00+00:00
[2026-09-19T20:37:54.250+0000] {processor.py:183} INFO - Processing /opt/airflow/dags/restaurant_pipeline_dag.py took 0.121 seconds
[2026-09-19T20:38:01.334+0000] {processor.py:161} INFO - Started process (PID=2884) to work on /opt/airflow/dags/restaurant_pipeline_dag.py
[2026-09-19T20:38:01.335+0000] {processor.py:830} INFO - Processing file /opt/airflow/dags/restaurant_pipeline_dag.py for tasks to queue
[2026-09-19T20:38:01.336+0000] {logging_mixin.py:188} INFO - [2026-09-19T20:38:01.336+0000] {dagbag.py:545} INFO - Filling up the DagBag from /opt/airflow/dags/restaurant_pipeline_dag.py
[2026-09-19T20:38:01.349+0000] {processor.py:840} INFO - DAG(s) 'restaurant_pipeline' retrieved from /opt/airflow/dags/restaurant_pipeline_dag.py
[2026-09-19T20:38:01.643+0000] {logging_mixin.py:188} INFO - [2026-09-19T20:38:01.642+0000] {dag.py:3089} INFO - Sync 1 DAGs
[2026-09-19T20:38:01.674+0000] {logging_mixin.py:188} INFO - [2026-09-19T20:38:01.674+0000] {dag.py:3947} INFO - Setting next_dagrun for restaurant_pipeline to 2026-09-18 00:00:00+00:00, run_after=2026-09-19 00:00:00+00:00
[2026-09-19T20:38:01.703+0000] {processor.py:183} INFO - Processing /opt/airflow/dags/restaurant_pipeline_dag.py took 0.376 seconds
[2026-09-19T20:38:32.591+0000] {processor.py:161} INFO - Started process (PID=2894) to work on /opt/airflow/dags/restaurant_pipeline_dag.py
[2026-09-19T20:38:32.592+0000] {processor.py:830} INFO - Processing file /opt/airflow/dags/restaurant_pipeline_dag.py for tasks to queue
[2026-09-19T20:38:32.593+0000] {logging_mixin.py:188} INFO - [2026-09-19T20:38:32.593+0000] {dagbag.py:545} INFO - Filling up the DagBag from /opt/airflow/dags/restaurant_pipeline_dag.py
[2026-09-19T20:38:32.606+0000] {processor.py:840} INFO - DAG(s) 'restaurant_pipeline' retrieved from /opt/airflow/dags/restaurant_pipeline_dag.py
[2026-09-19T20:38:32.887+0000] {logging_mixin.py:188} INFO - [2026-09-19T20:38:32.887+0000] {dag.py:3089} INFO - Sync 1 DAGs
[2026-09-19T20:38:32.912+0000] {logging_mixin.py:188} INFO - [2026-09-19T20:38:32.911+0000] {dag.py:3947} INFO - Setting next_dagrun for restaurant_pipeline to 2026-09-18 00:00:00+00:00, run_after=2026-09-19 00:00:00+00:00
[2026-09-19T20:38:32.949+0000] {processor.py:183} INFO - Processing /opt/airflow/dags/restaurant_pipeline_dag.py took 0.365 seconds
[2026-09-19T20:38:39.778+0000] {processor.py:161} INFO - Started process (PID=2899) to work on /opt/airflow/dags/restaurant_pipeline_dag.py
[2026-09-19T20:38:39.779+0000] {processor.py:830} INFO - Processing file /opt/airflow/dags/restaurant_pipeline_dag.py for tasks to queue
[2026-09-19T20:38:39.780+0000] {logging_mixin.py:188} INFO - [2026-09-19T20:38:39.780+0000] {dagbag.py:545} INFO - Filling up the DagBag from /opt/airflow/dags/restaurant_pipeline_dag.py
[2026-09-19T20:38:39.803+0000] {processor.py:840} INFO - DAG(s) 'restaurant_pipeline' retrieved from /opt/airflow/dags/restaurant_pipeline_dag.py
[2026-09-19T20:38:39.834+0000] {logging_mixin.py:188} INFO - [2026-09-19T20:38:39.833+0000] {dag.py:3089} INFO - Sync 1 DAGs
[2026-09-19T20:38:39.875+0000] {logging_mixin.py:188} INFO - [2026-09-19T20:38:39.875+0000] {dag.py:3947} INFO - Setting next_dagrun for restaurant_pipeline to 2026-09-18 00:00:00+00:00, run_after=2026-09-19 00:00:00+00:00
[2026-09-19T20:38:39.908+0000] {processor.py:183} INFO - Processing /opt/airflow/dags/restaurant_pipeline_dag.py took 0.138 seconds
[2026-09-19T20:39:06.101+0000] {processor.py:161} INFO - Started process (PID=2909) to work on /opt/airflow/dags/restaurant_pipeline_dag.py
[2026-09-19T20:39:06.103+0000] {processor.py:830} INFO - Processing file /opt/airflow/dags/restaurant_pipeline_dag.py for tasks to queue
[2026-09-19T20:39:06.105+0000] {logging_mixin.py:188} INFO - [2026-09-19T20:39:06.104+0000] {dagbag.py:545} INFO - Filling up the DagBag from /opt/airflow/dags/restaurant_pipeline_dag.py
[2026-09-19T20:39:06.121+0000] {logging_mixin.py:188} INFO - [2026-09-19T20:39:06.119+0000] {dagbag.py:355} ERROR - Failed to import: /opt/airflow/dags/restaurant_pipeline_dag.py
Traceback (most recent call last):
  File "/home/airflow/.local/lib/python3.12/site-packages/airflow/models/dagbag.py", line 351, in parse
    loader.exec_module(new_module)
  File "<frozen importlib._bootstrap_external>", line 995, in exec_module
  File "<frozen importlib._bootstrap>", line 488, in _call_with_frames_removed
  File "/opt/airflow/dags/restaurant_pipeline_dag.py", line 136, in <module>
    generate_orders >> validate_orders >> load_orders >> run_dbt
    ~~~~~~~~~~~~~~~~^^~~~~~~~~~~~~~~~~
TypeError: unsupported operand type(s) for >>: 'function' and 'function'
[2026-09-19T20:39:06.122+0000] {processor.py:842} WARNING - No viable dags retrieved from /opt/airflow/dags/restaurant_pipeline_dag.py
[2026-09-19T20:39:06.150+0000] {processor.py:183} INFO - Processing /opt/airflow/dags/restaurant_pipeline_dag.py took 0.059 seconds
[2026-09-19T20:39:36.375+0000] {processor.py:161} INFO - Started process (PID=2919) to work on /opt/airflow/dags/restaurant_pipeline_dag.py
[2026-09-19T20:39:36.376+0000] {processor.py:830} INFO - Processing file /opt/airflow/dags/restaurant_pipeline_dag.py for tasks to queue
[2026-09-19T20:39:36.377+0000] {logging_mixin.py:188} INFO - [2026-09-19T20:39:36.377+0000] {dagbag.py:545} INFO - Filling up the DagBag from /opt/airflow/dags/restaurant_pipeline_dag.py
[2026-09-19T20:39:36.389+0000] {logging_mixin.py:188} INFO - [2026-09-19T20:39:36.387+0000] {dagbag.py:355} ERROR - Failed to import: /opt/airflow/dags/restaurant_pipeline_dag.py
Traceback (most recent call last):
  File "/home/airflow/.local/lib/python3.12/site-packages/airflow/models/dagbag.py", line 351, in parse
    loader.exec_module(new_module)
  File "<frozen importlib._bootstrap_external>", line 995, in exec_module
  File "<frozen importlib._bootstrap>", line 488, in _call_with_frames_removed
  File "/opt/airflow/dags/restaurant_pipeline_dag.py", line 136, in <module>
    generate_orders >> validate_orders >> load_orders >> run_dbt
    ~~~~~~~~~~~~~~~~^^~~~~~~~~~~~~~~~~
TypeError: unsupported operand type(s) for >>: 'function' and 'function'
[2026-09-19T20:39:36.389+0000] {processor.py:842} WARNING - No viable dags retrieved from /opt/airflow/dags/restaurant_pipeline_dag.py
[2026-09-19T20:39:36.419+0000] {processor.py:183} INFO - Processing /opt/airflow/dags/restaurant_pipeline_dag.py took 0.051 seconds
[2026-09-19T20:40:06.640+0000] {processor.py:161} INFO - Started process (PID=2929) to work on /opt/airflow/dags/restaurant_pipeline_dag.py
[2026-09-19T20:40:06.641+0000] {processor.py:830} INFO - Processing file /opt/airflow/dags/restaurant_pipeline_dag.py for tasks to queue
[2026-09-19T20:40:06.642+0000] {logging_mixin.py:188} INFO - [2026-09-19T20:40:06.642+0000] {dagbag.py:545} INFO - Filling up the DagBag from /opt/airflow/dags/restaurant_pipeline_dag.py
[2026-09-19T20:40:06.654+0000] {logging_mixin.py:188} INFO - [2026-09-19T20:40:06.652+0000] {dagbag.py:355} ERROR - Failed to import: /opt/airflow/dags/restaurant_pipeline_dag.py
Traceback (most recent call last):
  File "/home/airflow/.local/lib/python3.12/site-packages/airflow/models/dagbag.py", line 351, in parse
    loader.exec_module(new_module)
  File "<frozen importlib._bootstrap_external>", line 995, in exec_module
  File "<frozen importlib._bootstrap>", line 488, in _call_with_frames_removed
  File "/opt/airflow/dags/restaurant_pipeline_dag.py", line 136, in <module>
    generate_orders >> validate_orders >> load_orders >> run_dbt
    ~~~~~~~~~~~~~~~~^^~~~~~~~~~~~~~~~~
TypeError: unsupported operand type(s) for >>: 'function' and 'function'
[2026-09-19T20:40:06.655+0000] {processor.py:842} WARNING - No viable dags retrieved from /opt/airflow/dags/restaurant_pipeline_dag.py
[2026-09-19T20:40:06.680+0000] {processor.py:183} INFO - Processing /opt/airflow/dags/restaurant_pipeline_dag.py took 0.047 seconds
[2026-09-19T20:40:36.900+0000] {processor.py:161} INFO - Started process (PID=2939) to work on /opt/airflow/dags/restaurant_pipeline_dag.py
[2026-09-19T20:40:36.901+0000] {processor.py:830} INFO - Processing file /opt/airflow/dags/restaurant_pipeline_dag.py for tasks to queue
[2026-09-19T20:40:36.903+0000] {logging_mixin.py:188} INFO - [2026-09-19T20:40:36.902+0000] {dagbag.py:545} INFO - Filling up the DagBag from /opt/airflow/dags/restaurant_pipeline_dag.py
[2026-09-19T20:40:36.915+0000] {logging_mixin.py:188} INFO - [2026-09-19T20:40:36.913+0000] {dagbag.py:355} ERROR - Failed to import: /opt/airflow/dags/restaurant_pipeline_dag.py
Traceback (most recent call last):
  File "/home/airflow/.local/lib/python3.12/site-packages/airflow/models/dagbag.py", line 351, in parse
    loader.exec_module(new_module)
  File "<frozen importlib._bootstrap_external>", line 995, in exec_module
  File "<frozen importlib._bootstrap>", line 488, in _call_with_frames_removed
  File "/opt/airflow/dags/restaurant_pipeline_dag.py", line 136, in <module>
    generate_orders >> validate_orders >> load_orders >> run_dbt
    ~~~~~~~~~~~~~~~~^^~~~~~~~~~~~~~~~~
TypeError: unsupported operand type(s) for >>: 'function' and 'function'
[2026-09-19T20:40:36.915+0000] {processor.py:842} WARNING - No viable dags retrieved from /opt/airflow/dags/restaurant_pipeline_dag.py
[2026-09-19T20:40:36.943+0000] {processor.py:183} INFO - Processing /opt/airflow/dags/restaurant_pipeline_dag.py took 0.050 seconds
[2026-09-19T20:41:07.166+0000] {processor.py:161} INFO - Started process (PID=2949) to work on /opt/airflow/dags/restaurant_pipeline_dag.py
[2026-09-19T20:41:07.167+0000] {processor.py:830} INFO - Processing file /opt/airflow/dags/restaurant_pipeline_dag.py for tasks to queue
[2026-09-19T20:41:07.168+0000] {logging_mixin.py:188} INFO - [2026-09-19T20:41:07.168+0000] {dagbag.py:545} INFO - Filling up the DagBag from /opt/airflow/dags/restaurant_pipeline_dag.py
[2026-09-19T20:41:07.178+0000] {logging_mixin.py:188} INFO - [2026-09-19T20:41:07.177+0000] {dagbag.py:355} ERROR - Failed to import: /opt/airflow/dags/restaurant_pipeline_dag.py
Traceback (most recent call last):
  File "/home/airflow/.local/lib/python3.12/site-packages/airflow/models/dagbag.py", line 351, in parse
    loader.exec_module(new_module)
  File "<frozen importlib._bootstrap_external>", line 995, in exec_module
  File "<frozen importlib._bootstrap>", line 488, in _call_with_frames_removed
  File "/opt/airflow/dags/restaurant_pipeline_dag.py", line 136, in <module>
    generate_orders >> validate_orders >> load_orders >> run_dbt
    ~~~~~~~~~~~~~~~~^^~~~~~~~~~~~~~~~~
TypeError: unsupported operand type(s) for >>: 'function' and 'function'
[2026-09-19T20:41:07.178+0000] {processor.py:842} WARNING - No viable dags retrieved from /opt/airflow/dags/restaurant_pipeline_dag.py
[2026-09-19T20:41:07.207+0000] {processor.py:183} INFO - Processing /opt/airflow/dags/restaurant_pipeline_dag.py took 0.047 seconds
[2026-09-19T20:41:37.445+0000] {processor.py:161} INFO - Started process (PID=2959) to work on /opt/airflow/dags/restaurant_pipeline_dag.py
[2026-09-19T20:41:37.446+0000] {processor.py:830} INFO - Processing file /opt/airflow/dags/restaurant_pipeline_dag.py for tasks to queue
[2026-09-19T20:41:37.447+0000] {logging_mixin.py:188} INFO - [2026-09-19T20:41:37.446+0000] {dagbag.py:545} INFO - Filling up the DagBag from /opt/airflow/dags/restaurant_pipeline_dag.py
[2026-09-19T20:41:37.457+0000] {logging_mixin.py:188} INFO - [2026-09-19T20:41:37.455+0000] {dagbag.py:355} ERROR - Failed to import: /opt/airflow/dags/restaurant_pipeline_dag.py
Traceback (most recent call last):
  File "/home/airflow/.local/lib/python3.12/site-packages/airflow/models/dagbag.py", line 351, in parse
    loader.exec_module(new_module)
  File "<frozen importlib._bootstrap_external>", line 995, in exec_module
  File "<frozen importlib._bootstrap>", line 488, in _call_with_frames_removed
  File "/opt/airflow/dags/restaurant_pipeline_dag.py", line 136, in <module>
    generate_orders >> validate_orders >> load_orders >> run_dbt
    ~~~~~~~~~~~~~~~~^^~~~~~~~~~~~~~~~~
TypeError: unsupported operand type(s) for >>: 'function' and 'function'
[2026-09-19T20:41:37.458+0000] {processor.py:842} WARNING - No viable dags retrieved from /opt/airflow/dags/restaurant_pipeline_dag.py
[2026-09-19T20:41:37.487+0000] {processor.py:183} INFO - Processing /opt/airflow/dags/restaurant_pipeline_dag.py took 0.048 seconds
[2026-09-19T20:42:07.712+0000] {processor.py:161} INFO - Started process (PID=2969) to work on /opt/airflow/dags/restaurant_pipeline_dag.py
[2026-09-19T20:42:07.713+0000] {processor.py:830} INFO - Processing file /opt/airflow/dags/restaurant_pipeline_dag.py for tasks to queue
[2026-09-19T20:42:07.714+0000] {logging_mixin.py:188} INFO - [2026-09-19T20:42:07.713+0000] {dagbag.py:545} INFO - Filling up the DagBag from /opt/airflow/dags/restaurant_pipeline_dag.py
[2026-09-19T20:42:07.724+0000] {logging_mixin.py:188} INFO - [2026-09-19T20:42:07.723+0000] {dagbag.py:355} ERROR - Failed to import: /opt/airflow/dags/restaurant_pipeline_dag.py
Traceback (most recent call last):
  File "/home/airflow/.local/lib/python3.12/site-packages/airflow/models/dagbag.py", line 351, in parse
    loader.exec_module(new_module)
  File "<frozen importlib._bootstrap_external>", line 995, in exec_module
  File "<frozen importlib._bootstrap>", line 488, in _call_with_frames_removed
  File "/opt/airflow/dags/restaurant_pipeline_dag.py", line 136, in <module>
    generate_orders >> validate_orders >> load_orders >> run_dbt
    ~~~~~~~~~~~~~~~~^^~~~~~~~~~~~~~~~~
TypeError: unsupported operand type(s) for >>: 'function' and 'function'
[2026-09-19T20:42:07.724+0000] {processor.py:842} WARNING - No viable dags retrieved from /opt/airflow/dags/restaurant_pipeline_dag.py
[2026-09-19T20:42:07.753+0000] {processor.py:183} INFO - Processing /opt/airflow/dags/restaurant_pipeline_dag.py took 0.048 seconds
[2026-09-19T20:42:37.977+0000] {processor.py:161} INFO - Started process (PID=2979) to work on /opt/airflow/dags/restaurant_pipeline_dag.py
[2026-09-19T20:42:37.978+0000] {processor.py:830} INFO - Processing file /opt/airflow/dags/restaurant_pipeline_dag.py for tasks to queue
[2026-09-19T20:42:37.979+0000] {logging_mixin.py:188} INFO - [2026-09-19T20:42:37.979+0000] {dagbag.py:545} INFO - Filling up the DagBag from /opt/airflow/dags/restaurant_pipeline_dag.py
[2026-09-19T20:42:37.993+0000] {logging_mixin.py:188} INFO - [2026-09-19T20:42:37.991+0000] {dagbag.py:355} ERROR - Failed to import: /opt/airflow/dags/restaurant_pipeline_dag.py
Traceback (most recent call last):
  File "/home/airflow/.local/lib/python3.12/site-packages/airflow/models/dagbag.py", line 351, in parse
    loader.exec_module(new_module)
  File "<frozen importlib._bootstrap_external>", line 995, in exec_module
  File "<frozen importlib._bootstrap>", line 488, in _call_with_frames_removed
  File "/opt/airflow/dags/restaurant_pipeline_dag.py", line 136, in <module>
    generate_orders >> validate_orders >> load_orders >> run_dbt
    ~~~~~~~~~~~~~~~~^^~~~~~~~~~~~~~~~~
TypeError: unsupported operand type(s) for >>: 'function' and 'function'
[2026-09-19T20:42:37.994+0000] {processor.py:842} WARNING - No viable dags retrieved from /opt/airflow/dags/restaurant_pipeline_dag.py
[2026-09-19T20:42:38.029+0000] {processor.py:183} INFO - Processing /opt/airflow/dags/restaurant_pipeline_dag.py took 0.062 seconds
[2026-09-19T20:43:08.255+0000] {processor.py:161} INFO - Started process (PID=2989) to work on /opt/airflow/dags/restaurant_pipeline_dag.py
[2026-09-19T20:43:08.256+0000] {processor.py:830} INFO - Processing file /opt/airflow/dags/restaurant_pipeline_dag.py for tasks to queue
[2026-09-19T20:43:08.257+0000] {logging_mixin.py:188} INFO - [2026-09-19T20:43:08.256+0000] {dagbag.py:545} INFO - Filling up the DagBag from /opt/airflow/dags/restaurant_pipeline_dag.py
[2026-09-19T20:43:08.267+0000] {logging_mixin.py:188} INFO - [2026-09-19T20:43:08.266+0000] {dagbag.py:355} ERROR - Failed to import: /opt/airflow/dags/restaurant_pipeline_dag.py
Traceback (most recent call last):
  File "/home/airflow/.local/lib/python3.12/site-packages/airflow/models/dagbag.py", line 351, in parse
    loader.exec_module(new_module)
  File "<frozen importlib._bootstrap_external>", line 995, in exec_module
  File "<frozen importlib._bootstrap>", line 488, in _call_with_frames_removed
  File "/opt/airflow/dags/restaurant_pipeline_dag.py", line 136, in <module>
    generate_orders >> validate_orders >> load_orders >> run_dbt
    ~~~~~~~~~~~~~~~~^^~~~~~~~~~~~~~~~~
TypeError: unsupported operand type(s) for >>: 'function' and 'function'
[2026-09-19T20:43:08.268+0000] {processor.py:842} WARNING - No viable dags retrieved from /opt/airflow/dags/restaurant_pipeline_dag.py
[2026-09-19T20:43:08.301+0000] {processor.py:183} INFO - Processing /opt/airflow/dags/restaurant_pipeline_dag.py took 0.053 seconds
[2026-09-19T20:43:38.551+0000] {processor.py:161} INFO - Started process (PID=2999) to work on /opt/airflow/dags/restaurant_pipeline_dag.py
[2026-09-19T20:43:38.552+0000] {processor.py:830} INFO - Processing file /opt/airflow/dags/restaurant_pipeline_dag.py for tasks to queue
[2026-09-19T20:43:38.552+0000] {logging_mixin.py:188} INFO - [2026-09-19T20:43:38.552+0000] {dagbag.py:545} INFO - Filling up the DagBag from /opt/airflow/dags/restaurant_pipeline_dag.py
[2026-09-19T20:43:38.562+0000] {logging_mixin.py:188} INFO - [2026-09-19T20:43:38.561+0000] {dagbag.py:355} ERROR - Failed to import: /opt/airflow/dags/restaurant_pipeline_dag.py
Traceback (most recent call last):
  File "/home/airflow/.local/lib/python3.12/site-packages/airflow/models/dagbag.py", line 351, in parse
    loader.exec_module(new_module)
  File "<frozen importlib._bootstrap_external>", line 995, in exec_module
  File "<frozen importlib._bootstrap>", line 488, in _call_with_frames_removed
  File "/opt/airflow/dags/restaurant_pipeline_dag.py", line 136, in <module>
    generate_orders >> validate_orders >> load_orders >> run_dbt
    ~~~~~~~~~~~~~~~~^^~~~~~~~~~~~~~~~~
TypeError: unsupported operand type(s) for >>: 'function' and 'function'
[2026-09-19T20:43:38.563+0000] {processor.py:842} WARNING - No viable dags retrieved from /opt/airflow/dags/restaurant_pipeline_dag.py
[2026-09-19T20:43:38.593+0000] {processor.py:183} INFO - Processing /opt/airflow/dags/restaurant_pipeline_dag.py took 0.048 seconds
[2026-09-19T20:44:08.822+0000] {processor.py:161} INFO - Started process (PID=3009) to work on /opt/airflow/dags/restaurant_pipeline_dag.py
[2026-09-19T20:44:08.823+0000] {processor.py:830} INFO - Processing file /opt/airflow/dags/restaurant_pipeline_dag.py for tasks to queue
[2026-09-19T20:44:08.824+0000] {logging_mixin.py:188} INFO - [2026-09-19T20:44:08.823+0000] {dagbag.py:545} INFO - Filling up the DagBag from /opt/airflow/dags/restaurant_pipeline_dag.py
[2026-09-19T20:44:08.834+0000] {logging_mixin.py:188} INFO - [2026-09-19T20:44:08.832+0000] {dagbag.py:355} ERROR - Failed to import: /opt/airflow/dags/restaurant_pipeline_dag.py
Traceback (most recent call last):
  File "/home/airflow/.local/lib/python3.12/site-packages/airflow/models/dagbag.py", line 351, in parse
    loader.exec_module(new_module)
  File "<frozen importlib._bootstrap_external>", line 995, in exec_module
  File "<frozen importlib._bootstrap>", line 488, in _call_with_frames_removed
  File "/opt/airflow/dags/restaurant_pipeline_dag.py", line 136, in <module>
    generate_orders >> validate_orders >> load_orders >> run_dbt
    ~~~~~~~~~~~~~~~~^^~~~~~~~~~~~~~~~~
TypeError: unsupported operand type(s) for >>: 'function' and 'function'
[2026-09-19T20:44:08.834+0000] {processor.py:842} WARNING - No viable dags retrieved from /opt/airflow/dags/restaurant_pipeline_dag.py
[2026-09-19T20:44:08.863+0000] {processor.py:183} INFO - Processing /opt/airflow/dags/restaurant_pipeline_dag.py took 0.048 seconds
[2026-09-19T20:44:39.075+0000] {processor.py:161} INFO - Started process (PID=3019) to work on /opt/airflow/dags/restaurant_pipeline_dag.py
[2026-09-19T20:44:39.075+0000] {processor.py:830} INFO - Processing file /opt/airflow/dags/restaurant_pipeline_dag.py for tasks to queue
[2026-09-19T20:44:39.076+0000] {logging_mixin.py:188} INFO - [2026-09-19T20:44:39.076+0000] {dagbag.py:545} INFO - Filling up the DagBag from /opt/airflow/dags/restaurant_pipeline_dag.py
[2026-09-19T20:44:39.086+0000] {logging_mixin.py:188} INFO - [2026-09-19T20:44:39.085+0000] {dagbag.py:355} ERROR - Failed to import: /opt/airflow/dags/restaurant_pipeline_dag.py
Traceback (most recent call last):
  File "/home/airflow/.local/lib/python3.12/site-packages/airflow/models/dagbag.py", line 351, in parse
    loader.exec_module(new_module)
  File "<frozen importlib._bootstrap_external>", line 995, in exec_module
  File "<frozen importlib._bootstrap>", line 488, in _call_with_frames_removed
  File "/opt/airflow/dags/restaurant_pipeline_dag.py", line 136, in <module>
    generate_orders >> validate_orders >> load_orders >> run_dbt
    ~~~~~~~~~~~~~~~~^^~~~~~~~~~~~~~~~~
TypeError: unsupported operand type(s) for >>: 'function' and 'function'
[2026-09-19T20:44:39.087+0000] {processor.py:842} WARNING - No viable dags retrieved from /opt/airflow/dags/restaurant_pipeline_dag.py
[2026-09-19T20:44:39.113+0000] {processor.py:183} INFO - Processing /opt/airflow/dags/restaurant_pipeline_dag.py took 0.045 seconds
[2026-09-19T20:45:09.337+0000] {processor.py:161} INFO - Started process (PID=3029) to work on /opt/airflow/dags/restaurant_pipeline_dag.py
[2026-09-19T20:45:09.339+0000] {processor.py:830} INFO - Processing file /opt/airflow/dags/restaurant_pipeline_dag.py for tasks to queue
[2026-09-19T20:45:09.339+0000] {logging_mixin.py:188} INFO - [2026-09-19T20:45:09.339+0000] {dagbag.py:545} INFO - Filling up the DagBag from /opt/airflow/dags/restaurant_pipeline_dag.py
[2026-09-19T20:45:09.351+0000] {logging_mixin.py:188} INFO - [2026-09-19T20:45:09.349+0000] {dagbag.py:355} ERROR - Failed to import: /opt/airflow/dags/restaurant_pipeline_dag.py
Traceback (most recent call last):
  File "/home/airflow/.local/lib/python3.12/site-packages/airflow/models/dagbag.py", line 351, in parse
    loader.exec_module(new_module)
  File "<frozen importlib._bootstrap_external>", line 995, in exec_module
  File "<frozen importlib._bootstrap>", line 488, in _call_with_frames_removed
  File "/opt/airflow/dags/restaurant_pipeline_dag.py", line 136, in <module>
    generate_orders >> validate_orders >> load_orders >> run_dbt
    ~~~~~~~~~~~~~~~~^^~~~~~~~~~~~~~~~~
TypeError: unsupported operand type(s) for >>: 'function' and 'function'
[2026-09-19T20:45:09.351+0000] {processor.py:842} WARNING - No viable dags retrieved from /opt/airflow/dags/restaurant_pipeline_dag.py
[2026-09-19T20:45:09.380+0000] {processor.py:183} INFO - Processing /opt/airflow/dags/restaurant_pipeline_dag.py took 0.051 seconds
[2026-09-19T20:45:39.596+0000] {processor.py:161} INFO - Started process (PID=3039) to work on /opt/airflow/dags/restaurant_pipeline_dag.py
[2026-09-19T20:45:39.597+0000] {processor.py:830} INFO - Processing file /opt/airflow/dags/restaurant_pipeline_dag.py for tasks to queue
[2026-09-19T20:45:39.598+0000] {logging_mixin.py:188} INFO - [2026-09-19T20:45:39.598+0000] {dagbag.py:545} INFO - Filling up the DagBag from /opt/airflow/dags/restaurant_pipeline_dag.py
[2026-09-19T20:45:39.617+0000] {processor.py:840} INFO - DAG(s) 'restaurant_pipeline' retrieved from /opt/airflow/dags/restaurant_pipeline_dag.py
[2026-09-19T20:45:39.997+0000] {logging_mixin.py:188} INFO - [2026-09-19T20:45:39.996+0000] {dag.py:3089} INFO - Sync 1 DAGs
[2026-09-19T20:45:40.021+0000] {logging_mixin.py:188} INFO - [2026-09-19T20:45:40.021+0000] {dag.py:3947} INFO - Setting next_dagrun for restaurant_pipeline to 2026-09-18 00:00:00+00:00, run_after=2026-09-19 00:00:00+00:00
[2026-09-19T20:45:40.051+0000] {processor.py:183} INFO - Processing /opt/airflow/dags/restaurant_pipeline_dag.py took 0.466 seconds
[2026-09-19T20:46:10.289+0000] {processor.py:161} INFO - Started process (PID=3049) to work on /opt/airflow/dags/restaurant_pipeline_dag.py
[2026-09-19T20:46:10.290+0000] {processor.py:830} INFO - Processing file /opt/airflow/dags/restaurant_pipeline_dag.py for tasks to queue
[2026-09-19T20:46:10.291+0000] {logging_mixin.py:188} INFO - [2026-09-19T20:46:10.290+0000] {dagbag.py:545} INFO - Filling up the DagBag from /opt/airflow/dags/restaurant_pipeline_dag.py
[2026-09-19T20:46:10.304+0000] {processor.py:840} INFO - DAG(s) 'restaurant_pipeline' retrieved from /opt/airflow/dags/restaurant_pipeline_dag.py
[2026-09-19T20:46:10.347+0000] {logging_mixin.py:188} INFO - [2026-09-19T20:46:10.346+0000] {dag.py:3089} INFO - Sync 1 DAGs
[2026-09-19T20:46:10.376+0000] {logging_mixin.py:188} INFO - [2026-09-19T20:46:10.376+0000] {dag.py:3947} INFO - Setting next_dagrun for restaurant_pipeline to 2026-09-18 00:00:00+00:00, run_after=2026-09-19 00:00:00+00:00
[2026-09-19T20:46:10.402+0000] {processor.py:183} INFO - Processing /opt/airflow/dags/restaurant_pipeline_dag.py took 0.121 seconds
[2026-09-19T20:46:40.633+0000] {processor.py:161} INFO - Started process (PID=3059) to work on /opt/airflow/dags/restaurant_pipeline_dag.py
[2026-09-19T20:46:40.634+0000] {processor.py:830} INFO - Processing file /opt/airflow/dags/restaurant_pipeline_dag.py for tasks to queue
[2026-09-19T20:46:40.635+0000] {logging_mixin.py:188} INFO - [2026-09-19T20:46:40.635+0000] {dagbag.py:545} INFO - Filling up the DagBag from /opt/airflow/dags/restaurant_pipeline_dag.py
[2026-09-19T20:46:40.648+0000] {processor.py:840} INFO - DAG(s) 'restaurant_pipeline' retrieved from /opt/airflow/dags/restaurant_pipeline_dag.py
[2026-09-19T20:46:40.692+0000] {logging_mixin.py:188} INFO - [2026-09-19T20:46:40.691+0000] {dag.py:3089} INFO - Sync 1 DAGs
[2026-09-19T20:46:40.721+0000] {logging_mixin.py:188} INFO - [2026-09-19T20:46:40.721+0000] {dag.py:3947} INFO - Setting next_dagrun for restaurant_pipeline to 2026-09-18 00:00:00+00:00, run_after=2026-09-19 00:00:00+00:00
[2026-09-19T20:46:40.905+0000] {processor.py:183} INFO - Processing /opt/airflow/dags/restaurant_pipeline_dag.py took 0.278 seconds
[2026-09-19T20:47:11.137+0000] {processor.py:161} INFO - Started process (PID=3069) to work on /opt/airflow/dags/restaurant_pipeline_dag.py
[2026-09-19T20:47:11.138+0000] {processor.py:830} INFO - Processing file /opt/airflow/dags/restaurant_pipeline_dag.py for tasks to queue
[2026-09-19T20:47:11.139+0000] {logging_mixin.py:188} INFO - [2026-09-19T20:47:11.138+0000] {dagbag.py:545} INFO - Filling up the DagBag from /opt/airflow/dags/restaurant_pipeline_dag.py
[2026-09-19T20:47:11.151+0000] {processor.py:840} INFO - DAG(s) 'restaurant_pipeline' retrieved from /opt/airflow/dags/restaurant_pipeline_dag.py
[2026-09-19T20:47:11.197+0000] {logging_mixin.py:188} INFO - [2026-09-19T20:47:11.197+0000] {dag.py:3089} INFO - Sync 1 DAGs
[2026-09-19T20:47:11.366+0000] {logging_mixin.py:188} INFO - [2026-09-19T20:47:11.366+0000] {dag.py:3947} INFO - Setting next_dagrun for restaurant_pipeline to 2026-09-18 00:00:00+00:00, run_after=2026-09-19 00:00:00+00:00
[2026-09-19T20:47:11.391+0000] {processor.py:183} INFO - Processing /opt/airflow/dags/restaurant_pipeline_dag.py took 0.260 seconds
[2026-09-19T20:47:41.631+0000] {processor.py:161} INFO - Started process (PID=3079) to work on /opt/airflow/dags/restaurant_pipeline_dag.py
[2026-09-19T20:47:41.632+0000] {processor.py:830} INFO - Processing file /opt/airflow/dags/restaurant_pipeline_dag.py for tasks to queue
[2026-09-19T20:47:41.632+0000] {logging_mixin.py:188} INFO - [2026-09-19T20:47:41.632+0000] {dagbag.py:545} INFO - Filling up the DagBag from /opt/airflow/dags/restaurant_pipeline_dag.py
[2026-09-19T20:47:41.645+0000] {processor.py:840} INFO - DAG(s) 'restaurant_pipeline' retrieved from /opt/airflow/dags/restaurant_pipeline_dag.py
[2026-09-19T20:47:41.691+0000] {logging_mixin.py:188} INFO - [2026-09-19T20:47:41.690+0000] {dag.py:3089} INFO - Sync 1 DAGs
[2026-09-19T20:47:41.719+0000] {logging_mixin.py:188} INFO - [2026-09-19T20:47:41.719+0000] {dag.py:3947} INFO - Setting next_dagrun for restaurant_pipeline to 2026-09-18 00:00:00+00:00, run_after=2026-09-19 00:00:00+00:00
[2026-09-19T20:47:41.744+0000] {processor.py:183} INFO - Processing /opt/airflow/dags/restaurant_pipeline_dag.py took 0.122 seconds
[2026-09-19T20:48:11.963+0000] {processor.py:161} INFO - Started process (PID=3089) to work on /opt/airflow/dags/restaurant_pipeline_dag.py
[2026-09-19T20:48:11.964+0000] {processor.py:830} INFO - Processing file /opt/airflow/dags/restaurant_pipeline_dag.py for tasks to queue
[2026-09-19T20:48:11.965+0000] {logging_mixin.py:188} INFO - [2026-09-19T20:48:11.965+0000] {dagbag.py:545} INFO - Filling up the DagBag from /opt/airflow/dags/restaurant_pipeline_dag.py
[2026-09-19T20:48:11.979+0000] {processor.py:840} INFO - DAG(s) 'restaurant_pipeline' retrieved from /opt/airflow/dags/restaurant_pipeline_dag.py
[2026-09-19T20:48:12.022+0000] {logging_mixin.py:188} INFO - [2026-09-19T20:48:12.022+0000] {dag.py:3089} INFO - Sync 1 DAGs
[2026-09-19T20:48:12.050+0000] {logging_mixin.py:188} INFO - [2026-09-19T20:48:12.050+0000] {dag.py:3947} INFO - Setting next_dagrun for restaurant_pipeline to 2026-09-18 00:00:00+00:00, run_after=2026-09-19 00:00:00+00:00
[2026-09-19T20:48:12.074+0000] {processor.py:183} INFO - Processing /opt/airflow/dags/restaurant_pipeline_dag.py took 0.117 seconds
[2026-09-19T20:48:42.307+0000] {processor.py:161} INFO - Started process (PID=3099) to work on /opt/airflow/dags/restaurant_pipeline_dag.py
[2026-09-19T20:48:42.308+0000] {processor.py:830} INFO - Processing file /opt/airflow/dags/restaurant_pipeline_dag.py for tasks to queue
[2026-09-19T20:48:42.311+0000] {logging_mixin.py:188} INFO - [2026-09-19T20:48:42.310+0000] {dagbag.py:545} INFO - Filling up the DagBag from /opt/airflow/dags/restaurant_pipeline_dag.py
[2026-09-19T20:48:42.330+0000] {processor.py:840} INFO - DAG(s) 'restaurant_pipeline' retrieved from /opt/airflow/dags/restaurant_pipeline_dag.py
[2026-09-19T20:48:42.381+0000] {logging_mixin.py:188} INFO - [2026-09-19T20:48:42.381+0000] {dag.py:3089} INFO - Sync 1 DAGs
[2026-09-19T20:48:42.415+0000] {logging_mixin.py:188} INFO - [2026-09-19T20:48:42.415+0000] {dag.py:3947} INFO - Setting next_dagrun for restaurant_pipeline to 2026-09-18 00:00:00+00:00, run_after=2026-09-19 00:00:00+00:00
[2026-09-19T20:48:42.596+0000] {processor.py:183} INFO - Processing /opt/airflow/dags/restaurant_pipeline_dag.py took 0.298 seconds
[2026-09-19T20:49:12.827+0000] {processor.py:161} INFO - Started process (PID=3109) to work on /opt/airflow/dags/restaurant_pipeline_dag.py
[2026-09-19T20:49:12.828+0000] {processor.py:830} INFO - Processing file /opt/airflow/dags/restaurant_pipeline_dag.py for tasks to queue
[2026-09-19T20:49:12.829+0000] {logging_mixin.py:188} INFO - [2026-09-19T20:49:12.828+0000] {dagbag.py:545} INFO - Filling up the DagBag from /opt/airflow/dags/restaurant_pipeline_dag.py
[2026-09-19T20:49:12.842+0000] {processor.py:840} INFO - DAG(s) 'restaurant_pipeline' retrieved from /opt/airflow/dags/restaurant_pipeline_dag.py
[2026-09-19T20:49:12.885+0000] {logging_mixin.py:188} INFO - [2026-09-19T20:49:12.884+0000] {dag.py:3089} INFO - Sync 1 DAGs
[2026-09-19T20:49:13.050+0000] {logging_mixin.py:188} INFO - [2026-09-19T20:49:13.049+0000] {dag.py:3947} INFO - Setting next_dagrun for restaurant_pipeline to 2026-09-18 00:00:00+00:00, run_after=2026-09-19 00:00:00+00:00
[2026-09-19T20:49:13.073+0000] {processor.py:183} INFO - Processing /opt/airflow/dags/restaurant_pipeline_dag.py took 0.253 seconds
[2026-09-19T20:49:43.303+0000] {processor.py:161} INFO - Started process (PID=3119) to work on /opt/airflow/dags/restaurant_pipeline_dag.py
[2026-09-19T20:49:43.304+0000] {processor.py:830} INFO - Processing file /opt/airflow/dags/restaurant_pipeline_dag.py for tasks to queue
[2026-09-19T20:49:43.306+0000] {logging_mixin.py:188} INFO - [2026-09-19T20:49:43.305+0000] {dagbag.py:545} INFO - Filling up the DagBag from /opt/airflow/dags/restaurant_pipeline_dag.py
[2026-09-19T20:49:43.321+0000] {processor.py:840} INFO - DAG(s) 'restaurant_pipeline' retrieved from /opt/airflow/dags/restaurant_pipeline_dag.py
[2026-09-19T20:49:43.373+0000] {logging_mixin.py:188} INFO - [2026-09-19T20:49:43.373+0000] {dag.py:3089} INFO - Sync 1 DAGs
[2026-09-19T20:49:43.402+0000] {logging_mixin.py:188} INFO - [2026-09-19T20:49:43.401+0000] {dag.py:3947} INFO - Setting next_dagrun for restaurant_pipeline to 2026-09-18 00:00:00+00:00, run_after=2026-09-19 00:00:00+00:00
[2026-09-19T20:49:43.427+0000] {processor.py:183} INFO - Processing /opt/airflow/dags/restaurant_pipeline_dag.py took 0.132 seconds
[2026-09-19T20:50:13.643+0000] {processor.py:161} INFO - Started process (PID=3129) to work on /opt/airflow/dags/restaurant_pipeline_dag.py
[2026-09-19T20:50:13.644+0000] {processor.py:830} INFO - Processing file /opt/airflow/dags/restaurant_pipeline_dag.py for tasks to queue
[2026-09-19T20:50:13.645+0000] {logging_mixin.py:188} INFO - [2026-09-19T20:50:13.644+0000] {dagbag.py:545} INFO - Filling up the DagBag from /opt/airflow/dags/restaurant_pipeline_dag.py
[2026-09-19T20:50:13.658+0000] {processor.py:840} INFO - DAG(s) 'restaurant_pipeline' retrieved from /opt/airflow/dags/restaurant_pipeline_dag.py
[2026-09-19T20:50:13.701+0000] {logging_mixin.py:188} INFO - [2026-09-19T20:50:13.701+0000] {dag.py:3089} INFO - Sync 1 DAGs
[2026-09-19T20:50:13.730+0000] {logging_mixin.py:188} INFO - [2026-09-19T20:50:13.730+0000] {dag.py:3947} INFO - Setting next_dagrun for restaurant_pipeline to 2026-09-18 00:00:00+00:00, run_after=2026-09-19 00:00:00+00:00
[2026-09-19T20:50:13.754+0000] {processor.py:183} INFO - Processing /opt/airflow/dags/restaurant_pipeline_dag.py took 0.120 seconds
[2026-09-19T20:50:43.971+0000] {processor.py:161} INFO - Started process (PID=3139) to work on /opt/airflow/dags/restaurant_pipeline_dag.py
[2026-09-19T20:50:43.972+0000] {processor.py:830} INFO - Processing file /opt/airflow/dags/restaurant_pipeline_dag.py for tasks to queue
[2026-09-19T20:50:43.973+0000] {logging_mixin.py:188} INFO - [2026-09-19T20:50:43.973+0000] {dagbag.py:545} INFO - Filling up the DagBag from /opt/airflow/dags/restaurant_pipeline_dag.py
[2026-09-19T20:50:43.986+0000] {processor.py:840} INFO - DAG(s) 'restaurant_pipeline' retrieved from /opt/airflow/dags/restaurant_pipeline_dag.py
[2026-09-19T20:50:44.029+0000] {logging_mixin.py:188} INFO - [2026-09-19T20:50:44.029+0000] {dag.py:3089} INFO - Sync 1 DAGs
[2026-09-19T20:50:44.059+0000] {logging_mixin.py:188} INFO - [2026-09-19T20:50:44.059+0000] {dag.py:3947} INFO - Setting next_dagrun for restaurant_pipeline to 2026-09-18 00:00:00+00:00, run_after=2026-09-19 00:00:00+00:00
[2026-09-19T20:50:44.232+0000] {processor.py:183} INFO - Processing /opt/airflow/dags/restaurant_pipeline_dag.py took 0.267 seconds
[2026-09-19T20:51:14.457+0000] {processor.py:161} INFO - Started process (PID=3149) to work on /opt/airflow/dags/restaurant_pipeline_dag.py
[2026-09-19T20:51:14.458+0000] {processor.py:830} INFO - Processing file /opt/airflow/dags/restaurant_pipeline_dag.py for tasks to queue
[2026-09-19T20:51:14.459+0000] {logging_mixin.py:188} INFO - [2026-09-19T20:51:14.458+0000] {dagbag.py:545} INFO - Filling up the DagBag from /opt/airflow/dags/restaurant_pipeline_dag.py
[2026-09-19T20:51:14.472+0000] {processor.py:840} INFO - DAG(s) 'restaurant_pipeline' retrieved from /opt/airflow/dags/restaurant_pipeline_dag.py
[2026-09-19T20:51:14.515+0000] {logging_mixin.py:188} INFO - [2026-09-19T20:51:14.514+0000] {dag.py:3089} INFO - Sync 1 DAGs
[2026-09-19T20:51:14.686+0000] {logging_mixin.py:188} INFO - [2026-09-19T20:51:14.686+0000] {dag.py:3947} INFO - Setting next_dagrun for restaurant_pipeline to 2026-09-18 00:00:00+00:00, run_after=2026-09-19 00:00:00+00:00
[2026-09-19T20:51:14.710+0000] {processor.py:183} INFO - Processing /opt/airflow/dags/restaurant_pipeline_dag.py took 0.260 seconds
[2026-09-19T20:51:44.937+0000] {processor.py:161} INFO - Started process (PID=3159) to work on /opt/airflow/dags/restaurant_pipeline_dag.py
[2026-09-19T20:51:44.938+0000] {processor.py:830} INFO - Processing file /opt/airflow/dags/restaurant_pipeline_dag.py for tasks to queue
[2026-09-19T20:51:44.939+0000] {logging_mixin.py:188} INFO - [2026-09-19T20:51:44.938+0000] {dagbag.py:545} INFO - Filling up the DagBag from /opt/airflow/dags/restaurant_pipeline_dag.py
[2026-09-19T20:51:44.952+0000] {processor.py:840} INFO - DAG(s) 'restaurant_pipeline' retrieved from /opt/airflow/dags/restaurant_pipeline_dag.py
[2026-09-19T20:51:44.995+0000] {logging_mixin.py:188} INFO - [2026-09-19T20:51:44.995+0000] {dag.py:3089} INFO - Sync 1 DAGs
[2026-09-19T20:51:45.024+0000] {logging_mixin.py:188} INFO - [2026-09-19T20:51:45.023+0000] {dag.py:3947} INFO - Setting next_dagrun for restaurant_pipeline to 2026-09-18 00:00:00+00:00, run_after=2026-09-19 00:00:00+00:00
[2026-09-19T20:51:45.048+0000] {processor.py:183} INFO - Processing /opt/airflow/dags/restaurant_pipeline_dag.py took 0.118 seconds
[2026-09-19T20:52:15.267+0000] {processor.py:161} INFO - Started process (PID=3169) to work on /opt/airflow/dags/restaurant_pipeline_dag.py
[2026-09-19T20:52:15.268+0000] {processor.py:830} INFO - Processing file /opt/airflow/dags/restaurant_pipeline_dag.py for tasks to queue
[2026-09-19T20:52:15.270+0000] {logging_mixin.py:188} INFO - [2026-09-19T20:52:15.269+0000] {dagbag.py:545} INFO - Filling up the DagBag from /opt/airflow/dags/restaurant_pipeline_dag.py
[2026-09-19T20:52:15.286+0000] {processor.py:840} INFO - DAG(s) 'restaurant_pipeline' retrieved from /opt/airflow/dags/restaurant_pipeline_dag.py
[2026-09-19T20:52:15.330+0000] {logging_mixin.py:188} INFO - [2026-09-19T20:52:15.329+0000] {dag.py:3089} INFO - Sync 1 DAGs
[2026-09-19T20:52:15.359+0000] {logging_mixin.py:188} INFO - [2026-09-19T20:52:15.358+0000] {dag.py:3947} INFO - Setting next_dagrun for restaurant_pipeline to 2026-09-18 00:00:00+00:00, run_after=2026-09-19 00:00:00+00:00
[2026-09-19T20:52:15.385+0000] {processor.py:183} INFO - Processing /opt/airflow/dags/restaurant_pipeline_dag.py took 0.127 seconds
[2026-09-19T20:52:45.599+0000] {processor.py:161} INFO - Started process (PID=3179) to work on /opt/airflow/dags/restaurant_pipeline_dag.py
[2026-09-19T20:52:45.600+0000] {processor.py:830} INFO - Processing file /opt/airflow/dags/restaurant_pipeline_dag.py for tasks to queue
[2026-09-19T20:52:45.601+0000] {logging_mixin.py:188} INFO - [2026-09-19T20:52:45.600+0000] {dagbag.py:545} INFO - Filling up the DagBag from /opt/airflow/dags/restaurant_pipeline_dag.py
[2026-09-19T20:52:45.614+0000] {processor.py:840} INFO - DAG(s) 'restaurant_pipeline' retrieved from /opt/airflow/dags/restaurant_pipeline_dag.py
[2026-09-19T20:52:45.665+0000] {logging_mixin.py:188} INFO - [2026-09-19T20:52:45.664+0000] {dag.py:3089} INFO - Sync 1 DAGs
[2026-09-19T20:52:45.696+0000] {logging_mixin.py:188} INFO - [2026-09-19T20:52:45.695+0000] {dag.py:3947} INFO - Setting next_dagrun for restaurant_pipeline to 2026-09-18 00:00:00+00:00, run_after=2026-09-19 00:00:00+00:00
[2026-09-19T20:52:45.854+0000] {processor.py:183} INFO - Processing /opt/airflow/dags/restaurant_pipeline_dag.py took 0.262 seconds
[2026-09-19T20:53:16.075+0000] {processor.py:161} INFO - Started process (PID=3189) to work on /opt/airflow/dags/restaurant_pipeline_dag.py
[2026-09-19T20:53:16.076+0000] {processor.py:830} INFO - Processing file /opt/airflow/dags/restaurant_pipeline_dag.py for tasks to queue
[2026-09-19T20:53:16.076+0000] {logging_mixin.py:188} INFO - [2026-09-19T20:53:16.076+0000] {dagbag.py:545} INFO - Filling up the DagBag from /opt/airflow/dags/restaurant_pipeline_dag.py
[2026-09-19T20:53:16.094+0000] {processor.py:840} INFO - DAG(s) 'restaurant_pipeline' retrieved from /opt/airflow/dags/restaurant_pipeline_dag.py
[2026-09-19T20:53:16.142+0000] {logging_mixin.py:188} INFO - [2026-09-19T20:53:16.142+0000] {dag.py:3089} INFO - Sync 1 DAGs
[2026-09-19T20:53:16.313+0000] {logging_mixin.py:188} INFO - [2026-09-19T20:53:16.312+0000] {dag.py:3947} INFO - Setting next_dagrun for restaurant_pipeline to 2026-09-18 00:00:00+00:00, run_after=2026-09-19 00:00:00+00:00
[2026-09-19T20:53:16.338+0000] {processor.py:183} INFO - Processing /opt/airflow/dags/restaurant_pipeline_dag.py took 0.270 seconds
[2026-09-19T20:53:46.567+0000] {processor.py:161} INFO - Started process (PID=3199) to work on /opt/airflow/dags/restaurant_pipeline_dag.py
[2026-09-19T20:53:46.568+0000] {processor.py:830} INFO - Processing file /opt/airflow/dags/restaurant_pipeline_dag.py for tasks to queue
[2026-09-19T20:53:46.569+0000] {logging_mixin.py:188} INFO - [2026-09-19T20:53:46.569+0000] {dagbag.py:545} INFO - Filling up the DagBag from /opt/airflow/dags/restaurant_pipeline_dag.py
[2026-09-19T20:53:46.583+0000] {processor.py:840} INFO - DAG(s) 'restaurant_pipeline' retrieved from /opt/airflow/dags/restaurant_pipeline_dag.py
[2026-09-19T20:53:46.766+0000] {logging_mixin.py:188} INFO - [2026-09-19T20:53:46.766+0000] {dag.py:3089} INFO - Sync 1 DAGs
[2026-09-19T20:53:46.791+0000] {logging_mixin.py:188} INFO - [2026-09-19T20:53:46.791+0000] {dag.py:3947} INFO - Setting next_dagrun for restaurant_pipeline to 2026-09-18 00:00:00+00:00, run_after=2026-09-19 00:00:00+00:00
[2026-09-19T20:53:46.811+0000] {processor.py:183} INFO - Processing /opt/airflow/dags/restaurant_pipeline_dag.py took 0.251 seconds
[2026-09-19T20:54:16.986+0000] {processor.py:161} INFO - Started process (PID=3209) to work on /opt/airflow/dags/restaurant_pipeline_dag.py
[2026-09-19T20:54:16.988+0000] {processor.py:830} INFO - Processing file /opt/airflow/dags/restaurant_pipeline_dag.py for tasks to queue
[2026-09-19T20:54:16.989+0000] {logging_mixin.py:188} INFO - [2026-09-19T20:54:16.988+0000] {dagbag.py:545} INFO - Filling up the DagBag from /opt/airflow/dags/restaurant_pipeline_dag.py
[2026-09-19T20:54:17.002+0000] {processor.py:840} INFO - DAG(s) 'restaurant_pipeline' retrieved from /opt/airflow/dags/restaurant_pipeline_dag.py
[2026-09-19T20:54:17.055+0000] {logging_mixin.py:188} INFO - [2026-09-19T20:54:17.055+0000] {dag.py:3089} INFO - Sync 1 DAGs
[2026-09-19T20:54:17.085+0000] {logging_mixin.py:188} INFO - [2026-09-19T20:54:17.085+0000] {dag.py:3947} INFO - Setting next_dagrun for restaurant_pipeline to 2026-09-18 00:00:00+00:00, run_after=2026-09-19 00:00:00+00:00
[2026-09-19T20:54:17.117+0000] {processor.py:183} INFO - Processing /opt/airflow/dags/restaurant_pipeline_dag.py took 0.137 seconds
[2026-09-19T20:54:47.342+0000] {processor.py:161} INFO - Started process (PID=3219) to work on /opt/airflow/dags/restaurant_pipeline_dag.py
[2026-09-19T20:54:47.343+0000] {processor.py:830} INFO - Processing file /opt/airflow/dags/restaurant_pipeline_dag.py for tasks to queue
[2026-09-19T20:54:47.344+0000] {logging_mixin.py:188} INFO - [2026-09-19T20:54:47.344+0000] {dagbag.py:545} INFO - Filling up the DagBag from /opt/airflow/dags/restaurant_pipeline_dag.py
[2026-09-19T20:54:47.357+0000] {processor.py:840} INFO - DAG(s) 'restaurant_pipeline' retrieved from /opt/airflow/dags/restaurant_pipeline_dag.py
[2026-09-19T20:54:47.400+0000] {logging_mixin.py:188} INFO - [2026-09-19T20:54:47.400+0000] {dag.py:3089} INFO - Sync 1 DAGs
[2026-09-19T20:54:47.432+0000] {logging_mixin.py:188} INFO - [2026-09-19T20:54:47.432+0000] {dag.py:3947} INFO - Setting next_dagrun for restaurant_pipeline to 2026-09-18 00:00:00+00:00, run_after=2026-09-19 00:00:00+00:00
[2026-09-19T20:54:47.610+0000] {processor.py:183} INFO - Processing /opt/airflow/dags/restaurant_pipeline_dag.py took 0.274 seconds
[2026-09-19T20:55:17.840+0000] {processor.py:161} INFO - Started process (PID=3229) to work on /opt/airflow/dags/restaurant_pipeline_dag.py
[2026-09-19T20:55:17.841+0000] {processor.py:830} INFO - Processing file /opt/airflow/dags/restaurant_pipeline_dag.py for tasks to queue
[2026-09-19T20:55:17.842+0000] {logging_mixin.py:188} INFO - [2026-09-19T20:55:17.842+0000] {dagbag.py:545} INFO - Filling up the DagBag from /opt/airflow/dags/restaurant_pipeline_dag.py
[2026-09-19T20:55:17.855+0000] {processor.py:840} INFO - DAG(s) 'restaurant_pipeline' retrieved from /opt/airflow/dags/restaurant_pipeline_dag.py
[2026-09-19T20:55:17.900+0000] {logging_mixin.py:188} INFO - [2026-09-19T20:55:17.899+0000] {dag.py:3089} INFO - Sync 1 DAGs
[2026-09-19T20:55:18.074+0000] {logging_mixin.py:188} INFO - [2026-09-19T20:55:18.074+0000] {dag.py:3947} INFO - Setting next_dagrun for restaurant_pipeline to 2026-09-18 00:00:00+00:00, run_after=2026-09-19 00:00:00+00:00
[2026-09-19T20:55:18.096+0000] {processor.py:183} INFO - Processing /opt/airflow/dags/restaurant_pipeline_dag.py took 0.262 seconds
[2026-09-19T20:55:48.313+0000] {processor.py:161} INFO - Started process (PID=3239) to work on /opt/airflow/dags/restaurant_pipeline_dag.py
[2026-09-19T20:55:48.314+0000] {processor.py:830} INFO - Processing file /opt/airflow/dags/restaurant_pipeline_dag.py for tasks to queue
[2026-09-19T20:55:48.315+0000] {logging_mixin.py:188} INFO - [2026-09-19T20:55:48.314+0000] {dagbag.py:545} INFO - Filling up the DagBag from /opt/airflow/dags/restaurant_pipeline_dag.py
[2026-09-19T20:55:48.330+0000] {processor.py:840} INFO - DAG(s) 'restaurant_pipeline' retrieved from /opt/airflow/dags/restaurant_pipeline_dag.py
[2026-09-19T20:55:48.547+0000] {logging_mixin.py:188} INFO - [2026-09-19T20:55:48.547+0000] {dag.py:3089} INFO - Sync 1 DAGs
[2026-09-19T20:55:48.579+0000] {logging_mixin.py:188} INFO - [2026-09-19T20:55:48.579+0000] {dag.py:3947} INFO - Setting next_dagrun for restaurant_pipeline to 2026-09-18 00:00:00+00:00, run_after=2026-09-19 00:00:00+00:00
[2026-09-19T20:55:48.601+0000] {processor.py:183} INFO - Processing /opt/airflow/dags/restaurant_pipeline_dag.py took 0.295 seconds
[2026-09-19T20:56:18.694+0000] {processor.py:161} INFO - Started process (PID=3249) to work on /opt/airflow/dags/restaurant_pipeline_dag.py
[2026-09-19T20:56:18.695+0000] {processor.py:830} INFO - Processing file /opt/airflow/dags/restaurant_pipeline_dag.py for tasks to queue
[2026-09-19T20:56:18.696+0000] {logging_mixin.py:188} INFO - [2026-09-19T20:56:18.695+0000] {dagbag.py:545} INFO - Filling up the DagBag from /opt/airflow/dags/restaurant_pipeline_dag.py
[2026-09-19T20:56:18.709+0000] {processor.py:840} INFO - DAG(s) 'restaurant_pipeline' retrieved from /opt/airflow/dags/restaurant_pipeline_dag.py
[2026-09-19T20:56:18.753+0000] {logging_mixin.py:188} INFO - [2026-09-19T20:56:18.752+0000] {dag.py:3089} INFO - Sync 1 DAGs
[2026-09-19T20:56:18.782+0000] {logging_mixin.py:188} INFO - [2026-09-19T20:56:18.782+0000] {dag.py:3947} INFO - Setting next_dagrun for restaurant_pipeline to 2026-09-18 00:00:00+00:00, run_after=2026-09-19 00:00:00+00:00
[2026-09-19T20:56:18.807+0000] {processor.py:183} INFO - Processing /opt/airflow/dags/restaurant_pipeline_dag.py took 0.120 seconds
[2026-09-19T20:56:49.038+0000] {processor.py:161} INFO - Started process (PID=3259) to work on /opt/airflow/dags/restaurant_pipeline_dag.py
[2026-09-19T20:56:49.039+0000] {processor.py:830} INFO - Processing file /opt/airflow/dags/restaurant_pipeline_dag.py for tasks to queue
[2026-09-19T20:56:49.040+0000] {logging_mixin.py:188} INFO - [2026-09-19T20:56:49.039+0000] {dagbag.py:545} INFO - Filling up the DagBag from /opt/airflow/dags/restaurant_pipeline_dag.py
[2026-09-19T20:56:49.053+0000] {processor.py:840} INFO - DAG(s) 'restaurant_pipeline' retrieved from /opt/airflow/dags/restaurant_pipeline_dag.py
[2026-09-19T20:56:49.095+0000] {logging_mixin.py:188} INFO - [2026-09-19T20:56:49.095+0000] {dag.py:3089} INFO - Sync 1 DAGs
[2026-09-19T20:56:49.124+0000] {logging_mixin.py:188} INFO - [2026-09-19T20:56:49.124+0000] {dag.py:3947} INFO - Setting next_dagrun for restaurant_pipeline to 2026-09-18 00:00:00+00:00, run_after=2026-09-19 00:00:00+00:00
[2026-09-19T20:56:49.281+0000] {processor.py:183} INFO - Processing /opt/airflow/dags/restaurant_pipeline_dag.py took 0.250 seconds
[2026-09-19T20:57:19.488+0000] {processor.py:161} INFO - Started process (PID=3269) to work on /opt/airflow/dags/restaurant_pipeline_dag.py
[2026-09-19T20:57:19.489+0000] {processor.py:830} INFO - Processing file /opt/airflow/dags/restaurant_pipeline_dag.py for tasks to queue
[2026-09-19T20:57:19.490+0000] {logging_mixin.py:188} INFO - [2026-09-19T20:57:19.489+0000] {dagbag.py:545} INFO - Filling up the DagBag from /opt/airflow/dags/restaurant_pipeline_dag.py
[2026-09-19T20:57:19.507+0000] {processor.py:840} INFO - DAG(s) 'restaurant_pipeline' retrieved from /opt/airflow/dags/restaurant_pipeline_dag.py
[2026-09-19T20:57:19.561+0000] {logging_mixin.py:188} INFO - [2026-09-19T20:57:19.561+0000] {dag.py:3089} INFO - Sync 1 DAGs
[2026-09-19T20:57:19.749+0000] {logging_mixin.py:188} INFO - [2026-09-19T20:57:19.749+0000] {dag.py:3947} INFO - Setting next_dagrun for restaurant_pipeline to 2026-09-18 00:00:00+00:00, run_after=2026-09-19 00:00:00+00:00
[2026-09-19T20:57:19.770+0000] {processor.py:183} INFO - Processing /opt/airflow/dags/restaurant_pipeline_dag.py took 0.293 seconds
[2026-09-19T20:57:49.998+0000] {processor.py:161} INFO - Started process (PID=3279) to work on /opt/airflow/dags/restaurant_pipeline_dag.py
[2026-09-19T20:57:49.999+0000] {processor.py:830} INFO - Processing file /opt/airflow/dags/restaurant_pipeline_dag.py for tasks to queue
[2026-09-19T20:57:50.000+0000] {logging_mixin.py:188} INFO - [2026-09-19T20:57:49.999+0000] {dagbag.py:545} INFO - Filling up the DagBag from /opt/airflow/dags/restaurant_pipeline_dag.py
[2026-09-19T20:57:50.012+0000] {processor.py:840} INFO - DAG(s) 'restaurant_pipeline' retrieved from /opt/airflow/dags/restaurant_pipeline_dag.py
[2026-09-19T20:57:50.262+0000] {logging_mixin.py:188} INFO - [2026-09-19T20:57:50.262+0000] {dag.py:3089} INFO - Sync 1 DAGs
[2026-09-19T20:57:50.301+0000] {logging_mixin.py:188} INFO - [2026-09-19T20:57:50.301+0000] {dag.py:3947} INFO - Setting next_dagrun for restaurant_pipeline to 2026-09-18 00:00:00+00:00, run_after=2026-09-19 00:00:00+00:00
[2026-09-19T20:57:50.330+0000] {processor.py:183} INFO - Processing /opt/airflow/dags/restaurant_pipeline_dag.py took 0.339 seconds
[2026-09-19T20:58:20.417+0000] {processor.py:161} INFO - Started process (PID=3289) to work on /opt/airflow/dags/restaurant_pipeline_dag.py
[2026-09-19T20:58:20.417+0000] {processor.py:830} INFO - Processing file /opt/airflow/dags/restaurant_pipeline_dag.py for tasks to queue
[2026-09-19T20:58:20.418+0000] {logging_mixin.py:188} INFO - [2026-09-19T20:58:20.418+0000] {dagbag.py:545} INFO - Filling up the DagBag from /opt/airflow/dags/restaurant_pipeline_dag.py
[2026-09-19T20:58:20.431+0000] {processor.py:840} INFO - DAG(s) 'restaurant_pipeline' retrieved from /opt/airflow/dags/restaurant_pipeline_dag.py
[2026-09-19T20:58:20.474+0000] {logging_mixin.py:188} INFO - [2026-09-19T20:58:20.474+0000] {dag.py:3089} INFO - Sync 1 DAGs
[2026-09-19T20:58:20.503+0000] {logging_mixin.py:188} INFO - [2026-09-19T20:58:20.503+0000] {dag.py:3947} INFO - Setting next_dagrun for restaurant_pipeline to 2026-09-18 00:00:00+00:00, run_after=2026-09-19 00:00:00+00:00
[2026-09-19T20:58:20.526+0000] {processor.py:183} INFO - Processing /opt/airflow/dags/restaurant_pipeline_dag.py took 0.116 seconds
[2026-09-19T20:58:50.751+0000] {processor.py:161} INFO - Started process (PID=3299) to work on /opt/airflow/dags/restaurant_pipeline_dag.py
[2026-09-19T20:58:50.754+0000] {processor.py:830} INFO - Processing file /opt/airflow/dags/restaurant_pipeline_dag.py for tasks to queue
[2026-09-19T20:58:50.755+0000] {logging_mixin.py:188} INFO - [2026-09-19T20:58:50.755+0000] {dagbag.py:545} INFO - Filling up the DagBag from /opt/airflow/dags/restaurant_pipeline_dag.py
[2026-09-19T20:58:50.771+0000] {processor.py:840} INFO - DAG(s) 'restaurant_pipeline' retrieved from /opt/airflow/dags/restaurant_pipeline_dag.py
[2026-09-19T20:58:50.817+0000] {logging_mixin.py:188} INFO - [2026-09-19T20:58:50.817+0000] {dag.py:3089} INFO - Sync 1 DAGs
[2026-09-19T20:58:50.847+0000] {logging_mixin.py:188} INFO - [2026-09-19T20:58:50.847+0000] {dag.py:3947} INFO - Setting next_dagrun for restaurant_pipeline to 2026-09-18 00:00:00+00:00, run_after=2026-09-19 00:00:00+00:00
[2026-09-19T20:58:51.007+0000] {processor.py:183} INFO - Processing /opt/airflow/dags/restaurant_pipeline_dag.py took 0.265 seconds
[2026-09-19T20:59:21.258+0000] {processor.py:161} INFO - Started process (PID=3309) to work on /opt/airflow/dags/restaurant_pipeline_dag.py
[2026-09-19T20:59:21.259+0000] {processor.py:830} INFO - Processing file /opt/airflow/dags/restaurant_pipeline_dag.py for tasks to queue
[2026-09-19T20:59:21.260+0000] {logging_mixin.py:188} INFO - [2026-09-19T20:59:21.260+0000] {dagbag.py:545} INFO - Filling up the DagBag from /opt/airflow/dags/restaurant_pipeline_dag.py
[2026-09-19T20:59:21.273+0000] {processor.py:840} INFO - DAG(s) 'restaurant_pipeline' retrieved from /opt/airflow/dags/restaurant_pipeline_dag.py
[2026-09-19T20:59:21.316+0000] {logging_mixin.py:188} INFO - [2026-09-19T20:59:21.316+0000] {dag.py:3089} INFO - Sync 1 DAGs
[2026-09-19T20:59:21.481+0000] {logging_mixin.py:188} INFO - [2026-09-19T20:59:21.481+0000] {dag.py:3947} INFO - Setting next_dagrun for restaurant_pipeline to 2026-09-18 00:00:00+00:00, run_after=2026-09-19 00:00:00+00:00
[2026-09-19T20:59:21.505+0000] {processor.py:183} INFO - Processing /opt/airflow/dags/restaurant_pipeline_dag.py took 0.253 seconds
[2026-09-19T20:59:51.729+0000] {processor.py:161} INFO - Started process (PID=3319) to work on /opt/airflow/dags/restaurant_pipeline_dag.py
[2026-09-19T20:59:51.730+0000] {processor.py:830} INFO - Processing file /opt/airflow/dags/restaurant_pipeline_dag.py for tasks to queue
[2026-09-19T20:59:51.731+0000] {logging_mixin.py:188} INFO - [2026-09-19T20:59:51.731+0000] {dagbag.py:545} INFO - Filling up the DagBag from /opt/airflow/dags/restaurant_pipeline_dag.py
[2026-09-19T20:59:51.744+0000] {processor.py:840} INFO - DAG(s) 'restaurant_pipeline' retrieved from /opt/airflow/dags/restaurant_pipeline_dag.py
[2026-09-19T20:59:51.926+0000] {logging_mixin.py:188} INFO - [2026-09-19T20:59:51.926+0000] {dag.py:3089} INFO - Sync 1 DAGs
[2026-09-19T20:59:51.952+0000] {logging_mixin.py:188} INFO - [2026-09-19T20:59:51.952+0000] {dag.py:3947} INFO - Setting next_dagrun for restaurant_pipeline to 2026-09-18 00:00:00+00:00, run_after=2026-09-19 00:00:00+00:00
[2026-09-19T20:59:51.976+0000] {processor.py:183} INFO - Processing /opt/airflow/dags/restaurant_pipeline_dag.py took 0.253 seconds
[2026-09-19T21:00:22.097+0000] {processor.py:161} INFO - Started process (PID=3329) to work on /opt/airflow/dags/restaurant_pipeline_dag.py
[2026-09-19T21:00:22.098+0000] {processor.py:830} INFO - Processing file /opt/airflow/dags/restaurant_pipeline_dag.py for tasks to queue
[2026-09-19T21:00:22.099+0000] {logging_mixin.py:188} INFO - [2026-09-19T21:00:22.099+0000] {dagbag.py:545} INFO - Filling up the DagBag from /opt/airflow/dags/restaurant_pipeline_dag.py
[2026-09-19T21:00:22.113+0000] {processor.py:840} INFO - DAG(s) 'restaurant_pipeline' retrieved from /opt/airflow/dags/restaurant_pipeline_dag.py
[2026-09-19T21:00:22.159+0000] {logging_mixin.py:188} INFO - [2026-09-19T21:00:22.158+0000] {dag.py:3089} INFO - Sync 1 DAGs
[2026-09-19T21:00:22.188+0000] {logging_mixin.py:188} INFO - [2026-09-19T21:00:22.188+0000] {dag.py:3947} INFO - Setting next_dagrun for restaurant_pipeline to 2026-09-18 00:00:00+00:00, run_after=2026-09-19 00:00:00+00:00
[2026-09-19T21:00:22.213+0000] {processor.py:183} INFO - Processing /opt/airflow/dags/restaurant_pipeline_dag.py took 0.122 seconds
[2026-09-19T21:00:52.438+0000] {processor.py:161} INFO - Started process (PID=3339) to work on /opt/airflow/dags/restaurant_pipeline_dag.py
[2026-09-19T21:00:52.439+0000] {processor.py:830} INFO - Processing file /opt/airflow/dags/restaurant_pipeline_dag.py for tasks to queue
[2026-09-19T21:00:52.441+0000] {logging_mixin.py:188} INFO - [2026-09-19T21:00:52.440+0000] {dagbag.py:545} INFO - Filling up the DagBag from /opt/airflow/dags/restaurant_pipeline_dag.py
[2026-09-19T21:00:52.454+0000] {processor.py:840} INFO - DAG(s) 'restaurant_pipeline' retrieved from /opt/airflow/dags/restaurant_pipeline_dag.py
[2026-09-19T21:00:52.496+0000] {logging_mixin.py:188} INFO - [2026-09-19T21:00:52.496+0000] {dag.py:3089} INFO - Sync 1 DAGs
[2026-09-19T21:00:52.526+0000] {logging_mixin.py:188} INFO - [2026-09-19T21:00:52.526+0000] {dag.py:3947} INFO - Setting next_dagrun for restaurant_pipeline to 2026-09-18 00:00:00+00:00, run_after=2026-09-19 00:00:00+00:00
[2026-09-19T21:00:52.688+0000] {processor.py:183} INFO - Processing /opt/airflow/dags/restaurant_pipeline_dag.py took 0.257 seconds
[2026-09-19T21:01:22.922+0000] {processor.py:161} INFO - Started process (PID=3349) to work on /opt/airflow/dags/restaurant_pipeline_dag.py
[2026-09-19T21:01:22.923+0000] {processor.py:830} INFO - Processing file /opt/airflow/dags/restaurant_pipeline_dag.py for tasks to queue
[2026-09-19T21:01:22.924+0000] {logging_mixin.py:188} INFO - [2026-09-19T21:01:22.923+0000] {dagbag.py:545} INFO - Filling up the DagBag from /opt/airflow/dags/restaurant_pipeline_dag.py
[2026-09-19T21:01:22.937+0000] {processor.py:840} INFO - DAG(s) 'restaurant_pipeline' retrieved from /opt/airflow/dags/restaurant_pipeline_dag.py
[2026-09-19T21:01:22.980+0000] {logging_mixin.py:188} INFO - [2026-09-19T21:01:22.979+0000] {dag.py:3089} INFO - Sync 1 DAGs
[2026-09-19T21:01:23.140+0000] {logging_mixin.py:188} INFO - [2026-09-19T21:01:23.139+0000] {dag.py:3947} INFO - Setting next_dagrun for restaurant_pipeline to 2026-09-18 00:00:00+00:00, run_after=2026-09-19 00:00:00+00:00
[2026-09-19T21:01:23.164+0000] {processor.py:183} INFO - Processing /opt/airflow/dags/restaurant_pipeline_dag.py took 0.249 seconds
[2026-09-19T21:01:53.406+0000] {processor.py:161} INFO - Started process (PID=3359) to work on /opt/airflow/dags/restaurant_pipeline_dag.py
[2026-09-19T21:01:53.407+0000] {processor.py:830} INFO - Processing file /opt/airflow/dags/restaurant_pipeline_dag.py for tasks to queue
[2026-09-19T21:01:53.409+0000] {logging_mixin.py:188} INFO - [2026-09-19T21:01:53.408+0000] {dagbag.py:545} INFO - Filling up the DagBag from /opt/airflow/dags/restaurant_pipeline_dag.py
[2026-09-19T21:01:53.422+0000] {processor.py:840} INFO - DAG(s) 'restaurant_pipeline' retrieved from /opt/airflow/dags/restaurant_pipeline_dag.py
[2026-09-19T21:01:53.595+0000] {logging_mixin.py:188} INFO - [2026-09-19T21:01:53.595+0000] {dag.py:3089} INFO - Sync 1 DAGs
[2026-09-19T21:01:53.621+0000] {logging_mixin.py:188} INFO - [2026-09-19T21:01:53.620+0000] {dag.py:3947} INFO - Setting next_dagrun for restaurant_pipeline to 2026-09-18 00:00:00+00:00, run_after=2026-09-19 00:00:00+00:00
[2026-09-19T21:01:53.641+0000] {processor.py:183} INFO - Processing /opt/airflow/dags/restaurant_pipeline_dag.py took 0.241 seconds
[2026-09-19T21:02:23.811+0000] {processor.py:161} INFO - Started process (PID=3369) to work on /opt/airflow/dags/restaurant_pipeline_dag.py
[2026-09-19T21:02:23.812+0000] {processor.py:830} INFO - Processing file /opt/airflow/dags/restaurant_pipeline_dag.py for tasks to queue
[2026-09-19T21:02:23.812+0000] {logging_mixin.py:188} INFO - [2026-09-19T21:02:23.812+0000] {dagbag.py:545} INFO - Filling up the DagBag from /opt/airflow/dags/restaurant_pipeline_dag.py
[2026-09-19T21:02:23.825+0000] {processor.py:840} INFO - DAG(s) 'restaurant_pipeline' retrieved from /opt/airflow/dags/restaurant_pipeline_dag.py
[2026-09-19T21:02:23.872+0000] {logging_mixin.py:188} INFO - [2026-09-19T21:02:23.872+0000] {dag.py:3089} INFO - Sync 1 DAGs
[2026-09-19T21:02:23.900+0000] {logging_mixin.py:188} INFO - [2026-09-19T21:02:23.900+0000] {dag.py:3947} INFO - Setting next_dagrun for restaurant_pipeline to 2026-09-18 00:00:00+00:00, run_after=2026-09-19 00:00:00+00:00
[2026-09-19T21:02:23.924+0000] {processor.py:183} INFO - Processing /opt/airflow/dags/restaurant_pipeline_dag.py took 0.120 seconds
[2026-09-19T21:02:54.154+0000] {processor.py:161} INFO - Started process (PID=3379) to work on /opt/airflow/dags/restaurant_pipeline_dag.py
[2026-09-19T21:02:54.155+0000] {processor.py:830} INFO - Processing file /opt/airflow/dags/restaurant_pipeline_dag.py for tasks to queue
[2026-09-19T21:02:54.156+0000] {logging_mixin.py:188} INFO - [2026-09-19T21:02:54.156+0000] {dagbag.py:545} INFO - Filling up the DagBag from /opt/airflow/dags/restaurant_pipeline_dag.py
[2026-09-19T21:02:54.169+0000] {processor.py:840} INFO - DAG(s) 'restaurant_pipeline' retrieved from /opt/airflow/dags/restaurant_pipeline_dag.py
[2026-09-19T21:02:54.209+0000] {logging_mixin.py:188} INFO - [2026-09-19T21:02:54.208+0000] {dag.py:3089} INFO - Sync 1 DAGs
[2026-09-19T21:02:54.237+0000] {logging_mixin.py:188} INFO - [2026-09-19T21:02:54.236+0000] {dag.py:3947} INFO - Setting next_dagrun for restaurant_pipeline to 2026-09-18 00:00:00+00:00, run_after=2026-09-19 00:00:00+00:00
[2026-09-19T21:02:54.402+0000] {processor.py:183} INFO - Processing /opt/airflow/dags/restaurant_pipeline_dag.py took 0.257 seconds
[2026-09-19T21:03:24.636+0000] {processor.py:161} INFO - Started process (PID=3389) to work on /opt/airflow/dags/restaurant_pipeline_dag.py
[2026-09-19T21:03:24.637+0000] {processor.py:830} INFO - Processing file /opt/airflow/dags/restaurant_pipeline_dag.py for tasks to queue
[2026-09-19T21:03:24.638+0000] {logging_mixin.py:188} INFO - [2026-09-19T21:03:24.638+0000] {dagbag.py:545} INFO - Filling up the DagBag from /opt/airflow/dags/restaurant_pipeline_dag.py
[2026-09-19T21:03:24.653+0000] {processor.py:840} INFO - DAG(s) 'restaurant_pipeline' retrieved from /opt/airflow/dags/restaurant_pipeline_dag.py
[2026-09-19T21:03:24.697+0000] {logging_mixin.py:188} INFO - [2026-09-19T21:03:24.697+0000] {dag.py:3089} INFO - Sync 1 DAGs
[2026-09-19T21:03:24.864+0000] {logging_mixin.py:188} INFO - [2026-09-19T21:03:24.864+0000] {dag.py:3947} INFO - Setting next_dagrun for restaurant_pipeline to 2026-09-18 00:00:00+00:00, run_after=2026-09-19 00:00:00+00:00
[2026-09-19T21:03:24.889+0000] {processor.py:183} INFO - Processing /opt/airflow/dags/restaurant_pipeline_dag.py took 0.259 seconds
[2026-09-19T21:03:55.130+0000] {processor.py:161} INFO - Started process (PID=3399) to work on /opt/airflow/dags/restaurant_pipeline_dag.py
[2026-09-19T21:03:55.131+0000] {processor.py:830} INFO - Processing file /opt/airflow/dags/restaurant_pipeline_dag.py for tasks to queue
[2026-09-19T21:03:55.132+0000] {logging_mixin.py:188} INFO - [2026-09-19T21:03:55.132+0000] {dagbag.py:545} INFO - Filling up the DagBag from /opt/airflow/dags/restaurant_pipeline_dag.py
[2026-09-19T21:03:55.145+0000] {processor.py:840} INFO - DAG(s) 'restaurant_pipeline' retrieved from /opt/airflow/dags/restaurant_pipeline_dag.py
[2026-09-19T21:03:55.333+0000] {logging_mixin.py:188} INFO - [2026-09-19T21:03:55.333+0000] {dag.py:3089} INFO - Sync 1 DAGs
[2026-09-19T21:03:55.362+0000] {logging_mixin.py:188} INFO - [2026-09-19T21:03:55.362+0000] {dag.py:3947} INFO - Setting next_dagrun for restaurant_pipeline to 2026-09-18 00:00:00+00:00, run_after=2026-09-19 00:00:00+00:00
[2026-09-19T21:03:55.387+0000] {processor.py:183} INFO - Processing /opt/airflow/dags/restaurant_pipeline_dag.py took 0.263 seconds
[2026-09-19T21:04:25.609+0000] {processor.py:161} INFO - Started process (PID=3409) to work on /opt/airflow/dags/restaurant_pipeline_dag.py
[2026-09-19T21:04:25.610+0000] {processor.py:830} INFO - Processing file /opt/airflow/dags/restaurant_pipeline_dag.py for tasks to queue
[2026-09-19T21:04:25.610+0000] {logging_mixin.py:188} INFO - [2026-09-19T21:04:25.610+0000] {dagbag.py:545} INFO - Filling up the DagBag from /opt/airflow/dags/restaurant_pipeline_dag.py
[2026-09-19T21:04:25.624+0000] {processor.py:840} INFO - DAG(s) 'restaurant_pipeline' retrieved from /opt/airflow/dags/restaurant_pipeline_dag.py
[2026-09-19T21:04:25.671+0000] {logging_mixin.py:188} INFO - [2026-09-19T21:04:25.670+0000] {dag.py:3089} INFO - Sync 1 DAGs
[2026-09-19T21:04:25.700+0000] {logging_mixin.py:188} INFO - [2026-09-19T21:04:25.700+0000] {dag.py:3947} INFO - Setting next_dagrun for restaurant_pipeline to 2026-09-18 00:00:00+00:00, run_after=2026-09-19 00:00:00+00:00
[2026-09-19T21:04:25.725+0000] {processor.py:183} INFO - Processing /opt/airflow/dags/restaurant_pipeline_dag.py took 0.123 seconds
[2026-09-19T21:04:55.957+0000] {processor.py:161} INFO - Started process (PID=3419) to work on /opt/airflow/dags/restaurant_pipeline_dag.py
[2026-09-19T21:04:55.958+0000] {processor.py:830} INFO - Processing file /opt/airflow/dags/restaurant_pipeline_dag.py for tasks to queue
[2026-09-19T21:04:55.959+0000] {logging_mixin.py:188} INFO - [2026-09-19T21:04:55.959+0000] {dagbag.py:545} INFO - Filling up the DagBag from /opt/airflow/dags/restaurant_pipeline_dag.py
[2026-09-19T21:04:55.972+0000] {processor.py:840} INFO - DAG(s) 'restaurant_pipeline' retrieved from /opt/airflow/dags/restaurant_pipeline_dag.py
[2026-09-19T21:04:56.017+0000] {logging_mixin.py:188} INFO - [2026-09-19T21:04:56.017+0000] {dag.py:3089} INFO - Sync 1 DAGs
[2026-09-19T21:04:56.047+0000] {logging_mixin.py:188} INFO - [2026-09-19T21:04:56.047+0000] {dag.py:3947} INFO - Setting next_dagrun for restaurant_pipeline to 2026-09-18 00:00:00+00:00, run_after=2026-09-19 00:00:00+00:00
[2026-09-19T21:04:56.072+0000] {processor.py:183} INFO - Processing /opt/airflow/dags/restaurant_pipeline_dag.py took 0.122 seconds
[2026-09-19T21:05:26.318+0000] {processor.py:161} INFO - Started process (PID=3435) to work on /opt/airflow/dags/restaurant_pipeline_dag.py
[2026-09-19T21:05:26.319+0000] {processor.py:830} INFO - Processing file /opt/airflow/dags/restaurant_pipeline_dag.py for tasks to queue
[2026-09-19T21:05:26.320+0000] {logging_mixin.py:188} INFO - [2026-09-19T21:05:26.320+0000] {dagbag.py:545} INFO - Filling up the DagBag from /opt/airflow/dags/restaurant_pipeline_dag.py
[2026-09-19T21:05:26.333+0000] {processor.py:840} INFO - DAG(s) 'restaurant_pipeline' retrieved from /opt/airflow/dags/restaurant_pipeline_dag.py
[2026-09-19T21:05:26.384+0000] {logging_mixin.py:188} INFO - [2026-09-19T21:05:26.384+0000] {dag.py:3089} INFO - Sync 1 DAGs
[2026-09-19T21:05:26.415+0000] {logging_mixin.py:188} INFO - [2026-09-19T21:05:26.415+0000] {dag.py:3947} INFO - Setting next_dagrun for restaurant_pipeline to 2026-09-18 00:00:00+00:00, run_after=2026-09-19 00:00:00+00:00
[2026-09-19T21:05:26.441+0000] {processor.py:183} INFO - Processing /opt/airflow/dags/restaurant_pipeline_dag.py took 0.130 seconds
[2026-09-19T21:05:56.653+0000] {processor.py:161} INFO - Started process (PID=3452) to work on /opt/airflow/dags/restaurant_pipeline_dag.py
[2026-09-19T21:05:56.654+0000] {processor.py:830} INFO - Processing file /opt/airflow/dags/restaurant_pipeline_dag.py for tasks to queue
[2026-09-19T21:05:56.655+0000] {logging_mixin.py:188} INFO - [2026-09-19T21:05:56.655+0000] {dagbag.py:545} INFO - Filling up the DagBag from /opt/airflow/dags/restaurant_pipeline_dag.py
[2026-09-19T21:05:56.675+0000] {processor.py:840} INFO - DAG(s) 'restaurant_pipeline' retrieved from /opt/airflow/dags/restaurant_pipeline_dag.py
[2026-09-19T21:05:56.730+0000] {logging_mixin.py:188} INFO - [2026-09-19T21:05:56.729+0000] {dag.py:3089} INFO - Sync 1 DAGs
[2026-09-19T21:05:56.764+0000] {logging_mixin.py:188} INFO - [2026-09-19T21:05:56.764+0000] {dag.py:3947} INFO - Setting next_dagrun for restaurant_pipeline to 2026-09-18 00:00:00+00:00, run_after=2026-09-19 00:00:00+00:00
[2026-09-19T21:05:56.792+0000] {processor.py:183} INFO - Processing /opt/airflow/dags/restaurant_pipeline_dag.py took 0.149 seconds
[2026-09-19T21:06:23.913+0000] {processor.py:161} INFO - Started process (PID=176) to work on /opt/airflow/dags/restaurant_pipeline_dag.py
[2026-09-19T21:06:23.915+0000] {processor.py:830} INFO - Processing file /opt/airflow/dags/restaurant_pipeline_dag.py for tasks to queue
[2026-09-19T21:06:23.918+0000] {logging_mixin.py:188} INFO - [2026-09-19T21:06:23.917+0000] {dagbag.py:545} INFO - Filling up the DagBag from /opt/airflow/dags/restaurant_pipeline_dag.py
[2026-09-19T21:06:23.939+0000] {processor.py:840} INFO - DAG(s) 'restaurant_pipeline' retrieved from /opt/airflow/dags/restaurant_pipeline_dag.py
[2026-09-19T21:06:24.046+0000] {logging_mixin.py:188} INFO - [2026-09-19T21:06:24.045+0000] {dag.py:3089} INFO - Sync 1 DAGs
[2026-09-19T21:06:24.105+0000] {logging_mixin.py:188} INFO - [2026-09-19T21:06:24.105+0000] {dag.py:3947} INFO - Setting next_dagrun for restaurant_pipeline to 2026-09-18 00:00:00+00:00, run_after=2026-09-19 00:00:00+00:00
[2026-09-19T21:06:24.133+0000] {processor.py:183} INFO - Processing /opt/airflow/dags/restaurant_pipeline_dag.py took 0.230 seconds
[2026-09-19T21:06:54.365+0000] {processor.py:161} INFO - Started process (PID=213) to work on /opt/airflow/dags/restaurant_pipeline_dag.py
[2026-09-19T21:06:54.367+0000] {processor.py:830} INFO - Processing file /opt/airflow/dags/restaurant_pipeline_dag.py for tasks to queue
[2026-09-19T21:06:54.370+0000] {logging_mixin.py:188} INFO - [2026-09-19T21:06:54.369+0000] {dagbag.py:545} INFO - Filling up the DagBag from /opt/airflow/dags/restaurant_pipeline_dag.py
[2026-09-19T21:06:54.389+0000] {processor.py:840} INFO - DAG(s) 'restaurant_pipeline' retrieved from /opt/airflow/dags/restaurant_pipeline_dag.py
[2026-09-19T21:06:54.437+0000] {logging_mixin.py:188} INFO - [2026-09-19T21:06:54.437+0000] {dag.py:3089} INFO - Sync 1 DAGs
[2026-09-19T21:06:54.474+0000] {logging_mixin.py:188} INFO - [2026-09-19T21:06:54.473+0000] {dag.py:3947} INFO - Setting next_dagrun for restaurant_pipeline to 2026-09-19 00:00:00+00:00, run_after=2026-09-20 00:00:00+00:00
[2026-09-19T21:06:54.502+0000] {processor.py:183} INFO - Processing /opt/airflow/dags/restaurant_pipeline_dag.py took 0.146 seconds
[2026-09-19T21:07:24.743+0000] {processor.py:161} INFO - Started process (PID=241) to work on /opt/airflow/dags/restaurant_pipeline_dag.py
[2026-09-19T21:07:24.744+0000] {processor.py:830} INFO - Processing file /opt/airflow/dags/restaurant_pipeline_dag.py for tasks to queue
[2026-09-19T21:07:24.747+0000] {logging_mixin.py:188} INFO - [2026-09-19T21:07:24.746+0000] {dagbag.py:545} INFO - Filling up the DagBag from /opt/airflow/dags/restaurant_pipeline_dag.py
[2026-09-19T21:07:24.764+0000] {processor.py:840} INFO - DAG(s) 'restaurant_pipeline' retrieved from /opt/airflow/dags/restaurant_pipeline_dag.py
[2026-09-19T21:07:24.824+0000] {logging_mixin.py:188} INFO - [2026-09-19T21:07:24.823+0000] {dag.py:3089} INFO - Sync 1 DAGs
[2026-09-19T21:07:24.870+0000] {logging_mixin.py:188} INFO - [2026-09-19T21:07:24.869+0000] {dag.py:3947} INFO - Setting next_dagrun for restaurant_pipeline to 2026-09-19 00:00:00+00:00, run_after=2026-09-20 00:00:00+00:00
[2026-09-19T21:07:24.906+0000] {processor.py:183} INFO - Processing /opt/airflow/dags/restaurant_pipeline_dag.py took 0.172 seconds
[2026-09-19T21:07:55.150+0000] {processor.py:161} INFO - Started process (PID=251) to work on /opt/airflow/dags/restaurant_pipeline_dag.py
[2026-09-19T21:07:55.152+0000] {processor.py:830} INFO - Processing file /opt/airflow/dags/restaurant_pipeline_dag.py for tasks to queue
[2026-09-19T21:07:55.155+0000] {logging_mixin.py:188} INFO - [2026-09-19T21:07:55.154+0000] {dagbag.py:545} INFO - Filling up the DagBag from /opt/airflow/dags/restaurant_pipeline_dag.py
[2026-09-19T21:07:55.172+0000] {processor.py:840} INFO - DAG(s) 'restaurant_pipeline' retrieved from /opt/airflow/dags/restaurant_pipeline_dag.py
[2026-09-19T21:07:55.231+0000] {logging_mixin.py:188} INFO - [2026-09-19T21:07:55.231+0000] {dag.py:3089} INFO - Sync 1 DAGs
[2026-09-19T21:07:55.265+0000] {logging_mixin.py:188} INFO - [2026-09-19T21:07:55.264+0000] {dag.py:3947} INFO - Setting next_dagrun for restaurant_pipeline to 2026-09-19 00:00:00+00:00, run_after=2026-09-20 00:00:00+00:00
[2026-09-19T21:07:55.289+0000] {processor.py:183} INFO - Processing /opt/airflow/dags/restaurant_pipeline_dag.py took 0.150 seconds
[2026-09-19T21:08:25.526+0000] {processor.py:161} INFO - Started process (PID=261) to work on /opt/airflow/dags/restaurant_pipeline_dag.py
[2026-09-19T21:08:25.527+0000] {processor.py:830} INFO - Processing file /opt/airflow/dags/restaurant_pipeline_dag.py for tasks to queue
[2026-09-19T21:08:25.529+0000] {logging_mixin.py:188} INFO - [2026-09-19T21:08:25.529+0000] {dagbag.py:545} INFO - Filling up the DagBag from /opt/airflow/dags/restaurant_pipeline_dag.py
[2026-09-19T21:08:25.545+0000] {processor.py:840} INFO - DAG(s) 'restaurant_pipeline' retrieved from /opt/airflow/dags/restaurant_pipeline_dag.py
[2026-09-19T21:08:25.601+0000] {logging_mixin.py:188} INFO - [2026-09-19T21:08:25.601+0000] {dag.py:3089} INFO - Sync 1 DAGs
[2026-09-19T21:08:25.637+0000] {logging_mixin.py:188} INFO - [2026-09-19T21:08:25.637+0000] {dag.py:3947} INFO - Setting next_dagrun for restaurant_pipeline to 2026-09-19 00:00:00+00:00, run_after=2026-09-20 00:00:00+00:00
[2026-09-19T21:08:25.662+0000] {processor.py:183} INFO - Processing /opt/airflow/dags/restaurant_pipeline_dag.py took 0.143 seconds
[2026-09-19T21:08:55.895+0000] {processor.py:161} INFO - Started process (PID=271) to work on /opt/airflow/dags/restaurant_pipeline_dag.py
[2026-09-19T21:08:55.896+0000] {processor.py:830} INFO - Processing file /opt/airflow/dags/restaurant_pipeline_dag.py for tasks to queue
[2026-09-19T21:08:55.898+0000] {logging_mixin.py:188} INFO - [2026-09-19T21:08:55.898+0000] {dagbag.py:545} INFO - Filling up the DagBag from /opt/airflow/dags/restaurant_pipeline_dag.py
[2026-09-19T21:08:55.913+0000] {processor.py:840} INFO - DAG(s) 'restaurant_pipeline' retrieved from /opt/airflow/dags/restaurant_pipeline_dag.py
[2026-09-19T21:08:55.966+0000] {logging_mixin.py:188} INFO - [2026-09-19T21:08:55.966+0000] {dag.py:3089} INFO - Sync 1 DAGs
[2026-09-19T21:08:56.000+0000] {logging_mixin.py:188} INFO - [2026-09-19T21:08:56.000+0000] {dag.py:3947} INFO - Setting next_dagrun for restaurant_pipeline to 2026-09-19 00:00:00+00:00, run_after=2026-09-20 00:00:00+00:00
[2026-09-19T21:08:56.031+0000] {processor.py:183} INFO - Processing /opt/airflow/dags/restaurant_pipeline_dag.py took 0.143 seconds
[2026-09-19T21:09:26.294+0000] {processor.py:161} INFO - Started process (PID=281) to work on /opt/airflow/dags/restaurant_pipeline_dag.py
[2026-09-19T21:09:26.295+0000] {processor.py:830} INFO - Processing file /opt/airflow/dags/restaurant_pipeline_dag.py for tasks to queue
[2026-09-19T21:09:26.298+0000] {logging_mixin.py:188} INFO - [2026-09-19T21:09:26.297+0000] {dagbag.py:545} INFO - Filling up the DagBag from /opt/airflow/dags/restaurant_pipeline_dag.py
[2026-09-19T21:09:26.318+0000] {processor.py:840} INFO - DAG(s) 'restaurant_pipeline' retrieved from /opt/airflow/dags/restaurant_pipeline_dag.py
[2026-09-19T21:09:26.372+0000] {logging_mixin.py:188} INFO - [2026-09-19T21:09:26.372+0000] {dag.py:3089} INFO - Sync 1 DAGs
[2026-09-19T21:09:26.412+0000] {logging_mixin.py:188} INFO - [2026-09-19T21:09:26.412+0000] {dag.py:3947} INFO - Setting next_dagrun for restaurant_pipeline to 2026-09-19 00:00:00+00:00, run_after=2026-09-20 00:00:00+00:00
[2026-09-19T21:09:26.444+0000] {processor.py:183} INFO - Processing /opt/airflow/dags/restaurant_pipeline_dag.py took 0.158 seconds
[2026-09-19T21:09:56.688+0000] {processor.py:161} INFO - Started process (PID=291) to work on /opt/airflow/dags/restaurant_pipeline_dag.py
[2026-09-19T21:09:56.689+0000] {processor.py:830} INFO - Processing file /opt/airflow/dags/restaurant_pipeline_dag.py for tasks to queue
[2026-09-19T21:09:56.692+0000] {logging_mixin.py:188} INFO - [2026-09-19T21:09:56.691+0000] {dagbag.py:545} INFO - Filling up the DagBag from /opt/airflow/dags/restaurant_pipeline_dag.py
[2026-09-19T21:09:56.712+0000] {processor.py:840} INFO - DAG(s) 'restaurant_pipeline' retrieved from /opt/airflow/dags/restaurant_pipeline_dag.py
[2026-09-19T21:09:56.767+0000] {logging_mixin.py:188} INFO - [2026-09-19T21:09:56.767+0000] {dag.py:3089} INFO - Sync 1 DAGs
[2026-09-19T21:09:56.799+0000] {logging_mixin.py:188} INFO - [2026-09-19T21:09:56.799+0000] {dag.py:3947} INFO - Setting next_dagrun for restaurant_pipeline to 2026-09-19 00:00:00+00:00, run_after=2026-09-20 00:00:00+00:00
[2026-09-19T21:09:56.829+0000] {processor.py:183} INFO - Processing /opt/airflow/dags/restaurant_pipeline_dag.py took 0.149 seconds
[2026-09-19T21:10:27.092+0000] {processor.py:161} INFO - Started process (PID=301) to work on /opt/airflow/dags/restaurant_pipeline_dag.py
[2026-09-19T21:10:27.094+0000] {processor.py:830} INFO - Processing file /opt/airflow/dags/restaurant_pipeline_dag.py for tasks to queue
[2026-09-19T21:10:27.097+0000] {logging_mixin.py:188} INFO - [2026-09-19T21:10:27.096+0000] {dagbag.py:545} INFO - Filling up the DagBag from /opt/airflow/dags/restaurant_pipeline_dag.py
[2026-09-19T21:10:27.112+0000] {processor.py:840} INFO - DAG(s) 'restaurant_pipeline' retrieved from /opt/airflow/dags/restaurant_pipeline_dag.py
[2026-09-19T21:10:27.169+0000] {logging_mixin.py:188} INFO - [2026-09-19T21:10:27.169+0000] {dag.py:3089} INFO - Sync 1 DAGs
[2026-09-19T21:10:27.201+0000] {logging_mixin.py:188} INFO - [2026-09-19T21:10:27.200+0000] {dag.py:3947} INFO - Setting next_dagrun for restaurant_pipeline to 2026-09-19 00:00:00+00:00, run_after=2026-09-20 00:00:00+00:00
[2026-09-19T21:10:27.226+0000] {processor.py:183} INFO - Processing /opt/airflow/dags/restaurant_pipeline_dag.py took 0.143 seconds
[2026-09-19T21:10:57.461+0000] {processor.py:161} INFO - Started process (PID=311) to work on /opt/airflow/dags/restaurant_pipeline_dag.py
[2026-09-19T21:10:57.462+0000] {processor.py:830} INFO - Processing file /opt/airflow/dags/restaurant_pipeline_dag.py for tasks to queue
[2026-09-19T21:10:57.464+0000] {logging_mixin.py:188} INFO - [2026-09-19T21:10:57.464+0000] {dagbag.py:545} INFO - Filling up the DagBag from /opt/airflow/dags/restaurant_pipeline_dag.py
[2026-09-19T21:10:57.481+0000] {processor.py:840} INFO - DAG(s) 'restaurant_pipeline' retrieved from /opt/airflow/dags/restaurant_pipeline_dag.py
[2026-09-19T21:10:57.533+0000] {logging_mixin.py:188} INFO - [2026-09-19T21:10:57.532+0000] {dag.py:3089} INFO - Sync 1 DAGs
[2026-09-19T21:10:57.565+0000] {logging_mixin.py:188} INFO - [2026-09-19T21:10:57.565+0000] {dag.py:3947} INFO - Setting next_dagrun for restaurant_pipeline to 2026-09-19 00:00:00+00:00, run_after=2026-09-20 00:00:00+00:00
[2026-09-19T21:10:57.590+0000] {processor.py:183} INFO - Processing /opt/airflow/dags/restaurant_pipeline_dag.py took 0.137 seconds
[2026-09-19T21:11:03.665+0000] {processor.py:161} INFO - Started process (PID=321) to work on /opt/airflow/dags/restaurant_pipeline_dag.py
[2026-09-19T21:11:03.666+0000] {processor.py:830} INFO - Processing file /opt/airflow/dags/restaurant_pipeline_dag.py for tasks to queue
[2026-09-19T21:11:03.668+0000] {logging_mixin.py:188} INFO - [2026-09-19T21:11:03.667+0000] {dagbag.py:545} INFO - Filling up the DagBag from /opt/airflow/dags/restaurant_pipeline_dag.py
[2026-09-19T21:11:03.681+0000] {processor.py:840} INFO - DAG(s) 'restaurant_pipeline' retrieved from /opt/airflow/dags/restaurant_pipeline_dag.py
[2026-09-19T21:11:03.724+0000] {logging_mixin.py:188} INFO - [2026-09-19T21:11:03.723+0000] {dag.py:3089} INFO - Sync 1 DAGs
[2026-09-19T21:11:03.753+0000] {logging_mixin.py:188} INFO - [2026-09-19T21:11:03.753+0000] {dag.py:3947} INFO - Setting next_dagrun for restaurant_pipeline to 2026-09-19 00:00:00+00:00, run_after=2026-09-20 00:00:00+00:00
[2026-09-19T21:11:03.780+0000] {processor.py:183} INFO - Processing /opt/airflow/dags/restaurant_pipeline_dag.py took 0.121 seconds
[2026-09-19T21:11:34.039+0000] {processor.py:161} INFO - Started process (PID=331) to work on /opt/airflow/dags/restaurant_pipeline_dag.py
[2026-09-19T21:11:34.040+0000] {processor.py:830} INFO - Processing file /opt/airflow/dags/restaurant_pipeline_dag.py for tasks to queue
[2026-09-19T21:11:34.041+0000] {logging_mixin.py:188} INFO - [2026-09-19T21:11:34.041+0000] {dagbag.py:545} INFO - Filling up the DagBag from /opt/airflow/dags/restaurant_pipeline_dag.py
[2026-09-19T21:11:34.056+0000] {processor.py:840} INFO - DAG(s) 'restaurant_pipeline' retrieved from /opt/airflow/dags/restaurant_pipeline_dag.py
[2026-09-19T21:11:34.101+0000] {logging_mixin.py:188} INFO - [2026-09-19T21:11:34.101+0000] {dag.py:3089} INFO - Sync 1 DAGs
[2026-09-19T21:11:34.132+0000] {logging_mixin.py:188} INFO - [2026-09-19T21:11:34.132+0000] {dag.py:3947} INFO - Setting next_dagrun for restaurant_pipeline to 2026-09-19 00:00:00+00:00, run_after=2026-09-20 00:00:00+00:00
[2026-09-19T21:11:34.170+0000] {processor.py:183} INFO - Processing /opt/airflow/dags/restaurant_pipeline_dag.py took 0.139 seconds
[2026-09-19T21:12:04.353+0000] {processor.py:161} INFO - Started process (PID=366) to work on /opt/airflow/dags/restaurant_pipeline_dag.py
[2026-09-19T21:12:04.354+0000] {processor.py:830} INFO - Processing file /opt/airflow/dags/restaurant_pipeline_dag.py for tasks to queue
[2026-09-19T21:12:04.355+0000] {logging_mixin.py:188} INFO - [2026-09-19T21:12:04.355+0000] {dagbag.py:545} INFO - Filling up the DagBag from /opt/airflow/dags/restaurant_pipeline_dag.py
[2026-09-19T21:12:04.369+0000] {processor.py:840} INFO - DAG(s) 'restaurant_pipeline' retrieved from /opt/airflow/dags/restaurant_pipeline_dag.py
[2026-09-19T21:12:04.421+0000] {logging_mixin.py:188} INFO - [2026-09-19T21:12:04.421+0000] {dag.py:3089} INFO - Sync 1 DAGs
[2026-09-19T21:12:04.454+0000] {logging_mixin.py:188} INFO - [2026-09-19T21:12:04.454+0000] {dag.py:3947} INFO - Setting next_dagrun for restaurant_pipeline to 2026-09-19 00:00:00+00:00, run_after=2026-09-20 00:00:00+00:00
[2026-09-19T21:12:04.482+0000] {processor.py:183} INFO - Processing /opt/airflow/dags/restaurant_pipeline_dag.py took 0.135 seconds
[2026-09-19T21:12:34.691+0000] {processor.py:161} INFO - Started process (PID=376) to work on /opt/airflow/dags/restaurant_pipeline_dag.py
[2026-09-19T21:12:34.693+0000] {processor.py:830} INFO - Processing file /opt/airflow/dags/restaurant_pipeline_dag.py for tasks to queue
[2026-09-19T21:12:34.694+0000] {logging_mixin.py:188} INFO - [2026-09-19T21:12:34.694+0000] {dagbag.py:545} INFO - Filling up the DagBag from /opt/airflow/dags/restaurant_pipeline_dag.py
[2026-09-19T21:12:34.708+0000] {processor.py:840} INFO - DAG(s) 'restaurant_pipeline' retrieved from /opt/airflow/dags/restaurant_pipeline_dag.py
[2026-09-19T21:12:34.754+0000] {logging_mixin.py:188} INFO - [2026-09-19T21:12:34.753+0000] {dag.py:3089} INFO - Sync 1 DAGs
[2026-09-19T21:12:34.786+0000] {logging_mixin.py:188} INFO - [2026-09-19T21:12:34.786+0000] {dag.py:3947} INFO - Setting next_dagrun for restaurant_pipeline to 2026-09-19 00:00:00+00:00, run_after=2026-09-20 00:00:00+00:00
[2026-09-19T21:12:34.810+0000] {processor.py:183} INFO - Processing /opt/airflow/dags/restaurant_pipeline_dag.py took 0.126 seconds
[2026-09-19T21:13:04.982+0000] {processor.py:161} INFO - Started process (PID=386) to work on /opt/airflow/dags/restaurant_pipeline_dag.py
[2026-09-19T21:13:04.983+0000] {processor.py:830} INFO - Processing file /opt/airflow/dags/restaurant_pipeline_dag.py for tasks to queue
[2026-09-19T21:13:04.985+0000] {logging_mixin.py:188} INFO - [2026-09-19T21:13:04.985+0000] {dagbag.py:545} INFO - Filling up the DagBag from /opt/airflow/dags/restaurant_pipeline_dag.py
[2026-09-19T21:13:05.002+0000] {processor.py:840} INFO - DAG(s) 'restaurant_pipeline' retrieved from /opt/airflow/dags/restaurant_pipeline_dag.py
[2026-09-19T21:13:05.052+0000] {logging_mixin.py:188} INFO - [2026-09-19T21:13:05.052+0000] {dag.py:3089} INFO - Sync 1 DAGs
[2026-09-19T21:13:05.095+0000] {logging_mixin.py:188} INFO - [2026-09-19T21:13:05.095+0000] {dag.py:3947} INFO - Setting next_dagrun for restaurant_pipeline to 2026-09-19 00:00:00+00:00, run_after=2026-09-20 00:00:00+00:00
[2026-09-19T21:13:05.154+0000] {processor.py:183} INFO - Processing /opt/airflow/dags/restaurant_pipeline_dag.py took 0.179 seconds
[2026-09-19T21:13:35.357+0000] {processor.py:161} INFO - Started process (PID=396) to work on /opt/airflow/dags/restaurant_pipeline_dag.py
[2026-09-19T21:13:35.358+0000] {processor.py:830} INFO - Processing file /opt/airflow/dags/restaurant_pipeline_dag.py for tasks to queue
[2026-09-19T21:13:35.360+0000] {logging_mixin.py:188} INFO - [2026-09-19T21:13:35.360+0000] {dagbag.py:545} INFO - Filling up the DagBag from /opt/airflow/dags/restaurant_pipeline_dag.py
[2026-09-19T21:13:35.373+0000] {processor.py:840} INFO - DAG(s) 'restaurant_pipeline' retrieved from /opt/airflow/dags/restaurant_pipeline_dag.py
[2026-09-19T21:13:35.417+0000] {logging_mixin.py:188} INFO - [2026-09-19T21:13:35.416+0000] {dag.py:3089} INFO - Sync 1 DAGs
[2026-09-19T21:13:35.446+0000] {logging_mixin.py:188} INFO - [2026-09-19T21:13:35.445+0000] {dag.py:3947} INFO - Setting next_dagrun for restaurant_pipeline to 2026-09-19 00:00:00+00:00, run_after=2026-09-20 00:00:00+00:00
[2026-09-19T21:13:35.472+0000] {processor.py:183} INFO - Processing /opt/airflow/dags/restaurant_pipeline_dag.py took 0.121 seconds
[2026-09-19T21:14:05.696+0000] {processor.py:161} INFO - Started process (PID=406) to work on /opt/airflow/dags/restaurant_pipeline_dag.py
[2026-09-19T21:14:05.697+0000] {processor.py:830} INFO - Processing file /opt/airflow/dags/restaurant_pipeline_dag.py for tasks to queue
[2026-09-19T21:14:05.698+0000] {logging_mixin.py:188} INFO - [2026-09-19T21:14:05.698+0000] {dagbag.py:545} INFO - Filling up the DagBag from /opt/airflow/dags/restaurant_pipeline_dag.py
[2026-09-19T21:14:05.711+0000] {processor.py:840} INFO - DAG(s) 'restaurant_pipeline' retrieved from /opt/airflow/dags/restaurant_pipeline_dag.py
[2026-09-19T21:14:05.754+0000] {logging_mixin.py:188} INFO - [2026-09-19T21:14:05.753+0000] {dag.py:3089} INFO - Sync 1 DAGs
[2026-09-19T21:14:05.783+0000] {logging_mixin.py:188} INFO - [2026-09-19T21:14:05.783+0000] {dag.py:3947} INFO - Setting next_dagrun for restaurant_pipeline to 2026-09-19 00:00:00+00:00, run_after=2026-09-20 00:00:00+00:00
[2026-09-19T21:14:05.808+0000] {processor.py:183} INFO - Processing /opt/airflow/dags/restaurant_pipeline_dag.py took 0.119 seconds
[2026-09-19T21:14:36.077+0000] {processor.py:161} INFO - Started process (PID=416) to work on /opt/airflow/dags/restaurant_pipeline_dag.py
[2026-09-19T21:14:36.078+0000] {processor.py:830} INFO - Processing file /opt/airflow/dags/restaurant_pipeline_dag.py for tasks to queue
[2026-09-19T21:14:36.080+0000] {logging_mixin.py:188} INFO - [2026-09-19T21:14:36.080+0000] {dagbag.py:545} INFO - Filling up the DagBag from /opt/airflow/dags/restaurant_pipeline_dag.py
[2026-09-19T21:14:36.093+0000] {processor.py:840} INFO - DAG(s) 'restaurant_pipeline' retrieved from /opt/airflow/dags/restaurant_pipeline_dag.py
[2026-09-19T21:14:36.136+0000] {logging_mixin.py:188} INFO - [2026-09-19T21:14:36.136+0000] {dag.py:3089} INFO - Sync 1 DAGs
[2026-09-19T21:14:36.167+0000] {logging_mixin.py:188} INFO - [2026-09-19T21:14:36.166+0000] {dag.py:3947} INFO - Setting next_dagrun for restaurant_pipeline to 2026-09-19 00:00:00+00:00, run_after=2026-09-20 00:00:00+00:00
[2026-09-19T21:14:36.190+0000] {processor.py:183} INFO - Processing /opt/airflow/dags/restaurant_pipeline_dag.py took 0.119 seconds
[2026-09-19T21:15:06.435+0000] {processor.py:161} INFO - Started process (PID=426) to work on /opt/airflow/dags/restaurant_pipeline_dag.py
[2026-09-19T21:15:06.435+0000] {processor.py:830} INFO - Processing file /opt/airflow/dags/restaurant_pipeline_dag.py for tasks to queue
[2026-09-19T21:15:06.437+0000] {logging_mixin.py:188} INFO - [2026-09-19T21:15:06.437+0000] {dagbag.py:545} INFO - Filling up the DagBag from /opt/airflow/dags/restaurant_pipeline_dag.py
[2026-09-19T21:15:06.451+0000] {processor.py:840} INFO - DAG(s) 'restaurant_pipeline' retrieved from /opt/airflow/dags/restaurant_pipeline_dag.py
[2026-09-19T21:15:06.493+0000] {logging_mixin.py:188} INFO - [2026-09-19T21:15:06.493+0000] {dag.py:3089} INFO - Sync 1 DAGs
[2026-09-19T21:15:06.523+0000] {logging_mixin.py:188} INFO - [2026-09-19T21:15:06.523+0000] {dag.py:3947} INFO - Setting next_dagrun for restaurant_pipeline to 2026-09-19 00:00:00+00:00, run_after=2026-09-20 00:00:00+00:00
[2026-09-19T21:15:06.547+0000] {processor.py:183} INFO - Processing /opt/airflow/dags/restaurant_pipeline_dag.py took 0.119 seconds
[2026-09-19T21:15:36.796+0000] {processor.py:161} INFO - Started process (PID=436) to work on /opt/airflow/dags/restaurant_pipeline_dag.py
[2026-09-19T21:15:36.797+0000] {processor.py:830} INFO - Processing file /opt/airflow/dags/restaurant_pipeline_dag.py for tasks to queue
[2026-09-19T21:15:36.799+0000] {logging_mixin.py:188} INFO - [2026-09-19T21:15:36.799+0000] {dagbag.py:545} INFO - Filling up the DagBag from /opt/airflow/dags/restaurant_pipeline_dag.py
[2026-09-19T21:15:36.812+0000] {processor.py:840} INFO - DAG(s) 'restaurant_pipeline' retrieved from /opt/airflow/dags/restaurant_pipeline_dag.py
[2026-09-19T21:15:36.855+0000] {logging_mixin.py:188} INFO - [2026-09-19T21:15:36.855+0000] {dag.py:3089} INFO - Sync 1 DAGs
[2026-09-19T21:15:36.884+0000] {logging_mixin.py:188} INFO - [2026-09-19T21:15:36.884+0000] {dag.py:3947} INFO - Setting next_dagrun for restaurant_pipeline to 2026-09-19 00:00:00+00:00, run_after=2026-09-20 00:00:00+00:00
[2026-09-19T21:15:36.909+0000] {processor.py:183} INFO - Processing /opt/airflow/dags/restaurant_pipeline_dag.py took 0.119 seconds
[2026-09-19T21:16:07.141+0000] {processor.py:161} INFO - Started process (PID=446) to work on /opt/airflow/dags/restaurant_pipeline_dag.py
[2026-09-19T21:16:07.142+0000] {processor.py:830} INFO - Processing file /opt/airflow/dags/restaurant_pipeline_dag.py for tasks to queue
[2026-09-19T21:16:07.144+0000] {logging_mixin.py:188} INFO - [2026-09-19T21:16:07.144+0000] {dagbag.py:545} INFO - Filling up the DagBag from /opt/airflow/dags/restaurant_pipeline_dag.py
[2026-09-19T21:16:07.157+0000] {processor.py:840} INFO - DAG(s) 'restaurant_pipeline' retrieved from /opt/airflow/dags/restaurant_pipeline_dag.py
[2026-09-19T21:16:07.199+0000] {logging_mixin.py:188} INFO - [2026-09-19T21:16:07.198+0000] {dag.py:3089} INFO - Sync 1 DAGs
[2026-09-19T21:16:07.227+0000] {logging_mixin.py:188} INFO - [2026-09-19T21:16:07.227+0000] {dag.py:3947} INFO - Setting next_dagrun for restaurant_pipeline to 2026-09-19 00:00:00+00:00, run_after=2026-09-20 00:00:00+00:00
[2026-09-19T21:16:07.251+0000] {processor.py:183} INFO - Processing /opt/airflow/dags/restaurant_pipeline_dag.py took 0.116 seconds
[2026-09-19T21:16:37.516+0000] {processor.py:161} INFO - Started process (PID=456) to work on /opt/airflow/dags/restaurant_pipeline_dag.py
[2026-09-19T21:16:37.517+0000] {processor.py:830} INFO - Processing file /opt/airflow/dags/restaurant_pipeline_dag.py for tasks to queue
[2026-09-19T21:16:37.519+0000] {logging_mixin.py:188} INFO - [2026-09-19T21:16:37.518+0000] {dagbag.py:545} INFO - Filling up the DagBag from /opt/airflow/dags/restaurant_pipeline_dag.py
[2026-09-19T21:16:37.532+0000] {processor.py:840} INFO - DAG(s) 'restaurant_pipeline' retrieved from /opt/airflow/dags/restaurant_pipeline_dag.py
[2026-09-19T21:16:37.574+0000] {logging_mixin.py:188} INFO - [2026-09-19T21:16:37.573+0000] {dag.py:3089} INFO - Sync 1 DAGs
[2026-09-19T21:16:37.607+0000] {logging_mixin.py:188} INFO - [2026-09-19T21:16:37.607+0000] {dag.py:3947} INFO - Setting next_dagrun for restaurant_pipeline to 2026-09-19 00:00:00+00:00, run_after=2026-09-20 00:00:00+00:00
[2026-09-19T21:16:37.632+0000] {processor.py:183} INFO - Processing /opt/airflow/dags/restaurant_pipeline_dag.py took 0.123 seconds
[2026-09-19T21:17:07.882+0000] {processor.py:161} INFO - Started process (PID=466) to work on /opt/airflow/dags/restaurant_pipeline_dag.py
[2026-09-19T21:17:07.882+0000] {processor.py:830} INFO - Processing file /opt/airflow/dags/restaurant_pipeline_dag.py for tasks to queue
[2026-09-19T21:17:07.884+0000] {logging_mixin.py:188} INFO - [2026-09-19T21:17:07.884+0000] {dagbag.py:545} INFO - Filling up the DagBag from /opt/airflow/dags/restaurant_pipeline_dag.py
[2026-09-19T21:17:07.897+0000] {processor.py:840} INFO - DAG(s) 'restaurant_pipeline' retrieved from /opt/airflow/dags/restaurant_pipeline_dag.py
[2026-09-19T21:17:07.942+0000] {logging_mixin.py:188} INFO - [2026-09-19T21:17:07.942+0000] {dag.py:3089} INFO - Sync 1 DAGs
[2026-09-19T21:17:07.975+0000] {logging_mixin.py:188} INFO - [2026-09-19T21:17:07.975+0000] {dag.py:3947} INFO - Setting next_dagrun for restaurant_pipeline to 2026-09-19 00:00:00+00:00, run_after=2026-09-20 00:00:00+00:00
[2026-09-19T21:17:08.000+0000] {processor.py:183} INFO - Processing /opt/airflow/dags/restaurant_pipeline_dag.py took 0.125 seconds
[2026-09-19T21:17:38.231+0000] {processor.py:161} INFO - Started process (PID=476) to work on /opt/airflow/dags/restaurant_pipeline_dag.py
[2026-09-19T21:17:38.233+0000] {processor.py:830} INFO - Processing file /opt/airflow/dags/restaurant_pipeline_dag.py for tasks to queue
[2026-09-19T21:17:38.234+0000] {logging_mixin.py:188} INFO - [2026-09-19T21:17:38.234+0000] {dagbag.py:545} INFO - Filling up the DagBag from /opt/airflow/dags/restaurant_pipeline_dag.py
[2026-09-19T21:17:38.248+0000] {processor.py:840} INFO - DAG(s) 'restaurant_pipeline' retrieved from /opt/airflow/dags/restaurant_pipeline_dag.py
[2026-09-19T21:17:38.290+0000] {logging_mixin.py:188} INFO - [2026-09-19T21:17:38.289+0000] {dag.py:3089} INFO - Sync 1 DAGs
[2026-09-19T21:17:38.324+0000] {logging_mixin.py:188} INFO - [2026-09-19T21:17:38.324+0000] {dag.py:3947} INFO - Setting next_dagrun for restaurant_pipeline to 2026-09-19 00:00:00+00:00, run_after=2026-09-20 00:00:00+00:00
[2026-09-19T21:17:38.349+0000] {processor.py:183} INFO - Processing /opt/airflow/dags/restaurant_pipeline_dag.py took 0.124 seconds
[2026-09-19T21:18:08.575+0000] {processor.py:161} INFO - Started process (PID=486) to work on /opt/airflow/dags/restaurant_pipeline_dag.py
[2026-09-19T21:18:08.576+0000] {processor.py:830} INFO - Processing file /opt/airflow/dags/restaurant_pipeline_dag.py for tasks to queue
[2026-09-19T21:18:08.577+0000] {logging_mixin.py:188} INFO - [2026-09-19T21:18:08.577+0000] {dagbag.py:545} INFO - Filling up the DagBag from /opt/airflow/dags/restaurant_pipeline_dag.py
[2026-09-19T21:18:08.590+0000] {processor.py:840} INFO - DAG(s) 'restaurant_pipeline' retrieved from /opt/airflow/dags/restaurant_pipeline_dag.py
[2026-09-19T21:18:08.633+0000] {logging_mixin.py:188} INFO - [2026-09-19T21:18:08.632+0000] {dag.py:3089} INFO - Sync 1 DAGs
[2026-09-19T21:18:08.661+0000] {logging_mixin.py:188} INFO - [2026-09-19T21:18:08.661+0000] {dag.py:3947} INFO - Setting next_dagrun for restaurant_pipeline to 2026-09-19 00:00:00+00:00, run_after=2026-09-20 00:00:00+00:00
[2026-09-19T21:18:08.685+0000] {processor.py:183} INFO - Processing /opt/airflow/dags/restaurant_pipeline_dag.py took 0.116 seconds
[2026-09-19T21:18:38.943+0000] {processor.py:161} INFO - Started process (PID=496) to work on /opt/airflow/dags/restaurant_pipeline_dag.py
[2026-09-19T21:18:38.944+0000] {processor.py:830} INFO - Processing file /opt/airflow/dags/restaurant_pipeline_dag.py for tasks to queue
[2026-09-19T21:18:38.946+0000] {logging_mixin.py:188} INFO - [2026-09-19T21:18:38.946+0000] {dagbag.py:545} INFO - Filling up the DagBag from /opt/airflow/dags/restaurant_pipeline_dag.py
[2026-09-19T21:18:38.959+0000] {processor.py:840} INFO - DAG(s) 'restaurant_pipeline' retrieved from /opt/airflow/dags/restaurant_pipeline_dag.py
[2026-09-19T21:18:39.002+0000] {logging_mixin.py:188} INFO - [2026-09-19T21:18:39.002+0000] {dag.py:3089} INFO - Sync 1 DAGs
[2026-09-19T21:18:39.033+0000] {logging_mixin.py:188} INFO - [2026-09-19T21:18:39.032+0000] {dag.py:3947} INFO - Setting next_dagrun for restaurant_pipeline to 2026-09-19 00:00:00+00:00, run_after=2026-09-20 00:00:00+00:00
[2026-09-19T21:18:39.060+0000] {processor.py:183} INFO - Processing /opt/airflow/dags/restaurant_pipeline_dag.py took 0.123 seconds
[2026-09-19T21:19:09.265+0000] {processor.py:161} INFO - Started process (PID=506) to work on /opt/airflow/dags/restaurant_pipeline_dag.py
[2026-09-19T21:19:09.266+0000] {processor.py:830} INFO - Processing file /opt/airflow/dags/restaurant_pipeline_dag.py for tasks to queue
[2026-09-19T21:19:09.268+0000] {logging_mixin.py:188} INFO - [2026-09-19T21:19:09.267+0000] {dagbag.py:545} INFO - Filling up the DagBag from /opt/airflow/dags/restaurant_pipeline_dag.py
[2026-09-19T21:19:09.283+0000] {processor.py:840} INFO - DAG(s) 'restaurant_pipeline' retrieved from /opt/airflow/dags/restaurant_pipeline_dag.py
[2026-09-19T21:19:09.339+0000] {logging_mixin.py:188} INFO - [2026-09-19T21:19:09.339+0000] {dag.py:3089} INFO - Sync 1 DAGs
[2026-09-19T21:19:09.375+0000] {logging_mixin.py:188} INFO - [2026-09-19T21:19:09.375+0000] {dag.py:3947} INFO - Setting next_dagrun for restaurant_pipeline to 2026-09-19 00:00:00+00:00, run_after=2026-09-20 00:00:00+00:00
[2026-09-19T21:19:09.405+0000] {processor.py:183} INFO - Processing /opt/airflow/dags/restaurant_pipeline_dag.py took 0.148 seconds
[2026-09-19T21:19:39.649+0000] {processor.py:161} INFO - Started process (PID=516) to work on /opt/airflow/dags/restaurant_pipeline_dag.py
[2026-09-19T21:19:39.650+0000] {processor.py:830} INFO - Processing file /opt/airflow/dags/restaurant_pipeline_dag.py for tasks to queue
[2026-09-19T21:19:39.652+0000] {logging_mixin.py:188} INFO - [2026-09-19T21:19:39.652+0000] {dagbag.py:545} INFO - Filling up the DagBag from /opt/airflow/dags/restaurant_pipeline_dag.py
[2026-09-19T21:19:39.666+0000] {processor.py:840} INFO - DAG(s) 'restaurant_pipeline' retrieved from /opt/airflow/dags/restaurant_pipeline_dag.py
[2026-09-19T21:19:39.713+0000] {logging_mixin.py:188} INFO - [2026-09-19T21:19:39.712+0000] {dag.py:3089} INFO - Sync 1 DAGs
[2026-09-19T21:19:39.751+0000] {logging_mixin.py:188} INFO - [2026-09-19T21:19:39.751+0000] {dag.py:3947} INFO - Setting next_dagrun for restaurant_pipeline to 2026-09-19 00:00:00+00:00, run_after=2026-09-20 00:00:00+00:00
[2026-09-19T21:19:39.786+0000] {processor.py:183} INFO - Processing /opt/airflow/dags/restaurant_pipeline_dag.py took 0.144 seconds
[2026-09-19T21:20:10.007+0000] {processor.py:161} INFO - Started process (PID=526) to work on /opt/airflow/dags/restaurant_pipeline_dag.py
[2026-09-19T21:20:10.007+0000] {processor.py:830} INFO - Processing file /opt/airflow/dags/restaurant_pipeline_dag.py for tasks to queue
[2026-09-19T21:20:10.009+0000] {logging_mixin.py:188} INFO - [2026-09-19T21:20:10.009+0000] {dagbag.py:545} INFO - Filling up the DagBag from /opt/airflow/dags/restaurant_pipeline_dag.py
[2026-09-19T21:20:10.023+0000] {processor.py:840} INFO - DAG(s) 'restaurant_pipeline' retrieved from /opt/airflow/dags/restaurant_pipeline_dag.py
[2026-09-19T21:20:10.067+0000] {logging_mixin.py:188} INFO - [2026-09-19T21:20:10.067+0000] {dag.py:3089} INFO - Sync 1 DAGs
[2026-09-19T21:20:10.098+0000] {logging_mixin.py:188} INFO - [2026-09-19T21:20:10.097+0000] {dag.py:3947} INFO - Setting next_dagrun for restaurant_pipeline to 2026-09-19 00:00:00+00:00, run_after=2026-09-20 00:00:00+00:00
[2026-09-19T21:20:10.126+0000] {processor.py:183} INFO - Processing /opt/airflow/dags/restaurant_pipeline_dag.py took 0.126 seconds
